{
    "ConfigVersion": 22,
    "ID": 2,
    "ObjectiveType": 7,
    "ObjectiveText": "Kill all 4 units of the militia patrol in the swamp",
    "TimeLimit": -1,
    "AIPatrol": {
        "NPCUnits": 4,
        "Waypoints": [
            [
                3859.580078125,
                11.462499618530274,
                8082.1201171875
            ],
            [
                3971.27001953125,
                11.449999809265137,
                8232.650390625
            ],
            [
                4220.990234375,
                11.449999809265137,
                8425.0302734375
            ]
        ],
        "NPCSpeed": "WALK",
        "NPCMode": "ALTERNATE",
        "NPCFaction": "West",
        "NPCFormation": "RANDOM",
        "NPCLoadoutFile": "GorkaLoadout",
        "NPCAccuracyMin": 0.4000000059604645,
        "NPCAccuracyMax": 0.75,
        "ClassNames": [
            "eAIBase"
        ],
        "SpecialWeapon": 0,
        "AllowedWeapons": []
    },
    "MinDistRadius": 50.0,
    "MaxDistRadius": 350.0,
    "DespawnRadius": 750.0,
    "CanLootAI": 1
}