{
    "ConfigVersion": 22,
    "ID": 3,
    "ObjectiveType": 7,
    "ObjectiveText": "Watch for the patrol, and be quiet, infected are near.",
    "TimeLimit": -1,
    "AIPatrol": {
        "NPCUnits": 3,
        "Waypoints": [
            [
                4487.35986328125,
                33.354801177978519,
                7559.72021484375
            ],
            [
                4548.06005859375,
                28.333900451660158,
                7561.35986328125
            ],
            [
                4591.68994140625,
                22.41010093688965,
                7580.06005859375
            ]
        ],
        "NPCSpeed": "WALK",
        "NPCMode": "ALTERNATE",
        "NPCFaction": "West",
        "NPCFormation": "RANDOM",
        "NPCLoadoutFile": "GorkaLoadout",
        "NPCAccuracyMin": 0.5,
        "NPCAccuracyMax": 0.800000011920929,
        "ClassNames": [
            "eAIBase"
        ],
        "SpecialWeapon": 0,
        "AllowedWeapons": []
    },
    "MinDistRadius": 5.0,
    "MaxDistRadius": 375.0,
    "DespawnRadius": 800.0,
    "CanLootAI": 1
}