{
    "ConfigVersion": 22,
    "ID": 1,
    "ObjectiveType": 7,
    "ObjectiveText": "Kill all 4 units of the bandit patrol in the valley near the marked location",
    "TimeLimit": -1,
    "AIPatrol": {
        "NPCUnits": 4,
        "Waypoints": [
            [
                5813.330078125,
                148.5449981689453,
                6032.02978515625
            ],
            [
                5871.64013671875,
                128.59800720214845,
                5643.5400390625
            ],
            [
                6088.02001953125,
                170.27000427246095,
                5743.31982421875
            ]
        ],
        "NPCSpeed": "WALK",
        "NPCMode": "ALTERNATE",
        "NPCFaction": "West",
        "NPCFormation": "RANDOM",
        "NPCLoadoutFile": "BanditLoadout",
        "NPCAccuracyMin": 0.4000000059604645,
        "NPCAccuracyMax": 0.75,
        "ClassNames": [
            "eAIBase"
        ],
        "SpecialWeapon": 0,
        "AllowedWeapons": []
    },
    "MinDistRadius": 50.0,
    "MaxDistRadius": 350.0,
    "DespawnRadius": 750.0,
    "CanLootAI": 1
}