{
    "ConfigVersion": 22,
    "ID": 5,
    "ObjectiveType": 8,
    "ObjectiveText": "Kill the mercenaries",
    "TimeLimit": -1,
    "AICamp": {
        "Positions": [
            [
                4886.75,
                24.06399917602539,
                7049.8798828125
            ],
            [
                4838.1298828125,
                20.478200912475587,
                7049.2998046875
            ],
            [
                4909.97021484375,
                20.67009925842285,
                7099.02978515625
            ],
            [
                4770.919921875,
                20.488399505615236,
                7200.0
            ],
            [
                4790.93994140625,
                46.39189910888672,
                7083.169921875
            ],
            [
                4766.85986328125,
                20.49139976501465,
                7188.64013671875
            ],
            [
                4819.64013671875,
                20.70170021057129,
                7093.27978515625
            ],
            [
                4764.06005859375,
                46.334999084472659,
                7138.81005859375
            ],
            [
                4896.47998046875,
                20.67009925842285,
                7132.39013671875
            ]
        ],
        "NPCSpeed": "RUN",
        "NPCMode": "HALT",
        "NPCFaction": "West",
        "NPCLoadoutFile": "GorkaLoadout",
        "NPCAccuracyMin": 0.4000000059604645,
        "NPCAccuracyMax": 0.75,
        "ClassNames": [
            "eAIBase"
        ],
        "SpecialWeapon": 0,
        "AllowedWeapons": []
    },
    "MinDistRadius": 5.0,
    "MaxDistRadius": 350.0,
    "DespawnRadius": 880.0,
    "CanLootAI": 1,
    "InfectedDeletionRadius": 250
}