{
    "ConfigVersion": 22,
    "ID": 1,
    "ObjectiveType": 8,
    "ObjectiveText": "Kill all 6 bandits at Ashville",
    "TimeLimit": -1,
    "AICamp": {
        "Positions": [
            [
                7304.0,
                45.70240020751953,
                2587.43994140625
            ],
            [
                7329.22998046875,
                45.9213981628418,
                2585.449951171875
            ],
            [
                7345.0,
                51.470001220703128,
                2598.7099609375
            ],
            [
                7271.85009765625,
                42.16360092163086,
                2597.840087890625
            ],
            [
                7338.60986328125,
                45.8025016784668,
                2541.169921875
            ],
            [
                7300.81982421875,
                44.85919952392578,
                2521.760009765625
            ]
        ],
        "NPCSpeed": "RUN",
        "NPCMode": "HALT",
        "NPCFaction": "West",
        "NPCLoadoutFile": "BanditLoadout",
        "NPCAccuracyMin": 0.4000000059604645,
        "NPCAccuracyMax": 0.75,
        "ClassNames": [
            "eAIBase"
        ],
        "SpecialWeapon": 0,
        "AllowedWeapons": []
    },
    "MinDistRadius": 5.0,
    "MaxDistRadius": 275.0,
    "DespawnRadius": 880.0,
    "CanLootAI": 1,
    "InfectedDeletionRadius": 250
}