{
    "ConfigVersion": 22,
    "ID": 4,
    "ObjectiveType": 8,
    "ObjectiveText": "Kill the 5 bandits",
    "TimeLimit": -1,
    "AICamp": {
        "Positions": [
            [
                7279.56005859375,
                6.662499904632568,
                8613.7998046875
            ],
            [
                7299.9501953125,
                6.662499904632568,
                8544.4501953125
            ],
            [
                7317.2099609375,
                6.940470218658447,
                8523.9501953125
            ],
            [
                7318.77001953125,
                7.265769958496094,
                8478.9697265625
            ],
            [
                7364.2900390625,
                6.662499904632568,
                8459.2197265625
            ]
        ],
        "NPCSpeed": "RUN",
        "NPCMode": "HALT",
        "NPCFaction": "West",
        "NPCLoadoutFile": "SurvivorLoadout",
        "NPCAccuracyMin": 0.4000000059604645,
        "NPCAccuracyMax": 0.75,
        "ClassNames": [
            "eAIBase"
        ],
        "SpecialWeapon": 0,
        "AllowedWeapons": []
    },
    "MinDistRadius": 5.0,
    "MaxDistRadius": 275.0,
    "DespawnRadius": 880.0,
    "CanLootAI": 1,
    "InfectedDeletionRadius": 250
}