{
    "useSmokey": 1,
    "smokeyStartHour": 22,
    "smokeyEndHour": 3,
    "smokeySpawnChance": 10,
    "smokeyLivetime": 300000.0,
    "smokeyCooldown": 36000000.0,
    "attackRange": 150.0,
    "smokeyTeleportPlayerChance": 10,
    "smokeyPlayerTeleportlocations": [
        [
            16037.900390625,
            2.0,
            812.7620239257813
        ],
        [
            16038.2998046875,
            2.0,
            810.0900268554688
        ],
        [
            15133.7001953125,
            4.380000114440918,
            3860.080078125
        ],
        [
            11117.900390625,
            1.9800000190734864,
            1382.6700439453126
        ],
        [
            9235.73046875,
            1.7699999809265137,
            881.9920043945313
        ],
        [
            3205.43994140625,
            1.5499999523162842,
            1411.3900146484376
        ],
        [
            1896.050048828125,
            2.0,
            6839.8701171875
        ],
        [
            1317.030029296875,
            2.109999895095825,
            9819.150390625
        ],
        [
            3488.830078125,
            6.550000190734863,
            15899.5
        ],
        [
            3342.52001953125,
            3.450000047683716,
            14357.7998046875
        ],
        [
            3709.889892578125,
            1.649999976158142,
            13329.400390625
        ],
        [
            3104.820068359375,
            1.6799999475479127,
            12024.7001953125
        ],
        [
            1146.0899658203126,
            3.9000000953674318,
            10621.900390625
        ],
        [
            9551.91015625,
            3.4600000381469728,
            12984.7001953125
        ],
        [
            13895.599609375,
            3.2699999809265138,
            7545.27001953125
        ],
        [
            14567.7001953125,
            2.5199999809265138,
            6362.39013671875
        ],
        [
            15912.400390625,
            3.950000047683716,
            4645.419921875
        ],
        [
            15758.2001953125,
            46.470001220703128,
            4913.5498046875
        ],
        [
            665.7979736328125,
            35.849998474121097,
            844.3099975585938
        ],
        [
            143.96800231933595,
            35.16999816894531,
            636.5139770507813
        ],
        [
            672.6119995117188,
            15.640000343322754,
            402.114990234375
        ],
        [
            14388.5,
            191.82000732421876,
            15422.2998046875
        ],
        [
            12728.2001953125,
            2.200000047683716,
            8941.1201171875
        ],
        [
            10529.900390625,
            1.3200000524520875,
            2533.550048828125
        ]
    ]
}