filename,className,parent-element,slotName
/mnt/c/Program Files (x86)/Steam/steamapps/common/DayZServerDITrader/config/ExpansionMod/Loadouts/BanditLoadout.json,,,none
/mnt/c/Program Files (x86)/Steam/steamapps/common/DayZServerDITrader/config/ExpansionMod/Loadouts/BanditLoadout.json,GorkaEJacket_Autumn,Items[0],Body
/mnt/c/Program Files (x86)/Steam/steamapps/common/DayZServerDITrader/config/ExpansionMod/Loadouts/BanditLoadout.json,Ammo_12gaPellets,InventoryCargo[0],Body
/mnt/c/Program Files (x86)/Steam/steamapps/common/DayZServerDITrader/config/ExpansionMod/Loadouts/BanditLoadout.json,Ammo_12gaSlug,InventoryCargo[1],Body
/mnt/c/Program Files (x86)/Steam/steamapps/common/DayZServerDITrader/config/ExpansionMod/Loadouts/BanditLoadout.json,Ammo_308Win,InventoryCargo[2],Body
/mnt/c/Program Files (x86)/Steam/steamapps/common/DayZServerDITrader/config/ExpansionMod/Loadouts/BanditLoadout.json,Ammo_545x39,InventoryCargo[3],Body
/mnt/c/Program Files (x86)/Steam/steamapps/common/DayZServerDITrader/config/ExpansionMod/Loadouts/BanditLoadout.json,Ammo_762x39,InventoryCargo[4],Body
/mnt/c/Program Files (x86)/Steam/steamapps/common/DayZServerDITrader/config/ExpansionMod/Loadouts/BanditLoadout.json,Ammo_762x54,InventoryCargo[5],Body
/mnt/c/Program Files (x86)/Steam/steamapps/common/DayZServerDITrader/config/ExpansionMod/Loadouts/BanditLoadout.json,Ammo_9x19,InventoryCargo[6],Body
/mnt/c/Program Files (x86)/Steam/steamapps/common/DayZServerDITrader/config/ExpansionMod/Loadouts/BanditLoadout.json,Ammo_45ACP,InventoryCargo[7],Body
/mnt/c/Program Files (x86)/Steam/steamapps/common/DayZServerDITrader/config/ExpansionMod/Loadouts/BanditLoadout.json,GorkaEJacket_Flat,Items[1],Body
/mnt/c/Program Files (x86)/Steam/steamapps/common/DayZServerDITrader/config/ExpansionMod/Loadouts/BanditLoadout.json,Ammo_12gaPellets,InventoryCargo[0],Body
/mnt/c/Program Files (x86)/Steam/steamapps/common/DayZServerDITrader/config/ExpansionMod/Loadouts/BanditLoadout.json,Ammo_12gaSlug,InventoryCargo[1],Body
/mnt/c/Program Files (x86)/Steam/steamapps/common/DayZServerDITrader/config/ExpansionMod/Loadouts/BanditLoadout.json,Ammo_308Win,InventoryCargo[2],Body
/mnt/c/Program Files (x86)/Steam/steamapps/common/DayZServerDITrader/config/ExpansionMod/Loadouts/BanditLoadout.json,Ammo_545x39,InventoryCargo[3],Body
/mnt/c/Program Files (x86)/Steam/steamapps/common/DayZServerDITrader/config/ExpansionMod/Loadouts/BanditLoadout.json,Ammo_762x39,InventoryCargo[4],Body
/mnt/c/Program Files (x86)/Steam/steamapps/common/DayZServerDITrader/config/ExpansionMod/Loadouts/BanditLoadout.json,Ammo_762x54,InventoryCargo[5],Body
/mnt/c/Program Files (x86)/Steam/steamapps/common/DayZServerDITrader/config/ExpansionMod/Loadouts/BanditLoadout.json,Ammo_9x19,InventoryCargo[6],Body
/mnt/c/Program Files (x86)/Steam/steamapps/common/DayZServerDITrader/config/ExpansionMod/Loadouts/BanditLoadout.json,Ammo_45ACP,InventoryCargo[7],Body
/mnt/c/Program Files (x86)/Steam/steamapps/common/DayZServerDITrader/config/ExpansionMod/Loadouts/BanditLoadout.json,GorkaEJacket_PautRev,Items[2],Body
/mnt/c/Program Files (x86)/Steam/steamapps/common/DayZServerDITrader/config/ExpansionMod/Loadouts/BanditLoadout.json,Ammo_12gaPellets,InventoryCargo[0],Body
/mnt/c/Program Files (x86)/Steam/steamapps/common/DayZServerDITrader/config/ExpansionMod/Loadouts/BanditLoadout.json,Ammo_12gaSlug,InventoryCargo[1],Body
/mnt/c/Program Files (x86)/Steam/steamapps/common/DayZServerDITrader/config/ExpansionMod/Loadouts/BanditLoadout.json,Ammo_308Win,InventoryCargo[2],Body
/mnt/c/Program Files (x86)/Steam/steamapps/common/DayZServerDITrader/config/ExpansionMod/Loadouts/BanditLoadout.json,Ammo_545x39,InventoryCargo[3],Body
/mnt/c/Program Files (x86)/Steam/steamapps/common/DayZServerDITrader/config/ExpansionMod/Loadouts/BanditLoadout.json,Ammo_762x39,InventoryCargo[4],Body
/mnt/c/Program Files (x86)/Steam/steamapps/common/DayZServerDITrader/config/ExpansionMod/Loadouts/BanditLoadout.json,Ammo_762x54,InventoryCargo[5],Body
/mnt/c/Program Files (x86)/Steam/steamapps/common/DayZServerDITrader/config/ExpansionMod/Loadouts/BanditLoadout.json,Ammo_9x19,InventoryCargo[6],Body
/mnt/c/Program Files (x86)/Steam/steamapps/common/DayZServerDITrader/config/ExpansionMod/Loadouts/BanditLoadout.json,Ammo_45ACP,InventoryCargo[7],Body
/mnt/c/Program Files (x86)/Steam/steamapps/common/DayZServerDITrader/config/ExpansionMod/Loadouts/BanditLoadout.json,GorkaEJacket_Summer,Items[3],Body
/mnt/c/Program Files (x86)/Steam/steamapps/common/DayZServerDITrader/config/ExpansionMod/Loadouts/BanditLoadout.json,Ammo_12gaPellets,InventoryCargo[0],Body
/mnt/c/Program Files (x86)/Steam/steamapps/common/DayZServerDITrader/config/ExpansionMod/Loadouts/BanditLoadout.json,Ammo_12gaSlug,InventoryCargo[1],Body
/mnt/c/Program Files (x86)/Steam/steamapps/common/DayZServerDITrader/config/ExpansionMod/Loadouts/BanditLoadout.json,Ammo_308Win,InventoryCargo[2],Body
/mnt/c/Program Files (x86)/Steam/steamapps/common/DayZServerDITrader/config/ExpansionMod/Loadouts/BanditLoadout.json,Ammo_545x39,InventoryCargo[3],Body
/mnt/c/Program Files (x86)/Steam/steamapps/common/DayZServerDITrader/config/ExpansionMod/Loadouts/BanditLoadout.json,Ammo_762x39,InventoryCargo[4],Body
/mnt/c/Program Files (x86)/Steam/steamapps/common/DayZServerDITrader/config/ExpansionMod/Loadouts/BanditLoadout.json,Ammo_762x54,InventoryCargo[5],Body
/mnt/c/Program Files (x86)/Steam/steamapps/common/DayZServerDITrader/config/ExpansionMod/Loadouts/BanditLoadout.json,Ammo_9x19,InventoryCargo[6],Body
/mnt/c/Program Files (x86)/Steam/steamapps/common/DayZServerDITrader/config/ExpansionMod/Loadouts/BanditLoadout.json,Ammo_45ACP,InventoryCargo[7],Body
/mnt/c/Program Files (x86)/Steam/steamapps/common/DayZServerDITrader/config/ExpansionMod/Loadouts/BanditLoadout.json,TTsKOJacket_Camo,Items[4],Body
/mnt/c/Program Files (x86)/Steam/steamapps/common/DayZServerDITrader/config/ExpansionMod/Loadouts/BanditLoadout.json,Ammo_12gaPellets,InventoryCargo[0],Body
/mnt/c/Program Files (x86)/Steam/steamapps/common/DayZServerDITrader/config/ExpansionMod/Loadouts/BanditLoadout.json,Ammo_12gaSlug,InventoryCargo[1],Body
/mnt/c/Program Files (x86)/Steam/steamapps/common/DayZServerDITrader/config/ExpansionMod/Loadouts/BanditLoadout.json,Ammo_308Win,InventoryCargo[2],Body
/mnt/c/Program Files (x86)/Steam/steamapps/common/DayZServerDITrader/config/ExpansionMod/Loadouts/BanditLoadout.json,Ammo_545x39,InventoryCargo[3],Body
/mnt/c/Program Files (x86)/Steam/steamapps/common/DayZServerDITrader/config/ExpansionMod/Loadouts/BanditLoadout.json,Ammo_762x39,InventoryCargo[4],Body
/mnt/c/Program Files (x86)/Steam/steamapps/common/DayZServerDITrader/config/ExpansionMod/Loadouts/BanditLoadout.json,Ammo_762x54,InventoryCargo[5],Body
/mnt/c/Program Files (x86)/Steam/steamapps/common/DayZServerDITrader/config/ExpansionMod/Loadouts/BanditLoadout.json,Ammo_9x19,InventoryCargo[6],Body
/mnt/c/Program Files (x86)/Steam/steamapps/common/DayZServerDITrader/config/ExpansionMod/Loadouts/BanditLoadout.json,Ammo_45ACP,InventoryCargo[7],Body
/mnt/c/Program Files (x86)/Steam/steamapps/common/DayZServerDITrader/config/ExpansionMod/Loadouts/BanditLoadout.json,Hoodie_Black,Items[5],Body
/mnt/c/Program Files (x86)/Steam/steamapps/common/DayZServerDITrader/config/ExpansionMod/Loadouts/BanditLoadout.json,Ammo_12gaPellets,InventoryCargo[0],Body
/mnt/c/Program Files (x86)/Steam/steamapps/common/DayZServerDITrader/config/ExpansionMod/Loadouts/BanditLoadout.json,Ammo_12gaSlug,InventoryCargo[1],Body
/mnt/c/Program Files (x86)/Steam/steamapps/common/DayZServerDITrader/config/ExpansionMod/Loadouts/BanditLoadout.json,Ammo_308Win,InventoryCargo[2],Body
/mnt/c/Program Files (x86)/Steam/steamapps/common/DayZServerDITrader/config/ExpansionMod/Loadouts/BanditLoadout.json,Ammo_545x39,InventoryCargo[3],Body
/mnt/c/Program Files (x86)/Steam/steamapps/common/DayZServerDITrader/config/ExpansionMod/Loadouts/BanditLoadout.json,Ammo_762x39,InventoryCargo[4],Body
/mnt/c/Program Files (x86)/Steam/steamapps/common/DayZServerDITrader/config/ExpansionMod/Loadouts/BanditLoadout.json,Ammo_762x54,InventoryCargo[5],Body
/mnt/c/Program Files (x86)/Steam/steamapps/common/DayZServerDITrader/config/ExpansionMod/Loadouts/BanditLoadout.json,Ammo_9x19,InventoryCargo[6],Body
/mnt/c/Program Files (x86)/Steam/steamapps/common/DayZServerDITrader/config/ExpansionMod/Loadouts/BanditLoadout.json,Ammo_45ACP,InventoryCargo[7],Body
/mnt/c/Program Files (x86)/Steam/steamapps/common/DayZServerDITrader/config/ExpansionMod/Loadouts/BanditLoadout.json,Hoodie_Blue,Items[6],Body
/mnt/c/Program Files (x86)/Steam/steamapps/common/DayZServerDITrader/config/ExpansionMod/Loadouts/BanditLoadout.json,Ammo_12gaPellets,InventoryCargo[0],Body
/mnt/c/Program Files (x86)/Steam/steamapps/common/DayZServerDITrader/config/ExpansionMod/Loadouts/BanditLoadout.json,Ammo_12gaSlug,InventoryCargo[1],Body
/mnt/c/Program Files (x86)/Steam/steamapps/common/DayZServerDITrader/config/ExpansionMod/Loadouts/BanditLoadout.json,Ammo_308Win,InventoryCargo[2],Body
/mnt/c/Program Files (x86)/Steam/steamapps/common/DayZServerDITrader/config/ExpansionMod/Loadouts/BanditLoadout.json,Ammo_545x39,InventoryCargo[3],Body
/mnt/c/Program Files (x86)/Steam/steamapps/common/DayZServerDITrader/config/ExpansionMod/Loadouts/BanditLoadout.json,Ammo_762x39,InventoryCargo[4],Body
/mnt/c/Program Files (x86)/Steam/steamapps/common/DayZServerDITrader/config/ExpansionMod/Loadouts/BanditLoadout.json,Ammo_762x54,InventoryCargo[5],Body
/mnt/c/Program Files (x86)/Steam/steamapps/common/DayZServerDITrader/config/ExpansionMod/Loadouts/BanditLoadout.json,Ammo_9x19,InventoryCargo[6],Body
/mnt/c/Program Files (x86)/Steam/steamapps/common/DayZServerDITrader/config/ExpansionMod/Loadouts/BanditLoadout.json,Ammo_45ACP,InventoryCargo[7],Body
/mnt/c/Program Files (x86)/Steam/steamapps/common/DayZServerDITrader/config/ExpansionMod/Loadouts/BanditLoadout.json,Hoodie_Brown,Items[7],Body
/mnt/c/Program Files (x86)/Steam/steamapps/common/DayZServerDITrader/config/ExpansionMod/Loadouts/BanditLoadout.json,Ammo_12gaPellets,InventoryCargo[0],Body
/mnt/c/Program Files (x86)/Steam/steamapps/common/DayZServerDITrader/config/ExpansionMod/Loadouts/BanditLoadout.json,Ammo_12gaSlug,InventoryCargo[1],Body
/mnt/c/Program Files (x86)/Steam/steamapps/common/DayZServerDITrader/config/ExpansionMod/Loadouts/BanditLoadout.json,Ammo_308Win,InventoryCargo[2],Body
/mnt/c/Program Files (x86)/Steam/steamapps/common/DayZServerDITrader/config/ExpansionMod/Loadouts/BanditLoadout.json,Ammo_545x39,InventoryCargo[3],Body
/mnt/c/Program Files (x86)/Steam/steamapps/common/DayZServerDITrader/config/ExpansionMod/Loadouts/BanditLoadout.json,Ammo_762x39,InventoryCargo[4],Body
/mnt/c/Program Files (x86)/Steam/steamapps/common/DayZServerDITrader/config/ExpansionMod/Loadouts/BanditLoadout.json,Ammo_762x54,InventoryCargo[5],Body
/mnt/c/Program Files (x86)/Steam/steamapps/common/DayZServerDITrader/config/ExpansionMod/Loadouts/BanditLoadout.json,Ammo_9x19,InventoryCargo[6],Body
/mnt/c/Program Files (x86)/Steam/steamapps/common/DayZServerDITrader/config/ExpansionMod/Loadouts/BanditLoadout.json,Ammo_45ACP,InventoryCargo[7],Body
/mnt/c/Program Files (x86)/Steam/steamapps/common/DayZServerDITrader/config/ExpansionMod/Loadouts/BanditLoadout.json,Hoodie_Green,Items[8],Body
/mnt/c/Program Files (x86)/Steam/steamapps/common/DayZServerDITrader/config/ExpansionMod/Loadouts/BanditLoadout.json,Ammo_12gaPellets,InventoryCargo[0],Body
/mnt/c/Program Files (x86)/Steam/steamapps/common/DayZServerDITrader/config/ExpansionMod/Loadouts/BanditLoadout.json,Ammo_12gaSlug,InventoryCargo[1],Body
/mnt/c/Program Files (x86)/Steam/steamapps/common/DayZServerDITrader/config/ExpansionMod/Loadouts/BanditLoadout.json,Ammo_308Win,InventoryCargo[2],Body
/mnt/c/Program Files (x86)/Steam/steamapps/common/DayZServerDITrader/config/ExpansionMod/Loadouts/BanditLoadout.json,Ammo_545x39,InventoryCargo[3],Body
/mnt/c/Program Files (x86)/Steam/steamapps/common/DayZServerDITrader/config/ExpansionMod/Loadouts/BanditLoadout.json,Ammo_762x39,InventoryCargo[4],Body
/mnt/c/Program Files (x86)/Steam/steamapps/common/DayZServerDITrader/config/ExpansionMod/Loadouts/BanditLoadout.json,Ammo_762x54,InventoryCargo[5],Body
/mnt/c/Program Files (x86)/Steam/steamapps/common/DayZServerDITrader/config/ExpansionMod/Loadouts/BanditLoadout.json,Ammo_9x19,InventoryCargo[6],Body
/mnt/c/Program Files (x86)/Steam/steamapps/common/DayZServerDITrader/config/ExpansionMod/Loadouts/BanditLoadout.json,Ammo_45ACP,InventoryCargo[7],Body
/mnt/c/Program Files (x86)/Steam/steamapps/common/DayZServerDITrader/config/ExpansionMod/Loadouts/BanditLoadout.json,Hoodie_Grey,Items[9],Body
/mnt/c/Program Files (x86)/Steam/steamapps/common/DayZServerDITrader/config/ExpansionMod/Loadouts/BanditLoadout.json,Ammo_12gaPellets,InventoryCargo[0],Body
/mnt/c/Program Files (x86)/Steam/steamapps/common/DayZServerDITrader/config/ExpansionMod/Loadouts/BanditLoadout.json,Ammo_12gaSlug,InventoryCargo[1],Body
/mnt/c/Program Files (x86)/Steam/steamapps/common/DayZServerDITrader/config/ExpansionMod/Loadouts/BanditLoadout.json,Ammo_308Win,InventoryCargo[2],Body
/mnt/c/Program Files (x86)/Steam/steamapps/common/DayZServerDITrader/config/ExpansionMod/Loadouts/BanditLoadout.json,Ammo_545x39,InventoryCargo[3],Body
/mnt/c/Program Files (x86)/Steam/steamapps/common/DayZServerDITrader/config/ExpansionMod/Loadouts/BanditLoadout.json,Ammo_762x39,InventoryCargo[4],Body
/mnt/c/Program Files (x86)/Steam/steamapps/common/DayZServerDITrader/config/ExpansionMod/Loadouts/BanditLoadout.json,Ammo_762x54,InventoryCargo[5],Body
/mnt/c/Program Files (x86)/Steam/steamapps/common/DayZServerDITrader/config/ExpansionMod/Loadouts/BanditLoadout.json,Ammo_9x19,InventoryCargo[6],Body
/mnt/c/Program Files (x86)/Steam/steamapps/common/DayZServerDITrader/config/ExpansionMod/Loadouts/BanditLoadout.json,Ammo_45ACP,InventoryCargo[7],Body
/mnt/c/Program Files (x86)/Steam/steamapps/common/DayZServerDITrader/config/ExpansionMod/Loadouts/BanditLoadout.json,Hoodie_Red,Items[10],Body
/mnt/c/Program Files (x86)/Steam/steamapps/common/DayZServerDITrader/config/ExpansionMod/Loadouts/BanditLoadout.json,Ammo_12gaPellets,InventoryCargo[0],Body
/mnt/c/Program Files (x86)/Steam/steamapps/common/DayZServerDITrader/config/ExpansionMod/Loadouts/BanditLoadout.json,Ammo_12gaSlug,InventoryCargo[1],Body
/mnt/c/Program Files (x86)/Steam/steamapps/common/DayZServerDITrader/config/ExpansionMod/Loadouts/BanditLoadout.json,Ammo_308Win,InventoryCargo[2],Body
/mnt/c/Program Files (x86)/Steam/steamapps/common/DayZServerDITrader/config/ExpansionMod/Loadouts/BanditLoadout.json,Ammo_545x39,InventoryCargo[3],Body
/mnt/c/Program Files (x86)/Steam/steamapps/common/DayZServerDITrader/config/ExpansionMod/Loadouts/BanditLoadout.json,Ammo_762x39,InventoryCargo[4],Body
/mnt/c/Program Files (x86)/Steam/steamapps/common/DayZServerDITrader/config/ExpansionMod/Loadouts/BanditLoadout.json,Ammo_762x54,InventoryCargo[5],Body
/mnt/c/Program Files (x86)/Steam/steamapps/common/DayZServerDITrader/config/ExpansionMod/Loadouts/BanditLoadout.json,Ammo_9x19,InventoryCargo[6],Body
/mnt/c/Program Files (x86)/Steam/steamapps/common/DayZServerDITrader/config/ExpansionMod/Loadouts/BanditLoadout.json,Ammo_45ACP,InventoryCargo[7],Body
/mnt/c/Program Files (x86)/Steam/steamapps/common/DayZServerDITrader/config/ExpansionMod/Loadouts/BanditLoadout.json,BomberJacket_Black,Items[11],Body
/mnt/c/Program Files (x86)/Steam/steamapps/common/DayZServerDITrader/config/ExpansionMod/Loadouts/BanditLoadout.json,Ammo_12gaPellets,InventoryCargo[0],Body
/mnt/c/Program Files (x86)/Steam/steamapps/common/DayZServerDITrader/config/ExpansionMod/Loadouts/BanditLoadout.json,Ammo_12gaSlug,InventoryCargo[1],Body
/mnt/c/Program Files (x86)/Steam/steamapps/common/DayZServerDITrader/config/ExpansionMod/Loadouts/BanditLoadout.json,Ammo_308Win,InventoryCargo[2],Body
/mnt/c/Program Files (x86)/Steam/steamapps/common/DayZServerDITrader/config/ExpansionMod/Loadouts/BanditLoadout.json,Ammo_545x39,InventoryCargo[3],Body
/mnt/c/Program Files (x86)/Steam/steamapps/common/DayZServerDITrader/config/ExpansionMod/Loadouts/BanditLoadout.json,Ammo_762x39,InventoryCargo[4],Body
/mnt/c/Program Files (x86)/Steam/steamapps/common/DayZServerDITrader/config/ExpansionMod/Loadouts/BanditLoadout.json,Ammo_762x54,InventoryCargo[5],Body
/mnt/c/Program Files (x86)/Steam/steamapps/common/DayZServerDITrader/config/ExpansionMod/Loadouts/BanditLoadout.json,Ammo_9x19,InventoryCargo[6],Body
/mnt/c/Program Files (x86)/Steam/steamapps/common/DayZServerDITrader/config/ExpansionMod/Loadouts/BanditLoadout.json,Ammo_45ACP,InventoryCargo[7],Body
/mnt/c/Program Files (x86)/Steam/steamapps/common/DayZServerDITrader/config/ExpansionMod/Loadouts/BanditLoadout.json,BomberJacket_Blue,Items[12],Body
/mnt/c/Program Files (x86)/Steam/steamapps/common/DayZServerDITrader/config/ExpansionMod/Loadouts/BanditLoadout.json,Ammo_12gaPellets,InventoryCargo[0],Body
/mnt/c/Program Files (x86)/Steam/steamapps/common/DayZServerDITrader/config/ExpansionMod/Loadouts/BanditLoadout.json,Ammo_12gaSlug,InventoryCargo[1],Body
/mnt/c/Program Files (x86)/Steam/steamapps/common/DayZServerDITrader/config/ExpansionMod/Loadouts/BanditLoadout.json,Ammo_308Win,InventoryCargo[2],Body
/mnt/c/Program Files (x86)/Steam/steamapps/common/DayZServerDITrader/config/ExpansionMod/Loadouts/BanditLoadout.json,Ammo_545x39,InventoryCargo[3],Body
/mnt/c/Program Files (x86)/Steam/steamapps/common/DayZServerDITrader/config/ExpansionMod/Loadouts/BanditLoadout.json,Ammo_762x39,InventoryCargo[4],Body
/mnt/c/Program Files (x86)/Steam/steamapps/common/DayZServerDITrader/config/ExpansionMod/Loadouts/BanditLoadout.json,Ammo_762x54,InventoryCargo[5],Body
/mnt/c/Program Files (x86)/Steam/steamapps/common/DayZServerDITrader/config/ExpansionMod/Loadouts/BanditLoadout.json,Ammo_9x19,InventoryCargo[6],Body
/mnt/c/Program Files (x86)/Steam/steamapps/common/DayZServerDITrader/config/ExpansionMod/Loadouts/BanditLoadout.json,Ammo_45ACP,InventoryCargo[7],Body
/mnt/c/Program Files (x86)/Steam/steamapps/common/DayZServerDITrader/config/ExpansionMod/Loadouts/BanditLoadout.json,BomberJacket_Brown,Items[13],Body
/mnt/c/Program Files (x86)/Steam/steamapps/common/DayZServerDITrader/config/ExpansionMod/Loadouts/BanditLoadout.json,Ammo_12gaPellets,InventoryCargo[0],Body
/mnt/c/Program Files (x86)/Steam/steamapps/common/DayZServerDITrader/config/ExpansionMod/Loadouts/BanditLoadout.json,Ammo_12gaSlug,InventoryCargo[1],Body
/mnt/c/Program Files (x86)/Steam/steamapps/common/DayZServerDITrader/config/ExpansionMod/Loadouts/BanditLoadout.json,Ammo_308Win,InventoryCargo[2],Body
/mnt/c/Program Files (x86)/Steam/steamapps/common/DayZServerDITrader/config/ExpansionMod/Loadouts/BanditLoadout.json,Ammo_545x39,InventoryCargo[3],Body
/mnt/c/Program Files (x86)/Steam/steamapps/common/DayZServerDITrader/config/ExpansionMod/Loadouts/BanditLoadout.json,Ammo_762x39,InventoryCargo[4],Body
/mnt/c/Program Files (x86)/Steam/steamapps/common/DayZServerDITrader/config/ExpansionMod/Loadouts/BanditLoadout.json,Ammo_762x54,InventoryCargo[5],Body
/mnt/c/Program Files (x86)/Steam/steamapps/common/DayZServerDITrader/config/ExpansionMod/Loadouts/BanditLoadout.json,Ammo_9x19,InventoryCargo[6],Body
/mnt/c/Program Files (x86)/Steam/steamapps/common/DayZServerDITrader/config/ExpansionMod/Loadouts/BanditLoadout.json,Ammo_45ACP,InventoryCargo[7],Body
/mnt/c/Program Files (x86)/Steam/steamapps/common/DayZServerDITrader/config/ExpansionMod/Loadouts/BanditLoadout.json,BomberJacket_Grey,Items[14],Body
/mnt/c/Program Files (x86)/Steam/steamapps/common/DayZServerDITrader/config/ExpansionMod/Loadouts/BanditLoadout.json,Ammo_12gaPellets,InventoryCargo[0],Body
/mnt/c/Program Files (x86)/Steam/steamapps/common/DayZServerDITrader/config/ExpansionMod/Loadouts/BanditLoadout.json,Ammo_12gaSlug,InventoryCargo[1],Body
/mnt/c/Program Files (x86)/Steam/steamapps/common/DayZServerDITrader/config/ExpansionMod/Loadouts/BanditLoadout.json,Ammo_308Win,InventoryCargo[2],Body
/mnt/c/Program Files (x86)/Steam/steamapps/common/DayZServerDITrader/config/ExpansionMod/Loadouts/BanditLoadout.json,Ammo_545x39,InventoryCargo[3],Body
/mnt/c/Program Files (x86)/Steam/steamapps/common/DayZServerDITrader/config/ExpansionMod/Loadouts/BanditLoadout.json,Ammo_762x39,InventoryCargo[4],Body
/mnt/c/Program Files (x86)/Steam/steamapps/common/DayZServerDITrader/config/ExpansionMod/Loadouts/BanditLoadout.json,Ammo_762x54,InventoryCargo[5],Body
/mnt/c/Program Files (x86)/Steam/steamapps/common/DayZServerDITrader/config/ExpansionMod/Loadouts/BanditLoadout.json,Ammo_9x19,InventoryCargo[6],Body
/mnt/c/Program Files (x86)/Steam/steamapps/common/DayZServerDITrader/config/ExpansionMod/Loadouts/BanditLoadout.json,Ammo_45ACP,InventoryCargo[7],Body
/mnt/c/Program Files (x86)/Steam/steamapps/common/DayZServerDITrader/config/ExpansionMod/Loadouts/BanditLoadout.json,BomberJacket_Maroon,Items[15],Body
/mnt/c/Program Files (x86)/Steam/steamapps/common/DayZServerDITrader/config/ExpansionMod/Loadouts/BanditLoadout.json,Ammo_12gaPellets,InventoryCargo[0],Body
/mnt/c/Program Files (x86)/Steam/steamapps/common/DayZServerDITrader/config/ExpansionMod/Loadouts/BanditLoadout.json,Ammo_12gaSlug,InventoryCargo[1],Body
/mnt/c/Program Files (x86)/Steam/steamapps/common/DayZServerDITrader/config/ExpansionMod/Loadouts/BanditLoadout.json,Ammo_308Win,InventoryCargo[2],Body
/mnt/c/Program Files (x86)/Steam/steamapps/common/DayZServerDITrader/config/ExpansionMod/Loadouts/BanditLoadout.json,Ammo_545x39,InventoryCargo[3],Body
/mnt/c/Program Files (x86)/Steam/steamapps/common/DayZServerDITrader/config/ExpansionMod/Loadouts/BanditLoadout.json,Ammo_762x39,InventoryCargo[4],Body
/mnt/c/Program Files (x86)/Steam/steamapps/common/DayZServerDITrader/config/ExpansionMod/Loadouts/BanditLoadout.json,Ammo_762x54,InventoryCargo[5],Body
/mnt/c/Program Files (x86)/Steam/steamapps/common/DayZServerDITrader/config/ExpansionMod/Loadouts/BanditLoadout.json,Ammo_9x19,InventoryCargo[6],Body
/mnt/c/Program Files (x86)/Steam/steamapps/common/DayZServerDITrader/config/ExpansionMod/Loadouts/BanditLoadout.json,Ammo_45ACP,InventoryCargo[7],Body
/mnt/c/Program Files (x86)/Steam/steamapps/common/DayZServerDITrader/config/ExpansionMod/Loadouts/BanditLoadout.json,BomberJacket_Olive,Items[16],Body
/mnt/c/Program Files (x86)/Steam/steamapps/common/DayZServerDITrader/config/ExpansionMod/Loadouts/BanditLoadout.json,Ammo_12gaPellets,InventoryCargo[0],Body
/mnt/c/Program Files (x86)/Steam/steamapps/common/DayZServerDITrader/config/ExpansionMod/Loadouts/BanditLoadout.json,Ammo_12gaSlug,InventoryCargo[1],Body
/mnt/c/Program Files (x86)/Steam/steamapps/common/DayZServerDITrader/config/ExpansionMod/Loadouts/BanditLoadout.json,Ammo_308Win,InventoryCargo[2],Body
/mnt/c/Program Files (x86)/Steam/steamapps/common/DayZServerDITrader/config/ExpansionMod/Loadouts/BanditLoadout.json,Ammo_545x39,InventoryCargo[3],Body
/mnt/c/Program Files (x86)/Steam/steamapps/common/DayZServerDITrader/config/ExpansionMod/Loadouts/BanditLoadout.json,Ammo_762x39,InventoryCargo[4],Body
/mnt/c/Program Files (x86)/Steam/steamapps/common/DayZServerDITrader/config/ExpansionMod/Loadouts/BanditLoadout.json,Ammo_762x54,InventoryCargo[5],Body
/mnt/c/Program Files (x86)/Steam/steamapps/common/DayZServerDITrader/config/ExpansionMod/Loadouts/BanditLoadout.json,Ammo_9x19,InventoryCargo[6],Body
/mnt/c/Program Files (x86)/Steam/steamapps/common/DayZServerDITrader/config/ExpansionMod/Loadouts/BanditLoadout.json,Ammo_45ACP,InventoryCargo[7],Body
/mnt/c/Program Files (x86)/Steam/steamapps/common/DayZServerDITrader/config/ExpansionMod/Loadouts/BanditLoadout.json,BomberJacket_SkyBlue,Items[17],Body
/mnt/c/Program Files (x86)/Steam/steamapps/common/DayZServerDITrader/config/ExpansionMod/Loadouts/BanditLoadout.json,Ammo_12gaPellets,InventoryCargo[0],Body
/mnt/c/Program Files (x86)/Steam/steamapps/common/DayZServerDITrader/config/ExpansionMod/Loadouts/BanditLoadout.json,Ammo_12gaSlug,InventoryCargo[1],Body
/mnt/c/Program Files (x86)/Steam/steamapps/common/DayZServerDITrader/config/ExpansionMod/Loadouts/BanditLoadout.json,Ammo_308Win,InventoryCargo[2],Body
/mnt/c/Program Files (x86)/Steam/steamapps/common/DayZServerDITrader/config/ExpansionMod/Loadouts/BanditLoadout.json,Ammo_545x39,InventoryCargo[3],Body
/mnt/c/Program Files (x86)/Steam/steamapps/common/DayZServerDITrader/config/ExpansionMod/Loadouts/BanditLoadout.json,Ammo_762x39,InventoryCargo[4],Body
/mnt/c/Program Files (x86)/Steam/steamapps/common/DayZServerDITrader/config/ExpansionMod/Loadouts/BanditLoadout.json,Ammo_762x54,InventoryCargo[5],Body
/mnt/c/Program Files (x86)/Steam/steamapps/common/DayZServerDITrader/config/ExpansionMod/Loadouts/BanditLoadout.json,Ammo_9x19,InventoryCargo[6],Body
/mnt/c/Program Files (x86)/Steam/steamapps/common/DayZServerDITrader/config/ExpansionMod/Loadouts/BanditLoadout.json,Ammo_45ACP,InventoryCargo[7],Body
/mnt/c/Program Files (x86)/Steam/steamapps/common/DayZServerDITrader/config/ExpansionMod/Loadouts/BanditLoadout.json,DenimJacket,Items[18],Body
/mnt/c/Program Files (x86)/Steam/steamapps/common/DayZServerDITrader/config/ExpansionMod/Loadouts/BanditLoadout.json,Ammo_12gaPellets,InventoryCargo[0],Body
/mnt/c/Program Files (x86)/Steam/steamapps/common/DayZServerDITrader/config/ExpansionMod/Loadouts/BanditLoadout.json,Ammo_12gaSlug,InventoryCargo[1],Body
/mnt/c/Program Files (x86)/Steam/steamapps/common/DayZServerDITrader/config/ExpansionMod/Loadouts/BanditLoadout.json,Ammo_308Win,InventoryCargo[2],Body
/mnt/c/Program Files (x86)/Steam/steamapps/common/DayZServerDITrader/config/ExpansionMod/Loadouts/BanditLoadout.json,Ammo_545x39,InventoryCargo[3],Body
/mnt/c/Program Files (x86)/Steam/steamapps/common/DayZServerDITrader/config/ExpansionMod/Loadouts/BanditLoadout.json,Ammo_762x39,InventoryCargo[4],Body
/mnt/c/Program Files (x86)/Steam/steamapps/common/DayZServerDITrader/config/ExpansionMod/Loadouts/BanditLoadout.json,Ammo_762x54,InventoryCargo[5],Body
/mnt/c/Program Files (x86)/Steam/steamapps/common/DayZServerDITrader/config/ExpansionMod/Loadouts/BanditLoadout.json,Ammo_9x19,InventoryCargo[6],Body
/mnt/c/Program Files (x86)/Steam/steamapps/common/DayZServerDITrader/config/ExpansionMod/Loadouts/BanditLoadout.json,Ammo_45ACP,InventoryCargo[7],Body
/mnt/c/Program Files (x86)/Steam/steamapps/common/DayZServerDITrader/config/ExpansionMod/Loadouts/BanditLoadout.json,HikingJacket_Black,Items[19],Body
/mnt/c/Program Files (x86)/Steam/steamapps/common/DayZServerDITrader/config/ExpansionMod/Loadouts/BanditLoadout.json,Ammo_12gaPellets,InventoryCargo[0],Body
/mnt/c/Program Files (x86)/Steam/steamapps/common/DayZServerDITrader/config/ExpansionMod/Loadouts/BanditLoadout.json,Ammo_12gaSlug,InventoryCargo[1],Body
/mnt/c/Program Files (x86)/Steam/steamapps/common/DayZServerDITrader/config/ExpansionMod/Loadouts/BanditLoadout.json,Ammo_308Win,InventoryCargo[2],Body
/mnt/c/Program Files (x86)/Steam/steamapps/common/DayZServerDITrader/config/ExpansionMod/Loadouts/BanditLoadout.json,Ammo_545x39,InventoryCargo[3],Body
/mnt/c/Program Files (x86)/Steam/steamapps/common/DayZServerDITrader/config/ExpansionMod/Loadouts/BanditLoadout.json,Ammo_762x39,InventoryCargo[4],Body
/mnt/c/Program Files (x86)/Steam/steamapps/common/DayZServerDITrader/config/ExpansionMod/Loadouts/BanditLoadout.json,Ammo_762x54,InventoryCargo[5],Body
/mnt/c/Program Files (x86)/Steam/steamapps/common/DayZServerDITrader/config/ExpansionMod/Loadouts/BanditLoadout.json,Ammo_9x19,InventoryCargo[6],Body
/mnt/c/Program Files (x86)/Steam/steamapps/common/DayZServerDITrader/config/ExpansionMod/Loadouts/BanditLoadout.json,Ammo_45ACP,InventoryCargo[7],Body
/mnt/c/Program Files (x86)/Steam/steamapps/common/DayZServerDITrader/config/ExpansionMod/Loadouts/BanditLoadout.json,HikingJacket_Blue,Items[20],Body
/mnt/c/Program Files (x86)/Steam/steamapps/common/DayZServerDITrader/config/ExpansionMod/Loadouts/BanditLoadout.json,Ammo_12gaPellets,InventoryCargo[0],Body
/mnt/c/Program Files (x86)/Steam/steamapps/common/DayZServerDITrader/config/ExpansionMod/Loadouts/BanditLoadout.json,Ammo_12gaSlug,InventoryCargo[1],Body
/mnt/c/Program Files (x86)/Steam/steamapps/common/DayZServerDITrader/config/ExpansionMod/Loadouts/BanditLoadout.json,Ammo_308Win,InventoryCargo[2],Body
/mnt/c/Program Files (x86)/Steam/steamapps/common/DayZServerDITrader/config/ExpansionMod/Loadouts/BanditLoadout.json,Ammo_545x39,InventoryCargo[3],Body
/mnt/c/Program Files (x86)/Steam/steamapps/common/DayZServerDITrader/config/ExpansionMod/Loadouts/BanditLoadout.json,Ammo_762x39,InventoryCargo[4],Body
/mnt/c/Program Files (x86)/Steam/steamapps/common/DayZServerDITrader/config/ExpansionMod/Loadouts/BanditLoadout.json,Ammo_762x54,InventoryCargo[5],Body
/mnt/c/Program Files (x86)/Steam/steamapps/common/DayZServerDITrader/config/ExpansionMod/Loadouts/BanditLoadout.json,Ammo_9x19,InventoryCargo[6],Body
/mnt/c/Program Files (x86)/Steam/steamapps/common/DayZServerDITrader/config/ExpansionMod/Loadouts/BanditLoadout.json,Ammo_45ACP,InventoryCargo[7],Body
/mnt/c/Program Files (x86)/Steam/steamapps/common/DayZServerDITrader/config/ExpansionMod/Loadouts/BanditLoadout.json,HikingJacket_Green,Items[21],Body
/mnt/c/Program Files (x86)/Steam/steamapps/common/DayZServerDITrader/config/ExpansionMod/Loadouts/BanditLoadout.json,Ammo_12gaPellets,InventoryCargo[0],Body
/mnt/c/Program Files (x86)/Steam/steamapps/common/DayZServerDITrader/config/ExpansionMod/Loadouts/BanditLoadout.json,Ammo_12gaSlug,InventoryCargo[1],Body
/mnt/c/Program Files (x86)/Steam/steamapps/common/DayZServerDITrader/config/ExpansionMod/Loadouts/BanditLoadout.json,Ammo_308Win,InventoryCargo[2],Body
/mnt/c/Program Files (x86)/Steam/steamapps/common/DayZServerDITrader/config/ExpansionMod/Loadouts/BanditLoadout.json,Ammo_545x39,InventoryCargo[3],Body
/mnt/c/Program Files (x86)/Steam/steamapps/common/DayZServerDITrader/config/ExpansionMod/Loadouts/BanditLoadout.json,Ammo_762x39,InventoryCargo[4],Body
/mnt/c/Program Files (x86)/Steam/steamapps/common/DayZServerDITrader/config/ExpansionMod/Loadouts/BanditLoadout.json,Ammo_762x54,InventoryCargo[5],Body
/mnt/c/Program Files (x86)/Steam/steamapps/common/DayZServerDITrader/config/ExpansionMod/Loadouts/BanditLoadout.json,Ammo_9x19,InventoryCargo[6],Body
/mnt/c/Program Files (x86)/Steam/steamapps/common/DayZServerDITrader/config/ExpansionMod/Loadouts/BanditLoadout.json,Ammo_45ACP,InventoryCargo[7],Body
/mnt/c/Program Files (x86)/Steam/steamapps/common/DayZServerDITrader/config/ExpansionMod/Loadouts/BanditLoadout.json,HikingJacket_Red,Items[22],Body
/mnt/c/Program Files (x86)/Steam/steamapps/common/DayZServerDITrader/config/ExpansionMod/Loadouts/BanditLoadout.json,Ammo_12gaPellets,InventoryCargo[0],Body
/mnt/c/Program Files (x86)/Steam/steamapps/common/DayZServerDITrader/config/ExpansionMod/Loadouts/BanditLoadout.json,Ammo_12gaSlug,InventoryCargo[1],Body
/mnt/c/Program Files (x86)/Steam/steamapps/common/DayZServerDITrader/config/ExpansionMod/Loadouts/BanditLoadout.json,Ammo_308Win,InventoryCargo[2],Body
/mnt/c/Program Files (x86)/Steam/steamapps/common/DayZServerDITrader/config/ExpansionMod/Loadouts/BanditLoadout.json,Ammo_545x39,InventoryCargo[3],Body
/mnt/c/Program Files (x86)/Steam/steamapps/common/DayZServerDITrader/config/ExpansionMod/Loadouts/BanditLoadout.json,Ammo_762x39,InventoryCargo[4],Body
/mnt/c/Program Files (x86)/Steam/steamapps/common/DayZServerDITrader/config/ExpansionMod/Loadouts/BanditLoadout.json,Ammo_762x54,InventoryCargo[5],Body
/mnt/c/Program Files (x86)/Steam/steamapps/common/DayZServerDITrader/config/ExpansionMod/Loadouts/BanditLoadout.json,Ammo_9x19,InventoryCargo[6],Body
/mnt/c/Program Files (x86)/Steam/steamapps/common/DayZServerDITrader/config/ExpansionMod/Loadouts/BanditLoadout.json,Ammo_45ACP,InventoryCargo[7],Body
/mnt/c/Program Files (x86)/Steam/steamapps/common/DayZServerDITrader/config/ExpansionMod/Loadouts/BanditLoadout.json,QuiltedJacket_Black,Items[23],Body
/mnt/c/Program Files (x86)/Steam/steamapps/common/DayZServerDITrader/config/ExpansionMod/Loadouts/BanditLoadout.json,Ammo_12gaPellets,InventoryCargo[0],Body
/mnt/c/Program Files (x86)/Steam/steamapps/common/DayZServerDITrader/config/ExpansionMod/Loadouts/BanditLoadout.json,Ammo_12gaSlug,InventoryCargo[1],Body
/mnt/c/Program Files (x86)/Steam/steamapps/common/DayZServerDITrader/config/ExpansionMod/Loadouts/BanditLoadout.json,Ammo_308Win,InventoryCargo[2],Body
/mnt/c/Program Files (x86)/Steam/steamapps/common/DayZServerDITrader/config/ExpansionMod/Loadouts/BanditLoadout.json,Ammo_545x39,InventoryCargo[3],Body
/mnt/c/Program Files (x86)/Steam/steamapps/common/DayZServerDITrader/config/ExpansionMod/Loadouts/BanditLoadout.json,Ammo_762x39,InventoryCargo[4],Body
/mnt/c/Program Files (x86)/Steam/steamapps/common/DayZServerDITrader/config/ExpansionMod/Loadouts/BanditLoadout.json,Ammo_762x54,InventoryCargo[5],Body
/mnt/c/Program Files (x86)/Steam/steamapps/common/DayZServerDITrader/config/ExpansionMod/Loadouts/BanditLoadout.json,Ammo_9x19,InventoryCargo[6],Body
/mnt/c/Program Files (x86)/Steam/steamapps/common/DayZServerDITrader/config/ExpansionMod/Loadouts/BanditLoadout.json,Ammo_45ACP,InventoryCargo[7],Body
/mnt/c/Program Files (x86)/Steam/steamapps/common/DayZServerDITrader/config/ExpansionMod/Loadouts/BanditLoadout.json,QuiltedJacket_Blue,Items[24],Body
/mnt/c/Program Files (x86)/Steam/steamapps/common/DayZServerDITrader/config/ExpansionMod/Loadouts/BanditLoadout.json,Ammo_12gaPellets,InventoryCargo[0],Body
/mnt/c/Program Files (x86)/Steam/steamapps/common/DayZServerDITrader/config/ExpansionMod/Loadouts/BanditLoadout.json,Ammo_12gaSlug,InventoryCargo[1],Body
/mnt/c/Program Files (x86)/Steam/steamapps/common/DayZServerDITrader/config/ExpansionMod/Loadouts/BanditLoadout.json,Ammo_308Win,InventoryCargo[2],Body
/mnt/c/Program Files (x86)/Steam/steamapps/common/DayZServerDITrader/config/ExpansionMod/Loadouts/BanditLoadout.json,Ammo_545x39,InventoryCargo[3],Body
/mnt/c/Program Files (x86)/Steam/steamapps/common/DayZServerDITrader/config/ExpansionMod/Loadouts/BanditLoadout.json,Ammo_762x39,InventoryCargo[4],Body
/mnt/c/Program Files (x86)/Steam/steamapps/common/DayZServerDITrader/config/ExpansionMod/Loadouts/BanditLoadout.json,Ammo_762x54,InventoryCargo[5],Body
/mnt/c/Program Files (x86)/Steam/steamapps/common/DayZServerDITrader/config/ExpansionMod/Loadouts/BanditLoadout.json,Ammo_9x19,InventoryCargo[6],Body
/mnt/c/Program Files (x86)/Steam/steamapps/common/DayZServerDITrader/config/ExpansionMod/Loadouts/BanditLoadout.json,Ammo_45ACP,InventoryCargo[7],Body
/mnt/c/Program Files (x86)/Steam/steamapps/common/DayZServerDITrader/config/ExpansionMod/Loadouts/BanditLoadout.json,QuiltedJacket_Green,Items[25],Body
/mnt/c/Program Files (x86)/Steam/steamapps/common/DayZServerDITrader/config/ExpansionMod/Loadouts/BanditLoadout.json,Ammo_12gaPellets,InventoryCargo[0],Body
/mnt/c/Program Files (x86)/Steam/steamapps/common/DayZServerDITrader/config/ExpansionMod/Loadouts/BanditLoadout.json,Ammo_12gaSlug,InventoryCargo[1],Body
/mnt/c/Program Files (x86)/Steam/steamapps/common/DayZServerDITrader/config/ExpansionMod/Loadouts/BanditLoadout.json,Ammo_308Win,InventoryCargo[2],Body
/mnt/c/Program Files (x86)/Steam/steamapps/common/DayZServerDITrader/config/ExpansionMod/Loadouts/BanditLoadout.json,Ammo_545x39,InventoryCargo[3],Body
/mnt/c/Program Files (x86)/Steam/steamapps/common/DayZServerDITrader/config/ExpansionMod/Loadouts/BanditLoadout.json,Ammo_762x39,InventoryCargo[4],Body
/mnt/c/Program Files (x86)/Steam/steamapps/common/DayZServerDITrader/config/ExpansionMod/Loadouts/BanditLoadout.json,Ammo_762x54,InventoryCargo[5],Body
/mnt/c/Program Files (x86)/Steam/steamapps/common/DayZServerDITrader/config/ExpansionMod/Loadouts/BanditLoadout.json,Ammo_9x19,InventoryCargo[6],Body
/mnt/c/Program Files (x86)/Steam/steamapps/common/DayZServerDITrader/config/ExpansionMod/Loadouts/BanditLoadout.json,Ammo_45ACP,InventoryCargo[7],Body
/mnt/c/Program Files (x86)/Steam/steamapps/common/DayZServerDITrader/config/ExpansionMod/Loadouts/BanditLoadout.json,QuiltedJacket_Grey,Items[26],Body
/mnt/c/Program Files (x86)/Steam/steamapps/common/DayZServerDITrader/config/ExpansionMod/Loadouts/BanditLoadout.json,Ammo_12gaPellets,InventoryCargo[0],Body
/mnt/c/Program Files (x86)/Steam/steamapps/common/DayZServerDITrader/config/ExpansionMod/Loadouts/BanditLoadout.json,Ammo_12gaSlug,InventoryCargo[1],Body
/mnt/c/Program Files (x86)/Steam/steamapps/common/DayZServerDITrader/config/ExpansionMod/Loadouts/BanditLoadout.json,Ammo_308Win,InventoryCargo[2],Body
/mnt/c/Program Files (x86)/Steam/steamapps/common/DayZServerDITrader/config/ExpansionMod/Loadouts/BanditLoadout.json,Ammo_545x39,InventoryCargo[3],Body
/mnt/c/Program Files (x86)/Steam/steamapps/common/DayZServerDITrader/config/ExpansionMod/Loadouts/BanditLoadout.json,Ammo_762x39,InventoryCargo[4],Body
/mnt/c/Program Files (x86)/Steam/steamapps/common/DayZServerDITrader/config/ExpansionMod/Loadouts/BanditLoadout.json,Ammo_762x54,InventoryCargo[5],Body
/mnt/c/Program Files (x86)/Steam/steamapps/common/DayZServerDITrader/config/ExpansionMod/Loadouts/BanditLoadout.json,Ammo_9x19,InventoryCargo[6],Body
/mnt/c/Program Files (x86)/Steam/steamapps/common/DayZServerDITrader/config/ExpansionMod/Loadouts/BanditLoadout.json,Ammo_45ACP,InventoryCargo[7],Body
/mnt/c/Program Files (x86)/Steam/steamapps/common/DayZServerDITrader/config/ExpansionMod/Loadouts/BanditLoadout.json,QuiltedJacket_Orange,Items[27],Body
/mnt/c/Program Files (x86)/Steam/steamapps/common/DayZServerDITrader/config/ExpansionMod/Loadouts/BanditLoadout.json,Ammo_12gaPellets,InventoryCargo[0],Body
/mnt/c/Program Files (x86)/Steam/steamapps/common/DayZServerDITrader/config/ExpansionMod/Loadouts/BanditLoadout.json,Ammo_12gaSlug,InventoryCargo[1],Body
/mnt/c/Program Files (x86)/Steam/steamapps/common/DayZServerDITrader/config/ExpansionMod/Loadouts/BanditLoadout.json,Ammo_308Win,InventoryCargo[2],Body
/mnt/c/Program Files (x86)/Steam/steamapps/common/DayZServerDITrader/config/ExpansionMod/Loadouts/BanditLoadout.json,Ammo_545x39,InventoryCargo[3],Body
/mnt/c/Program Files (x86)/Steam/steamapps/common/DayZServerDITrader/config/ExpansionMod/Loadouts/BanditLoadout.json,Ammo_762x39,InventoryCargo[4],Body
/mnt/c/Program Files (x86)/Steam/steamapps/common/DayZServerDITrader/config/ExpansionMod/Loadouts/BanditLoadout.json,Ammo_762x54,InventoryCargo[5],Body
/mnt/c/Program Files (x86)/Steam/steamapps/common/DayZServerDITrader/config/ExpansionMod/Loadouts/BanditLoadout.json,Ammo_9x19,InventoryCargo[6],Body
/mnt/c/Program Files (x86)/Steam/steamapps/common/DayZServerDITrader/config/ExpansionMod/Loadouts/BanditLoadout.json,Ammo_45ACP,InventoryCargo[7],Body
/mnt/c/Program Files (x86)/Steam/steamapps/common/DayZServerDITrader/config/ExpansionMod/Loadouts/BanditLoadout.json,QuiltedJacket_Red,Items[28],Body
/mnt/c/Program Files (x86)/Steam/steamapps/common/DayZServerDITrader/config/ExpansionMod/Loadouts/BanditLoadout.json,Ammo_12gaPellets,InventoryCargo[0],Body
/mnt/c/Program Files (x86)/Steam/steamapps/common/DayZServerDITrader/config/ExpansionMod/Loadouts/BanditLoadout.json,Ammo_12gaSlug,InventoryCargo[1],Body
/mnt/c/Program Files (x86)/Steam/steamapps/common/DayZServerDITrader/config/ExpansionMod/Loadouts/BanditLoadout.json,Ammo_308Win,InventoryCargo[2],Body
/mnt/c/Program Files (x86)/Steam/steamapps/common/DayZServerDITrader/config/ExpansionMod/Loadouts/BanditLoadout.json,Ammo_545x39,InventoryCargo[3],Body
/mnt/c/Program Files (x86)/Steam/steamapps/common/DayZServerDITrader/config/ExpansionMod/Loadouts/BanditLoadout.json,Ammo_762x39,InventoryCargo[4],Body
/mnt/c/Program Files (x86)/Steam/steamapps/common/DayZServerDITrader/config/ExpansionMod/Loadouts/BanditLoadout.json,Ammo_762x54,InventoryCargo[5],Body
/mnt/c/Program Files (x86)/Steam/steamapps/common/DayZServerDITrader/config/ExpansionMod/Loadouts/BanditLoadout.json,Ammo_9x19,InventoryCargo[6],Body
/mnt/c/Program Files (x86)/Steam/steamapps/common/DayZServerDITrader/config/ExpansionMod/Loadouts/BanditLoadout.json,Ammo_45ACP,InventoryCargo[7],Body
/mnt/c/Program Files (x86)/Steam/steamapps/common/DayZServerDITrader/config/ExpansionMod/Loadouts/BanditLoadout.json,QuiltedJacket_Violet,Items[29],Body
/mnt/c/Program Files (x86)/Steam/steamapps/common/DayZServerDITrader/config/ExpansionMod/Loadouts/BanditLoadout.json,Ammo_12gaPellets,InventoryCargo[0],Body
/mnt/c/Program Files (x86)/Steam/steamapps/common/DayZServerDITrader/config/ExpansionMod/Loadouts/BanditLoadout.json,Ammo_12gaSlug,InventoryCargo[1],Body
/mnt/c/Program Files (x86)/Steam/steamapps/common/DayZServerDITrader/config/ExpansionMod/Loadouts/BanditLoadout.json,Ammo_308Win,InventoryCargo[2],Body
/mnt/c/Program Files (x86)/Steam/steamapps/common/DayZServerDITrader/config/ExpansionMod/Loadouts/BanditLoadout.json,Ammo_545x39,InventoryCargo[3],Body
/mnt/c/Program Files (x86)/Steam/steamapps/common/DayZServerDITrader/config/ExpansionMod/Loadouts/BanditLoadout.json,Ammo_762x39,InventoryCargo[4],Body
/mnt/c/Program Files (x86)/Steam/steamapps/common/DayZServerDITrader/config/ExpansionMod/Loadouts/BanditLoadout.json,Ammo_762x54,InventoryCargo[5],Body
/mnt/c/Program Files (x86)/Steam/steamapps/common/DayZServerDITrader/config/ExpansionMod/Loadouts/BanditLoadout.json,Ammo_9x19,InventoryCargo[6],Body
/mnt/c/Program Files (x86)/Steam/steamapps/common/DayZServerDITrader/config/ExpansionMod/Loadouts/BanditLoadout.json,Ammo_45ACP,InventoryCargo[7],Body
/mnt/c/Program Files (x86)/Steam/steamapps/common/DayZServerDITrader/config/ExpansionMod/Loadouts/BanditLoadout.json,QuiltedJacket_Yellow,Items[30],Body
/mnt/c/Program Files (x86)/Steam/steamapps/common/DayZServerDITrader/config/ExpansionMod/Loadouts/BanditLoadout.json,Ammo_12gaPellets,InventoryCargo[0],Body
/mnt/c/Program Files (x86)/Steam/steamapps/common/DayZServerDITrader/config/ExpansionMod/Loadouts/BanditLoadout.json,Ammo_12gaSlug,InventoryCargo[1],Body
/mnt/c/Program Files (x86)/Steam/steamapps/common/DayZServerDITrader/config/ExpansionMod/Loadouts/BanditLoadout.json,Ammo_308Win,InventoryCargo[2],Body
/mnt/c/Program Files (x86)/Steam/steamapps/common/DayZServerDITrader/config/ExpansionMod/Loadouts/BanditLoadout.json,Ammo_545x39,InventoryCargo[3],Body
/mnt/c/Program Files (x86)/Steam/steamapps/common/DayZServerDITrader/config/ExpansionMod/Loadouts/BanditLoadout.json,Ammo_762x39,InventoryCargo[4],Body
/mnt/c/Program Files (x86)/Steam/steamapps/common/DayZServerDITrader/config/ExpansionMod/Loadouts/BanditLoadout.json,Ammo_762x54,InventoryCargo[5],Body
/mnt/c/Program Files (x86)/Steam/steamapps/common/DayZServerDITrader/config/ExpansionMod/Loadouts/BanditLoadout.json,Ammo_9x19,InventoryCargo[6],Body
/mnt/c/Program Files (x86)/Steam/steamapps/common/DayZServerDITrader/config/ExpansionMod/Loadouts/BanditLoadout.json,Ammo_45ACP,InventoryCargo[7],Body
/mnt/c/Program Files (x86)/Steam/steamapps/common/DayZServerDITrader/config/ExpansionMod/Loadouts/BanditLoadout.json,Shirt_BlueCheck,Items[31],Body
/mnt/c/Program Files (x86)/Steam/steamapps/common/DayZServerDITrader/config/ExpansionMod/Loadouts/BanditLoadout.json,Ammo_12gaPellets,InventoryCargo[0],Body
/mnt/c/Program Files (x86)/Steam/steamapps/common/DayZServerDITrader/config/ExpansionMod/Loadouts/BanditLoadout.json,Ammo_12gaSlug,InventoryCargo[1],Body
/mnt/c/Program Files (x86)/Steam/steamapps/common/DayZServerDITrader/config/ExpansionMod/Loadouts/BanditLoadout.json,Ammo_308Win,InventoryCargo[2],Body
/mnt/c/Program Files (x86)/Steam/steamapps/common/DayZServerDITrader/config/ExpansionMod/Loadouts/BanditLoadout.json,Ammo_545x39,InventoryCargo[3],Body
/mnt/c/Program Files (x86)/Steam/steamapps/common/DayZServerDITrader/config/ExpansionMod/Loadouts/BanditLoadout.json,Ammo_762x39,InventoryCargo[4],Body
/mnt/c/Program Files (x86)/Steam/steamapps/common/DayZServerDITrader/config/ExpansionMod/Loadouts/BanditLoadout.json,Ammo_762x54,InventoryCargo[5],Body
/mnt/c/Program Files (x86)/Steam/steamapps/common/DayZServerDITrader/config/ExpansionMod/Loadouts/BanditLoadout.json,Ammo_9x19,InventoryCargo[6],Body
/mnt/c/Program Files (x86)/Steam/steamapps/common/DayZServerDITrader/config/ExpansionMod/Loadouts/BanditLoadout.json,Ammo_45ACP,InventoryCargo[7],Body
/mnt/c/Program Files (x86)/Steam/steamapps/common/DayZServerDITrader/config/ExpansionMod/Loadouts/BanditLoadout.json,Shirt_BlueCheckBright,Items[32],Body
/mnt/c/Program Files (x86)/Steam/steamapps/common/DayZServerDITrader/config/ExpansionMod/Loadouts/BanditLoadout.json,Ammo_12gaPellets,InventoryCargo[0],Body
/mnt/c/Program Files (x86)/Steam/steamapps/common/DayZServerDITrader/config/ExpansionMod/Loadouts/BanditLoadout.json,Ammo_12gaSlug,InventoryCargo[1],Body
/mnt/c/Program Files (x86)/Steam/steamapps/common/DayZServerDITrader/config/ExpansionMod/Loadouts/BanditLoadout.json,Ammo_308Win,InventoryCargo[2],Body
/mnt/c/Program Files (x86)/Steam/steamapps/common/DayZServerDITrader/config/ExpansionMod/Loadouts/BanditLoadout.json,Ammo_545x39,InventoryCargo[3],Body
/mnt/c/Program Files (x86)/Steam/steamapps/common/DayZServerDITrader/config/ExpansionMod/Loadouts/BanditLoadout.json,Ammo_762x39,InventoryCargo[4],Body
/mnt/c/Program Files (x86)/Steam/steamapps/common/DayZServerDITrader/config/ExpansionMod/Loadouts/BanditLoadout.json,Ammo_762x54,InventoryCargo[5],Body
/mnt/c/Program Files (x86)/Steam/steamapps/common/DayZServerDITrader/config/ExpansionMod/Loadouts/BanditLoadout.json,Ammo_9x19,InventoryCargo[6],Body
/mnt/c/Program Files (x86)/Steam/steamapps/common/DayZServerDITrader/config/ExpansionMod/Loadouts/BanditLoadout.json,Ammo_45ACP,InventoryCargo[7],Body
/mnt/c/Program Files (x86)/Steam/steamapps/common/DayZServerDITrader/config/ExpansionMod/Loadouts/BanditLoadout.json,Shirt_GreenCheck,Items[33],Body
/mnt/c/Program Files (x86)/Steam/steamapps/common/DayZServerDITrader/config/ExpansionMod/Loadouts/BanditLoadout.json,Ammo_12gaPellets,InventoryCargo[0],Body
/mnt/c/Program Files (x86)/Steam/steamapps/common/DayZServerDITrader/config/ExpansionMod/Loadouts/BanditLoadout.json,Ammo_12gaSlug,InventoryCargo[1],Body
/mnt/c/Program Files (x86)/Steam/steamapps/common/DayZServerDITrader/config/ExpansionMod/Loadouts/BanditLoadout.json,Ammo_308Win,InventoryCargo[2],Body
/mnt/c/Program Files (x86)/Steam/steamapps/common/DayZServerDITrader/config/ExpansionMod/Loadouts/BanditLoadout.json,Ammo_545x39,InventoryCargo[3],Body
/mnt/c/Program Files (x86)/Steam/steamapps/common/DayZServerDITrader/config/ExpansionMod/Loadouts/BanditLoadout.json,Ammo_762x39,InventoryCargo[4],Body
/mnt/c/Program Files (x86)/Steam/steamapps/common/DayZServerDITrader/config/ExpansionMod/Loadouts/BanditLoadout.json,Ammo_762x54,InventoryCargo[5],Body
/mnt/c/Program Files (x86)/Steam/steamapps/common/DayZServerDITrader/config/ExpansionMod/Loadouts/BanditLoadout.json,Ammo_9x19,InventoryCargo[6],Body
/mnt/c/Program Files (x86)/Steam/steamapps/common/DayZServerDITrader/config/ExpansionMod/Loadouts/BanditLoadout.json,Ammo_45ACP,InventoryCargo[7],Body
/mnt/c/Program Files (x86)/Steam/steamapps/common/DayZServerDITrader/config/ExpansionMod/Loadouts/BanditLoadout.json,Shirt_PlaneBlack,Items[34],Body
/mnt/c/Program Files (x86)/Steam/steamapps/common/DayZServerDITrader/config/ExpansionMod/Loadouts/BanditLoadout.json,Ammo_12gaPellets,InventoryCargo[0],Body
/mnt/c/Program Files (x86)/Steam/steamapps/common/DayZServerDITrader/config/ExpansionMod/Loadouts/BanditLoadout.json,Ammo_12gaSlug,InventoryCargo[1],Body
/mnt/c/Program Files (x86)/Steam/steamapps/common/DayZServerDITrader/config/ExpansionMod/Loadouts/BanditLoadout.json,Ammo_308Win,InventoryCargo[2],Body
/mnt/c/Program Files (x86)/Steam/steamapps/common/DayZServerDITrader/config/ExpansionMod/Loadouts/BanditLoadout.json,Ammo_545x39,InventoryCargo[3],Body
/mnt/c/Program Files (x86)/Steam/steamapps/common/DayZServerDITrader/config/ExpansionMod/Loadouts/BanditLoadout.json,Ammo_762x39,InventoryCargo[4],Body
/mnt/c/Program Files (x86)/Steam/steamapps/common/DayZServerDITrader/config/ExpansionMod/Loadouts/BanditLoadout.json,Ammo_762x54,InventoryCargo[5],Body
/mnt/c/Program Files (x86)/Steam/steamapps/common/DayZServerDITrader/config/ExpansionMod/Loadouts/BanditLoadout.json,Ammo_9x19,InventoryCargo[6],Body
/mnt/c/Program Files (x86)/Steam/steamapps/common/DayZServerDITrader/config/ExpansionMod/Loadouts/BanditLoadout.json,Ammo_45ACP,InventoryCargo[7],Body
/mnt/c/Program Files (x86)/Steam/steamapps/common/DayZServerDITrader/config/ExpansionMod/Loadouts/BanditLoadout.json,Shirt_RedCheck,Items[35],Body
/mnt/c/Program Files (x86)/Steam/steamapps/common/DayZServerDITrader/config/ExpansionMod/Loadouts/BanditLoadout.json,Ammo_12gaPellets,InventoryCargo[0],Body
/mnt/c/Program Files (x86)/Steam/steamapps/common/DayZServerDITrader/config/ExpansionMod/Loadouts/BanditLoadout.json,Ammo_12gaSlug,InventoryCargo[1],Body
/mnt/c/Program Files (x86)/Steam/steamapps/common/DayZServerDITrader/config/ExpansionMod/Loadouts/BanditLoadout.json,Ammo_308Win,InventoryCargo[2],Body
/mnt/c/Program Files (x86)/Steam/steamapps/common/DayZServerDITrader/config/ExpansionMod/Loadouts/BanditLoadout.json,Ammo_545x39,InventoryCargo[3],Body
/mnt/c/Program Files (x86)/Steam/steamapps/common/DayZServerDITrader/config/ExpansionMod/Loadouts/BanditLoadout.json,Ammo_762x39,InventoryCargo[4],Body
/mnt/c/Program Files (x86)/Steam/steamapps/common/DayZServerDITrader/config/ExpansionMod/Loadouts/BanditLoadout.json,Ammo_762x54,InventoryCargo[5],Body
/mnt/c/Program Files (x86)/Steam/steamapps/common/DayZServerDITrader/config/ExpansionMod/Loadouts/BanditLoadout.json,Ammo_9x19,InventoryCargo[6],Body
/mnt/c/Program Files (x86)/Steam/steamapps/common/DayZServerDITrader/config/ExpansionMod/Loadouts/BanditLoadout.json,Ammo_45ACP,InventoryCargo[7],Body
/mnt/c/Program Files (x86)/Steam/steamapps/common/DayZServerDITrader/config/ExpansionMod/Loadouts/BanditLoadout.json,Shirt_WhiteCheck,Items[36],Body
/mnt/c/Program Files (x86)/Steam/steamapps/common/DayZServerDITrader/config/ExpansionMod/Loadouts/BanditLoadout.json,Ammo_12gaPellets,InventoryCargo[0],Body
/mnt/c/Program Files (x86)/Steam/steamapps/common/DayZServerDITrader/config/ExpansionMod/Loadouts/BanditLoadout.json,Ammo_12gaSlug,InventoryCargo[1],Body
/mnt/c/Program Files (x86)/Steam/steamapps/common/DayZServerDITrader/config/ExpansionMod/Loadouts/BanditLoadout.json,Ammo_308Win,InventoryCargo[2],Body
/mnt/c/Program Files (x86)/Steam/steamapps/common/DayZServerDITrader/config/ExpansionMod/Loadouts/BanditLoadout.json,Ammo_545x39,InventoryCargo[3],Body
/mnt/c/Program Files (x86)/Steam/steamapps/common/DayZServerDITrader/config/ExpansionMod/Loadouts/BanditLoadout.json,Ammo_762x39,InventoryCargo[4],Body
/mnt/c/Program Files (x86)/Steam/steamapps/common/DayZServerDITrader/config/ExpansionMod/Loadouts/BanditLoadout.json,Ammo_762x54,InventoryCargo[5],Body
/mnt/c/Program Files (x86)/Steam/steamapps/common/DayZServerDITrader/config/ExpansionMod/Loadouts/BanditLoadout.json,Ammo_9x19,InventoryCargo[6],Body
/mnt/c/Program Files (x86)/Steam/steamapps/common/DayZServerDITrader/config/ExpansionMod/Loadouts/BanditLoadout.json,Ammo_45ACP,InventoryCargo[7],Body
/mnt/c/Program Files (x86)/Steam/steamapps/common/DayZServerDITrader/config/ExpansionMod/Loadouts/BanditLoadout.json,GorkaPants_Autumn,Items[0],Legs
/mnt/c/Program Files (x86)/Steam/steamapps/common/DayZServerDITrader/config/ExpansionMod/Loadouts/BanditLoadout.json,GorkaPants_Flat,Items[1],Legs
/mnt/c/Program Files (x86)/Steam/steamapps/common/DayZServerDITrader/config/ExpansionMod/Loadouts/BanditLoadout.json,GorkaPants_PautRev,Items[2],Legs
/mnt/c/Program Files (x86)/Steam/steamapps/common/DayZServerDITrader/config/ExpansionMod/Loadouts/BanditLoadout.json,GorkaPants_Summer,Items[3],Legs
/mnt/c/Program Files (x86)/Steam/steamapps/common/DayZServerDITrader/config/ExpansionMod/Loadouts/BanditLoadout.json,TTSKOPants,Items[4],Legs
/mnt/c/Program Files (x86)/Steam/steamapps/common/DayZServerDITrader/config/ExpansionMod/Loadouts/BanditLoadout.json,Jeans_Black,Items[5],Legs
/mnt/c/Program Files (x86)/Steam/steamapps/common/DayZServerDITrader/config/ExpansionMod/Loadouts/BanditLoadout.json,Jeans_Blue,Items[6],Legs
/mnt/c/Program Files (x86)/Steam/steamapps/common/DayZServerDITrader/config/ExpansionMod/Loadouts/BanditLoadout.json,Jeans_BlueDark,Items[7],Legs
/mnt/c/Program Files (x86)/Steam/steamapps/common/DayZServerDITrader/config/ExpansionMod/Loadouts/BanditLoadout.json,Jeans_Brown,Items[8],Legs
/mnt/c/Program Files (x86)/Steam/steamapps/common/DayZServerDITrader/config/ExpansionMod/Loadouts/BanditLoadout.json,Jeans_Green,Items[9],Legs
/mnt/c/Program Files (x86)/Steam/steamapps/common/DayZServerDITrader/config/ExpansionMod/Loadouts/BanditLoadout.json,Jeans_Grey,Items[10],Legs
/mnt/c/Program Files (x86)/Steam/steamapps/common/DayZServerDITrader/config/ExpansionMod/Loadouts/BanditLoadout.json,TrackSuitPants_Black,Items[11],Legs
/mnt/c/Program Files (x86)/Steam/steamapps/common/DayZServerDITrader/config/ExpansionMod/Loadouts/BanditLoadout.json,TrackSuitPants_Blue,Items[12],Legs
/mnt/c/Program Files (x86)/Steam/steamapps/common/DayZServerDITrader/config/ExpansionMod/Loadouts/BanditLoadout.json,TrackSuitPants_Green,Items[13],Legs
/mnt/c/Program Files (x86)/Steam/steamapps/common/DayZServerDITrader/config/ExpansionMod/Loadouts/BanditLoadout.json,TrackSuitPants_LightBlue,Items[14],Legs
/mnt/c/Program Files (x86)/Steam/steamapps/common/DayZServerDITrader/config/ExpansionMod/Loadouts/BanditLoadout.json,TrackSuitPants_Red,Items[15],Legs
/mnt/c/Program Files (x86)/Steam/steamapps/common/DayZServerDITrader/config/ExpansionMod/Loadouts/BanditLoadout.json,CargoPants_Beige,Items[16],Legs
/mnt/c/Program Files (x86)/Steam/steamapps/common/DayZServerDITrader/config/ExpansionMod/Loadouts/BanditLoadout.json,CargoPants_Black,Items[17],Legs
/mnt/c/Program Files (x86)/Steam/steamapps/common/DayZServerDITrader/config/ExpansionMod/Loadouts/BanditLoadout.json,CargoPants_Blue,Items[18],Legs
/mnt/c/Program Files (x86)/Steam/steamapps/common/DayZServerDITrader/config/ExpansionMod/Loadouts/BanditLoadout.json,CargoPants_Green,Items[19],Legs
/mnt/c/Program Files (x86)/Steam/steamapps/common/DayZServerDITrader/config/ExpansionMod/Loadouts/BanditLoadout.json,CargoPants_Grey,Items[20],Legs
/mnt/c/Program Files (x86)/Steam/steamapps/common/DayZServerDITrader/config/ExpansionMod/Loadouts/BanditLoadout.json,CombatBoots_Beige,Items[0],Feet
/mnt/c/Program Files (x86)/Steam/steamapps/common/DayZServerDITrader/config/ExpansionMod/Loadouts/BanditLoadout.json,CombatBoots_Black,Items[1],Feet
/mnt/c/Program Files (x86)/Steam/steamapps/common/DayZServerDITrader/config/ExpansionMod/Loadouts/BanditLoadout.json,CombatBoots_Brown,Items[2],Feet
/mnt/c/Program Files (x86)/Steam/steamapps/common/DayZServerDITrader/config/ExpansionMod/Loadouts/BanditLoadout.json,CombatBoots_Green,Items[3],Feet
/mnt/c/Program Files (x86)/Steam/steamapps/common/DayZServerDITrader/config/ExpansionMod/Loadouts/BanditLoadout.json,CombatBoots_Grey,Items[4],Feet
/mnt/c/Program Files (x86)/Steam/steamapps/common/DayZServerDITrader/config/ExpansionMod/Loadouts/BanditLoadout.json,TTSKOBoots,Items[5],Feet
/mnt/c/Program Files (x86)/Steam/steamapps/common/DayZServerDITrader/config/ExpansionMod/Loadouts/BanditLoadout.json,WorkingBoots_Beige,Items[6],Feet
/mnt/c/Program Files (x86)/Steam/steamapps/common/DayZServerDITrader/config/ExpansionMod/Loadouts/BanditLoadout.json,WorkingBoots_Grey,Items[7],Feet
/mnt/c/Program Files (x86)/Steam/steamapps/common/DayZServerDITrader/config/ExpansionMod/Loadouts/BanditLoadout.json,WorkingBoots_Yellow,Items[8],Feet
/mnt/c/Program Files (x86)/Steam/steamapps/common/DayZServerDITrader/config/ExpansionMod/Loadouts/BanditLoadout.json,WorkingGloves_Beige,Items[0],Gloves
/mnt/c/Program Files (x86)/Steam/steamapps/common/DayZServerDITrader/config/ExpansionMod/Loadouts/BanditLoadout.json,WorkingGloves_Black,Items[1],Gloves
/mnt/c/Program Files (x86)/Steam/steamapps/common/DayZServerDITrader/config/ExpansionMod/Loadouts/BanditLoadout.json,WorkingGloves_Brown,Items[2],Gloves
/mnt/c/Program Files (x86)/Steam/steamapps/common/DayZServerDITrader/config/ExpansionMod/Loadouts/BanditLoadout.json,WorkingGloves_Yellow,Items[3],Gloves
/mnt/c/Program Files (x86)/Steam/steamapps/common/DayZServerDITrader/config/ExpansionMod/Loadouts/BanditLoadout.json,OMNOGloves_Brown,Items[4],Gloves
/mnt/c/Program Files (x86)/Steam/steamapps/common/DayZServerDITrader/config/ExpansionMod/Loadouts/BanditLoadout.json,OMNOGloves_Gray,Items[5],Gloves
/mnt/c/Program Files (x86)/Steam/steamapps/common/DayZServerDITrader/config/ExpansionMod/Loadouts/BanditLoadout.json,,Items[6],Gloves
/mnt/c/Program Files (x86)/Steam/steamapps/common/DayZServerDITrader/config/ExpansionMod/Loadouts/BanditLoadout.json,Balaclava3Holes_Black,Items[0],MASK
/mnt/c/Program Files (x86)/Steam/steamapps/common/DayZServerDITrader/config/ExpansionMod/Loadouts/BanditLoadout.json,Balaclava3Holes_Beige,Items[1],MASK
/mnt/c/Program Files (x86)/Steam/steamapps/common/DayZServerDITrader/config/ExpansionMod/Loadouts/BanditLoadout.json,Balaclava3Holes_Blue,Items[2],MASK
/mnt/c/Program Files (x86)/Steam/steamapps/common/DayZServerDITrader/config/ExpansionMod/Loadouts/BanditLoadout.json,Balaclava3Holes_Green,Items[3],MASK
/mnt/c/Program Files (x86)/Steam/steamapps/common/DayZServerDITrader/config/ExpansionMod/Loadouts/BanditLoadout.json,BalaclavaMask_Beige,Items[4],MASK
/mnt/c/Program Files (x86)/Steam/steamapps/common/DayZServerDITrader/config/ExpansionMod/Loadouts/BanditLoadout.json,BalaclavaMask_Black,Items[5],MASK
/mnt/c/Program Files (x86)/Steam/steamapps/common/DayZServerDITrader/config/ExpansionMod/Loadouts/BanditLoadout.json,BalaclavaMask_Blackskull,Items[6],MASK
/mnt/c/Program Files (x86)/Steam/steamapps/common/DayZServerDITrader/config/ExpansionMod/Loadouts/BanditLoadout.json,BalaclavaMask_Blue,Items[7],MASK
/mnt/c/Program Files (x86)/Steam/steamapps/common/DayZServerDITrader/config/ExpansionMod/Loadouts/BanditLoadout.json,BalaclavaMask_Green,Items[8],MASK
/mnt/c/Program Files (x86)/Steam/steamapps/common/DayZServerDITrader/config/ExpansionMod/Loadouts/BanditLoadout.json,BalaclavaMask_Pink,Items[9],MASK
/mnt/c/Program Files (x86)/Steam/steamapps/common/DayZServerDITrader/config/ExpansionMod/Loadouts/BanditLoadout.json,BalaclavaMask_White,Items[10],MASK
/mnt/c/Program Files (x86)/Steam/steamapps/common/DayZServerDITrader/config/ExpansionMod/Loadouts/BanditLoadout.json,WeldingMask,Items[11],MASK
/mnt/c/Program Files (x86)/Steam/steamapps/common/DayZServerDITrader/config/ExpansionMod/Loadouts/BanditLoadout.json,Bandana_Blackpattern,Items[12],MASK
/mnt/c/Program Files (x86)/Steam/steamapps/common/DayZServerDITrader/config/ExpansionMod/Loadouts/BanditLoadout.json,Bandana_Camopattern,Items[13],MASK
/mnt/c/Program Files (x86)/Steam/steamapps/common/DayZServerDITrader/config/ExpansionMod/Loadouts/BanditLoadout.json,Bandana_Greenpattern,Items[14],MASK
/mnt/c/Program Files (x86)/Steam/steamapps/common/DayZServerDITrader/config/ExpansionMod/Loadouts/BanditLoadout.json,Bandana_Polkapattern,Items[15],MASK
/mnt/c/Program Files (x86)/Steam/steamapps/common/DayZServerDITrader/config/ExpansionMod/Loadouts/BanditLoadout.json,Bandana_Redpattern,Items[16],MASK
/mnt/c/Program Files (x86)/Steam/steamapps/common/DayZServerDITrader/config/ExpansionMod/Loadouts/BanditLoadout.json,PoliceVest,Items[0],Vest
/mnt/c/Program Files (x86)/Steam/steamapps/common/DayZServerDITrader/config/ExpansionMod/Loadouts/BanditLoadout.json,UKAssVest_Olive,Items[1],Vest
/mnt/c/Program Files (x86)/Steam/steamapps/common/DayZServerDITrader/config/ExpansionMod/Loadouts/BanditLoadout.json,UKAssVest_Camo,Items[2],Vest
/mnt/c/Program Files (x86)/Steam/steamapps/common/DayZServerDITrader/config/ExpansionMod/Loadouts/BanditLoadout.json,HighCapacityVest_Olive,Items[3],Vest
/mnt/c/Program Files (x86)/Steam/steamapps/common/DayZServerDITrader/config/ExpansionMod/Loadouts/BanditLoadout.json,MilitaryBelt,Items[0],Hips
/mnt/c/Program Files (x86)/Steam/steamapps/common/DayZServerDITrader/config/ExpansionMod/Loadouts/BanditLoadout.json,CivilianBelt,Items[1],Hips
/mnt/c/Program Files (x86)/Steam/steamapps/common/DayZServerDITrader/config/ExpansionMod/Loadouts/BanditLoadout.json,BaseballBat,Items[0],Melee
/mnt/c/Program Files (x86)/Steam/steamapps/common/DayZServerDITrader/config/ExpansionMod/Loadouts/BanditLoadout.json,FirefighterAxe,Items[1],Melee
/mnt/c/Program Files (x86)/Steam/steamapps/common/DayZServerDITrader/config/ExpansionMod/Loadouts/BanditLoadout.json,Shovel,Items[2],Melee
/mnt/c/Program Files (x86)/Steam/steamapps/common/DayZServerDITrader/config/ExpansionMod/Loadouts/BanditLoadout.json,PipeWrench,Items[3],Melee
/mnt/c/Program Files (x86)/Steam/steamapps/common/DayZServerDITrader/config/ExpansionMod/Loadouts/BanditLoadout.json,Pipe,Items[4],Melee
/mnt/c/Program Files (x86)/Steam/steamapps/common/DayZServerDITrader/config/ExpansionMod/Loadouts/BanditLoadout.json,Pickaxe,Items[5],Melee
/mnt/c/Program Files (x86)/Steam/steamapps/common/DayZServerDITrader/config/ExpansionMod/Loadouts/BanditLoadout.json,Crowbar,Items[6],Melee
/mnt/c/Program Files (x86)/Steam/steamapps/common/DayZServerDITrader/config/ExpansionMod/Loadouts/BanditLoadout.json,,Items[7],Melee
/mnt/c/Program Files (x86)/Steam/steamapps/common/DayZServerDITrader/config/ExpansionMod/Loadouts/BanditLoadout.json,WEAPON,Sets[0],none
/mnt/c/Program Files (x86)/Steam/steamapps/common/DayZServerDITrader/config/ExpansionMod/Loadouts/BanditLoadout.json,AK101,Items[0],Shoulder
/mnt/c/Program Files (x86)/Steam/steamapps/common/DayZServerDITrader/config/ExpansionMod/Loadouts/BanditLoadout.json,Mag_AK101_30Rnd,Items[0],
/mnt/c/Program Files (x86)/Steam/steamapps/common/DayZServerDITrader/config/ExpansionMod/Loadouts/BanditLoadout.json,AK_PlasticBttstck,Items[1],
/mnt/c/Program Files (x86)/Steam/steamapps/common/DayZServerDITrader/config/ExpansionMod/Loadouts/BanditLoadout.json,AK_FoldingBttstck,Items[2],
/mnt/c/Program Files (x86)/Steam/steamapps/common/DayZServerDITrader/config/ExpansionMod/Loadouts/BanditLoadout.json,AK74_WoodBttstck,Items[3],
/mnt/c/Program Files (x86)/Steam/steamapps/common/DayZServerDITrader/config/ExpansionMod/Loadouts/BanditLoadout.json,AK_WoodBttstck,Items[4],
/mnt/c/Program Files (x86)/Steam/steamapps/common/DayZServerDITrader/config/ExpansionMod/Loadouts/BanditLoadout.json,AK_PlasticHndgrd,Items[5],
/mnt/c/Program Files (x86)/Steam/steamapps/common/DayZServerDITrader/config/ExpansionMod/Loadouts/BanditLoadout.json,AK_WoodHndgrd,Items[6],
/mnt/c/Program Files (x86)/Steam/steamapps/common/DayZServerDITrader/config/ExpansionMod/Loadouts/BanditLoadout.json,KashtanOptic,Items[7],
/mnt/c/Program Files (x86)/Steam/steamapps/common/DayZServerDITrader/config/ExpansionMod/Loadouts/BanditLoadout.json,KobraOptic,Items[8],
/mnt/c/Program Files (x86)/Steam/steamapps/common/DayZServerDITrader/config/ExpansionMod/Loadouts/BanditLoadout.json,Battery9V,Items[0],
/mnt/c/Program Files (x86)/Steam/steamapps/common/DayZServerDITrader/config/ExpansionMod/Loadouts/BanditLoadout.json,PSO1Optic,Items[9],
/mnt/c/Program Files (x86)/Steam/steamapps/common/DayZServerDITrader/config/ExpansionMod/Loadouts/BanditLoadout.json,Battery9V,Items[0],
/mnt/c/Program Files (x86)/Steam/steamapps/common/DayZServerDITrader/config/ExpansionMod/Loadouts/BanditLoadout.json,Mag_AK101_30Rnd,InventoryCargo[0],none
/mnt/c/Program Files (x86)/Steam/steamapps/common/DayZServerDITrader/config/ExpansionMod/Loadouts/BanditLoadout.json,Mag_AK101_30Rnd,InventoryCargo[1],none
/mnt/c/Program Files (x86)/Steam/steamapps/common/DayZServerDITrader/config/ExpansionMod/Loadouts/BanditLoadout.json,WEAPON,Sets[1],none
/mnt/c/Program Files (x86)/Steam/steamapps/common/DayZServerDITrader/config/ExpansionMod/Loadouts/BanditLoadout.json,AK74,Items[0],Shoulder
/mnt/c/Program Files (x86)/Steam/steamapps/common/DayZServerDITrader/config/ExpansionMod/Loadouts/BanditLoadout.json,Mag_AK74_30Rnd,Items[0],
/mnt/c/Program Files (x86)/Steam/steamapps/common/DayZServerDITrader/config/ExpansionMod/Loadouts/BanditLoadout.json,AK_PlasticBttstck,Items[1],
/mnt/c/Program Files (x86)/Steam/steamapps/common/DayZServerDITrader/config/ExpansionMod/Loadouts/BanditLoadout.json,AK_FoldingBttstck,Items[2],
/mnt/c/Program Files (x86)/Steam/steamapps/common/DayZServerDITrader/config/ExpansionMod/Loadouts/BanditLoadout.json,AK74_WoodBttstck,Items[3],
/mnt/c/Program Files (x86)/Steam/steamapps/common/DayZServerDITrader/config/ExpansionMod/Loadouts/BanditLoadout.json,AK_WoodBttstck,Items[4],
/mnt/c/Program Files (x86)/Steam/steamapps/common/DayZServerDITrader/config/ExpansionMod/Loadouts/BanditLoadout.json,AK74_Hndgrd,Items[5],
/mnt/c/Program Files (x86)/Steam/steamapps/common/DayZServerDITrader/config/ExpansionMod/Loadouts/BanditLoadout.json,AK_PlasticHndgrd,Items[6],
/mnt/c/Program Files (x86)/Steam/steamapps/common/DayZServerDITrader/config/ExpansionMod/Loadouts/BanditLoadout.json,AK_WoodHndgrd,Items[7],
/mnt/c/Program Files (x86)/Steam/steamapps/common/DayZServerDITrader/config/ExpansionMod/Loadouts/BanditLoadout.json,KashtanOptic,Items[8],
/mnt/c/Program Files (x86)/Steam/steamapps/common/DayZServerDITrader/config/ExpansionMod/Loadouts/BanditLoadout.json,KobraOptic,Items[9],
/mnt/c/Program Files (x86)/Steam/steamapps/common/DayZServerDITrader/config/ExpansionMod/Loadouts/BanditLoadout.json,Battery9V,Items[0],
/mnt/c/Program Files (x86)/Steam/steamapps/common/DayZServerDITrader/config/ExpansionMod/Loadouts/BanditLoadout.json,PSO1Optic,Items[10],
/mnt/c/Program Files (x86)/Steam/steamapps/common/DayZServerDITrader/config/ExpansionMod/Loadouts/BanditLoadout.json,Battery9V,Items[0],
/mnt/c/Program Files (x86)/Steam/steamapps/common/DayZServerDITrader/config/ExpansionMod/Loadouts/BanditLoadout.json,Mag_AK74_30Rnd,InventoryCargo[0],none
/mnt/c/Program Files (x86)/Steam/steamapps/common/DayZServerDITrader/config/ExpansionMod/Loadouts/BanditLoadout.json,Mag_AK74_30Rnd,InventoryCargo[1],none
/mnt/c/Program Files (x86)/Steam/steamapps/common/DayZServerDITrader/config/ExpansionMod/Loadouts/BanditLoadout.json,WEAPON,Sets[2],none
/mnt/c/Program Files (x86)/Steam/steamapps/common/DayZServerDITrader/config/ExpansionMod/Loadouts/BanditLoadout.json,AKS74U,Items[0],Shoulder
/mnt/c/Program Files (x86)/Steam/steamapps/common/DayZServerDITrader/config/ExpansionMod/Loadouts/BanditLoadout.json,Mag_AK74_30Rnd,Items[0],
/mnt/c/Program Files (x86)/Steam/steamapps/common/DayZServerDITrader/config/ExpansionMod/Loadouts/BanditLoadout.json,AKS74U_Bttstck,Items[1],
/mnt/c/Program Files (x86)/Steam/steamapps/common/DayZServerDITrader/config/ExpansionMod/Loadouts/BanditLoadout.json,KobraOptic,Items[2],
/mnt/c/Program Files (x86)/Steam/steamapps/common/DayZServerDITrader/config/ExpansionMod/Loadouts/BanditLoadout.json,Battery9V,Items[0],
/mnt/c/Program Files (x86)/Steam/steamapps/common/DayZServerDITrader/config/ExpansionMod/Loadouts/BanditLoadout.json,Mag_AK74_30Rnd,InventoryCargo[0],none
/mnt/c/Program Files (x86)/Steam/steamapps/common/DayZServerDITrader/config/ExpansionMod/Loadouts/BanditLoadout.json,Mag_AK74_30Rnd,InventoryCargo[1],none
/mnt/c/Program Files (x86)/Steam/steamapps/common/DayZServerDITrader/config/ExpansionMod/Loadouts/BanditLoadout.json,WEAPON,Sets[3],none
/mnt/c/Program Files (x86)/Steam/steamapps/common/DayZServerDITrader/config/ExpansionMod/Loadouts/BanditLoadout.json,AKM,Items[0],Shoulder
/mnt/c/Program Files (x86)/Steam/steamapps/common/DayZServerDITrader/config/ExpansionMod/Loadouts/BanditLoadout.json,Mag_AKM_30Rnd,Items[0],
/mnt/c/Program Files (x86)/Steam/steamapps/common/DayZServerDITrader/config/ExpansionMod/Loadouts/BanditLoadout.json,Mag_AKM_Drum75Rnd,Items[1],
/mnt/c/Program Files (x86)/Steam/steamapps/common/DayZServerDITrader/config/ExpansionMod/Loadouts/BanditLoadout.json,AK_PlasticBttstck,Items[2],
/mnt/c/Program Files (x86)/Steam/steamapps/common/DayZServerDITrader/config/ExpansionMod/Loadouts/BanditLoadout.json,AK_FoldingBttstck,Items[3],
/mnt/c/Program Files (x86)/Steam/steamapps/common/DayZServerDITrader/config/ExpansionMod/Loadouts/BanditLoadout.json,AK74_WoodBttstck,Items[4],
/mnt/c/Program Files (x86)/Steam/steamapps/common/DayZServerDITrader/config/ExpansionMod/Loadouts/BanditLoadout.json,AK_WoodBttstck,Items[5],
/mnt/c/Program Files (x86)/Steam/steamapps/common/DayZServerDITrader/config/ExpansionMod/Loadouts/BanditLoadout.json,AK_PlasticHndgrd,Items[6],
/mnt/c/Program Files (x86)/Steam/steamapps/common/DayZServerDITrader/config/ExpansionMod/Loadouts/BanditLoadout.json,AK_WoodHndgrd,Items[7],
/mnt/c/Program Files (x86)/Steam/steamapps/common/DayZServerDITrader/config/ExpansionMod/Loadouts/BanditLoadout.json,KashtanOptic,Items[8],
/mnt/c/Program Files (x86)/Steam/steamapps/common/DayZServerDITrader/config/ExpansionMod/Loadouts/BanditLoadout.json,KobraOptic,Items[9],
/mnt/c/Program Files (x86)/Steam/steamapps/common/DayZServerDITrader/config/ExpansionMod/Loadouts/BanditLoadout.json,Battery9V,Items[0],
/mnt/c/Program Files (x86)/Steam/steamapps/common/DayZServerDITrader/config/ExpansionMod/Loadouts/BanditLoadout.json,PSO1Optic,Items[10],
/mnt/c/Program Files (x86)/Steam/steamapps/common/DayZServerDITrader/config/ExpansionMod/Loadouts/BanditLoadout.json,Battery9V,Items[0],
/mnt/c/Program Files (x86)/Steam/steamapps/common/DayZServerDITrader/config/ExpansionMod/Loadouts/BanditLoadout.json,Mag_AKM_30Rnd,InventoryCargo[0],none
/mnt/c/Program Files (x86)/Steam/steamapps/common/DayZServerDITrader/config/ExpansionMod/Loadouts/BanditLoadout.json,Mag_AKM_30Rnd,InventoryCargo[1],none
/mnt/c/Program Files (x86)/Steam/steamapps/common/DayZServerDITrader/config/ExpansionMod/Loadouts/BanditLoadout.json,WEAPON,Sets[4],none
/mnt/c/Program Files (x86)/Steam/steamapps/common/DayZServerDITrader/config/ExpansionMod/Loadouts/BanditLoadout.json,MP5K,Items[0],Shoulder
/mnt/c/Program Files (x86)/Steam/steamapps/common/DayZServerDITrader/config/ExpansionMod/Loadouts/BanditLoadout.json,Mag_MP5_30Rnd,Items[0],
/mnt/c/Program Files (x86)/Steam/steamapps/common/DayZServerDITrader/config/ExpansionMod/Loadouts/BanditLoadout.json,Mag_MP5_15Rnd,Items[1],
/mnt/c/Program Files (x86)/Steam/steamapps/common/DayZServerDITrader/config/ExpansionMod/Loadouts/BanditLoadout.json,MP5k_StockBttstck,Items[2],
/mnt/c/Program Files (x86)/Steam/steamapps/common/DayZServerDITrader/config/ExpansionMod/Loadouts/BanditLoadout.json,MP5_PlasticHndgrd,Items[3],
/mnt/c/Program Files (x86)/Steam/steamapps/common/DayZServerDITrader/config/ExpansionMod/Loadouts/BanditLoadout.json,MP5_RailHndgrd,Items[4],
/mnt/c/Program Files (x86)/Steam/steamapps/common/DayZServerDITrader/config/ExpansionMod/Loadouts/BanditLoadout.json,MP5_Compensator,Items[5],
/mnt/c/Program Files (x86)/Steam/steamapps/common/DayZServerDITrader/config/ExpansionMod/Loadouts/BanditLoadout.json,ReflexOptic,Items[6],
/mnt/c/Program Files (x86)/Steam/steamapps/common/DayZServerDITrader/config/ExpansionMod/Loadouts/BanditLoadout.json,Battery9V,Items[0],
/mnt/c/Program Files (x86)/Steam/steamapps/common/DayZServerDITrader/config/ExpansionMod/Loadouts/BanditLoadout.json,Mag_MP5_15Rnd,InventoryCargo[0],none
/mnt/c/Program Files (x86)/Steam/steamapps/common/DayZServerDITrader/config/ExpansionMod/Loadouts/BanditLoadout.json,Mag_MP5_15Rnd,InventoryCargo[1],none
/mnt/c/Program Files (x86)/Steam/steamapps/common/DayZServerDITrader/config/ExpansionMod/Loadouts/BanditLoadout.json,Mag_MP5_30Rnd,InventoryCargo[2],none
/mnt/c/Program Files (x86)/Steam/steamapps/common/DayZServerDITrader/config/ExpansionMod/Loadouts/BanditLoadout.json,WEAPON,Sets[5],none
/mnt/c/Program Files (x86)/Steam/steamapps/common/DayZServerDITrader/config/ExpansionMod/Loadouts/BanditLoadout.json,Mosin9130,Items[0],Shoulder
/mnt/c/Program Files (x86)/Steam/steamapps/common/DayZServerDITrader/config/ExpansionMod/Loadouts/BanditLoadout.json,PUScopeOptic,Items[0],
/mnt/c/Program Files (x86)/Steam/steamapps/common/DayZServerDITrader/config/ExpansionMod/Loadouts/BanditLoadout.json,Ammo_762x54,InventoryCargo[0],none
/mnt/c/Program Files (x86)/Steam/steamapps/common/DayZServerDITrader/config/ExpansionMod/Loadouts/BanditLoadout.json,Ammo_762x54,InventoryCargo[1],none
/mnt/c/Program Files (x86)/Steam/steamapps/common/DayZServerDITrader/config/ExpansionMod/Loadouts/BanditLoadout.json,Ammo_762x54,InventoryCargo[2],none
/mnt/c/Program Files (x86)/Steam/steamapps/common/DayZServerDITrader/config/ExpansionMod/Loadouts/BanditLoadout.json,Ammo_545x39,InventoryCargo[3],none
/mnt/c/Program Files (x86)/Steam/steamapps/common/DayZServerDITrader/config/ExpansionMod/Loadouts/BanditLoadout.json,AmmoBox_545x39_20Rnd,InventoryCargo[4],none
/mnt/c/Program Files (x86)/Steam/steamapps/common/DayZServerDITrader/config/ExpansionMod/Loadouts/BanditLoadout.json,Ammo_308Win,InventoryCargo[5],none
/mnt/c/Program Files (x86)/Steam/steamapps/common/DayZServerDITrader/config/ExpansionMod/Loadouts/BanditLoadout.json,AmmoBox_308Win_20Rnd,InventoryCargo[6],none
/mnt/c/Program Files (x86)/Steam/steamapps/common/DayZServerDITrader/config/ExpansionMod/Loadouts/BanditLoadout.json,Ammo_12gaSlug,InventoryCargo[7],none
/mnt/c/Program Files (x86)/Steam/steamapps/common/DayZServerDITrader/config/ExpansionMod/Loadouts/BanditLoadout.json,Ammo_12gaPellets,InventoryCargo[8],none
/mnt/c/Program Files (x86)/Steam/steamapps/common/DayZServerDITrader/config/ExpansionMod/Loadouts/BanditLoadout.json,Ammo_Expansion_338,InventoryCargo[9],none
/mnt/c/Program Files (x86)/Steam/steamapps/common/DayZServerDITrader/config/ExpansionMod/Loadouts/BanditLoadout.json,WEAPON,Sets[6],none
/mnt/c/Program Files (x86)/Steam/steamapps/common/DayZServerDITrader/config/ExpansionMod/Loadouts/BanditLoadout.json,SKS,Items[0],Shoulder
/mnt/c/Program Files (x86)/Steam/steamapps/common/DayZServerDITrader/config/ExpansionMod/Loadouts/BanditLoadout.json,PUScopeOptic,Items[0],
/mnt/c/Program Files (x86)/Steam/steamapps/common/DayZServerDITrader/config/ExpansionMod/Loadouts/BanditLoadout.json,Ammo_762x39,InventoryCargo[0],none
/mnt/c/Program Files (x86)/Steam/steamapps/common/DayZServerDITrader/config/ExpansionMod/Loadouts/BanditLoadout.json,Ammo_762x39,InventoryCargo[1],none
/mnt/c/Program Files (x86)/Steam/steamapps/common/DayZServerDITrader/config/ExpansionMod/Loadouts/BanditLoadout.json,Ammo_762x39,InventoryCargo[2],none
/mnt/c/Program Files (x86)/Steam/steamapps/common/DayZServerDITrader/config/ExpansionMod/Loadouts/BanditLoadout.json,Ammo_545x39,InventoryCargo[3],none
/mnt/c/Program Files (x86)/Steam/steamapps/common/DayZServerDITrader/config/ExpansionMod/Loadouts/BanditLoadout.json,AmmoBox_545x39_20Rnd,InventoryCargo[4],none
/mnt/c/Program Files (x86)/Steam/steamapps/common/DayZServerDITrader/config/ExpansionMod/Loadouts/BanditLoadout.json,Ammo_308Win,InventoryCargo[5],none
/mnt/c/Program Files (x86)/Steam/steamapps/common/DayZServerDITrader/config/ExpansionMod/Loadouts/BanditLoadout.json,AmmoBox_308Win_20Rnd,InventoryCargo[6],none
/mnt/c/Program Files (x86)/Steam/steamapps/common/DayZServerDITrader/config/ExpansionMod/Loadouts/BanditLoadout.json,Ammo_12gaSlug,InventoryCargo[7],none
/mnt/c/Program Files (x86)/Steam/steamapps/common/DayZServerDITrader/config/ExpansionMod/Loadouts/BanditLoadout.json,Ammo_12gaPellets,InventoryCargo[8],none
/mnt/c/Program Files (x86)/Steam/steamapps/common/DayZServerDITrader/config/ExpansionMod/Loadouts/BanditLoadout.json,Ammo_Expansion_338,InventoryCargo[9],none
/mnt/c/Program Files (x86)/Steam/steamapps/common/DayZServerDITrader/config/ExpansionMod/Loadouts/BanditLoadout.json,WEAPON,Sets[7],none
/mnt/c/Program Files (x86)/Steam/steamapps/common/DayZServerDITrader/config/ExpansionMod/Loadouts/BanditLoadout.json,Ruger1022,Items[0],Shoulder
/mnt/c/Program Files (x86)/Steam/steamapps/common/DayZServerDITrader/config/ExpansionMod/Loadouts/BanditLoadout.json,Mag_Ruger1022_30Rnd,Items[0],
/mnt/c/Program Files (x86)/Steam/steamapps/common/DayZServerDITrader/config/ExpansionMod/Loadouts/BanditLoadout.json,Mag_Ruger1022_15Rnd,Items[1],
/mnt/c/Program Files (x86)/Steam/steamapps/common/DayZServerDITrader/config/ExpansionMod/Loadouts/BanditLoadout.json,Mag_Ruger1022_15Rnd,InventoryCargo[0],none
/mnt/c/Program Files (x86)/Steam/steamapps/common/DayZServerDITrader/config/ExpansionMod/Loadouts/BanditLoadout.json,Mag_Ruger1022_15Rnd,InventoryCargo[1],none
/mnt/c/Program Files (x86)/Steam/steamapps/common/DayZServerDITrader/config/ExpansionMod/Loadouts/BanditLoadout.json,Mag_Ruger1022_30Rnd,InventoryCargo[2],none
/mnt/c/Program Files (x86)/Steam/steamapps/common/DayZServerDITrader/config/ExpansionMod/Loadouts/BanditLoadout.json,WEAPON,Sets[8],none
/mnt/c/Program Files (x86)/Steam/steamapps/common/DayZServerDITrader/config/ExpansionMod/Loadouts/BanditLoadout.json,CZ550,Items[0],Shoulder
/mnt/c/Program Files (x86)/Steam/steamapps/common/DayZServerDITrader/config/ExpansionMod/Loadouts/BanditLoadout.json,Mag_CZ550_4rnd,Items[0],
/mnt/c/Program Files (x86)/Steam/steamapps/common/DayZServerDITrader/config/ExpansionMod/Loadouts/BanditLoadout.json,Mag_CZ550_10rnd,Items[1],
/mnt/c/Program Files (x86)/Steam/steamapps/common/DayZServerDITrader/config/ExpansionMod/Loadouts/BanditLoadout.json,HuntingOptic,Items[2],
/mnt/c/Program Files (x86)/Steam/steamapps/common/DayZServerDITrader/config/ExpansionMod/Loadouts/BanditLoadout.json,Mag_CZ550_10rnd,InventoryCargo[0],none
/mnt/c/Program Files (x86)/Steam/steamapps/common/DayZServerDITrader/config/ExpansionMod/Loadouts/BanditLoadout.json,Mag_CZ550_10rnd,InventoryCargo[1],none
/mnt/c/Program Files (x86)/Steam/steamapps/common/DayZServerDITrader/config/ExpansionMod/Loadouts/BanditLoadout.json,WEAPON,Sets[9],none
/mnt/c/Program Files (x86)/Steam/steamapps/common/DayZServerDITrader/config/ExpansionMod/Loadouts/BanditLoadout.json,P1,Items[0],Hands
/mnt/c/Program Files (x86)/Steam/steamapps/common/DayZServerDITrader/config/ExpansionMod/Loadouts/BanditLoadout.json,Mag_P1_8Rnd,Items[0],
/mnt/c/Program Files (x86)/Steam/steamapps/common/DayZServerDITrader/config/ExpansionMod/Loadouts/BanditLoadout.json,Mag_P1_8Rnd,InventoryCargo[0],none
/mnt/c/Program Files (x86)/Steam/steamapps/common/DayZServerDITrader/config/ExpansionMod/Loadouts/BanditLoadout.json,Mag_P1_8Rnd,InventoryCargo[1],none
/mnt/c/Program Files (x86)/Steam/steamapps/common/DayZServerDITrader/config/ExpansionMod/Loadouts/BanditLoadout.json,WEAPON,Sets[10],none
/mnt/c/Program Files (x86)/Steam/steamapps/common/DayZServerDITrader/config/ExpansionMod/Loadouts/BanditLoadout.json,Mp133Shotgun,Items[0],Shoulder
/mnt/c/Program Files (x86)/Steam/steamapps/common/DayZServerDITrader/config/ExpansionMod/Loadouts/BanditLoadout.json,Ammo_12gaSlug,InventoryCargo[0],none
/mnt/c/Program Files (x86)/Steam/steamapps/common/DayZServerDITrader/config/ExpansionMod/Loadouts/BanditLoadout.json,Ammo_12gaPellets,InventoryCargo[1],none
/mnt/c/Program Files (x86)/Steam/steamapps/common/DayZServerDITrader/config/ExpansionMod/Loadouts/BanditLoadout.json,Ammo_12gaSlug,InventoryCargo[2],none
/mnt/c/Program Files (x86)/Steam/steamapps/common/DayZServerDITrader/config/ExpansionMod/Loadouts/BanditLoadout.json,Ammo_12gaPellets,InventoryCargo[3],none
/mnt/c/Program Files (x86)/Steam/steamapps/common/DayZServerDITrader/config/ExpansionMod/Loadouts/BanditLoadout.json,Ammo_545x39,InventoryCargo[4],none
/mnt/c/Program Files (x86)/Steam/steamapps/common/DayZServerDITrader/config/ExpansionMod/Loadouts/BanditLoadout.json,AmmoBox_545x39_20Rnd,InventoryCargo[5],none
/mnt/c/Program Files (x86)/Steam/steamapps/common/DayZServerDITrader/config/ExpansionMod/Loadouts/BanditLoadout.json,Ammo_308Win,InventoryCargo[6],none
/mnt/c/Program Files (x86)/Steam/steamapps/common/DayZServerDITrader/config/ExpansionMod/Loadouts/BanditLoadout.json,AmmoBox_308Win_20Rnd,InventoryCargo[7],none
/mnt/c/Program Files (x86)/Steam/steamapps/common/DayZServerDITrader/config/ExpansionMod/Loadouts/BanditLoadout.json,Ammo_12gaSlug,InventoryCargo[8],none
/mnt/c/Program Files (x86)/Steam/steamapps/common/DayZServerDITrader/config/ExpansionMod/Loadouts/BanditLoadout.json,Ammo_12gaPellets,InventoryCargo[9],none
/mnt/c/Program Files (x86)/Steam/steamapps/common/DayZServerDITrader/config/ExpansionMod/Loadouts/BanditLoadout.json,Ammo_Expansion_338,InventoryCargo[10],none
/mnt/c/Program Files (x86)/Steam/steamapps/common/DayZServerDITrader/config/ExpansionMod/Loadouts/BanditLoadout.json,WEAPON,Sets[11],none
/mnt/c/Program Files (x86)/Steam/steamapps/common/DayZServerDITrader/config/ExpansionMod/Loadouts/BanditLoadout.json,CZ527,Items[0],Shoulder
/mnt/c/Program Files (x86)/Steam/steamapps/common/DayZServerDITrader/config/ExpansionMod/Loadouts/BanditLoadout.json,Mag_CZ527_5rnd,Items[0],
/mnt/c/Program Files (x86)/Steam/steamapps/common/DayZServerDITrader/config/ExpansionMod/Loadouts/BanditLoadout.json,HuntingOptic,Items[1],
/mnt/c/Program Files (x86)/Steam/steamapps/common/DayZServerDITrader/config/ExpansionMod/Loadouts/BanditLoadout.json,Mag_CZ527_5rnd,InventoryCargo[0],none
/mnt/c/Program Files (x86)/Steam/steamapps/common/DayZServerDITrader/config/ExpansionMod/Loadouts/BanditLoadout.json,Mag_CZ527_5rnd,InventoryCargo[1],none
/mnt/c/Program Files (x86)/Steam/steamapps/common/DayZServerDITrader/config/ExpansionMod/Loadouts/BanditLoadout.json,WEAPON,Sets[12],none
/mnt/c/Program Files (x86)/Steam/steamapps/common/DayZServerDITrader/config/ExpansionMod/Loadouts/BanditLoadout.json,UMP45,Items[0],Shoulder
/mnt/c/Program Files (x86)/Steam/steamapps/common/DayZServerDITrader/config/ExpansionMod/Loadouts/BanditLoadout.json,Mag_UMP_25Rnd,Items[0],
/mnt/c/Program Files (x86)/Steam/steamapps/common/DayZServerDITrader/config/ExpansionMod/Loadouts/BanditLoadout.json,ReflexOptic,Items[1],
/mnt/c/Program Files (x86)/Steam/steamapps/common/DayZServerDITrader/config/ExpansionMod/Loadouts/BanditLoadout.json,Battery9V,Items[0],
/mnt/c/Program Files (x86)/Steam/steamapps/common/DayZServerDITrader/config/ExpansionMod/Loadouts/BanditLoadout.json,Mag_UMP_25Rnd,InventoryCargo[0],none
/mnt/c/Program Files (x86)/Steam/steamapps/common/DayZServerDITrader/config/ExpansionMod/Loadouts/BanditLoadout.json,Mag_UMP_25Rnd,InventoryCargo[1],none
/mnt/c/Program Files (x86)/Steam/steamapps/common/DayZServerDITrader/config/ExpansionMod/Loadouts/BanditLoadout.json,WEAPON,Sets[13],none
/mnt/c/Program Files (x86)/Steam/steamapps/common/DayZServerDITrader/config/ExpansionMod/Loadouts/BanditLoadout.json,CZ61,Items[0],Shoulder
/mnt/c/Program Files (x86)/Steam/steamapps/common/DayZServerDITrader/config/ExpansionMod/Loadouts/BanditLoadout.json,Mag_CZ61_20Rnd,Items[0],
/mnt/c/Program Files (x86)/Steam/steamapps/common/DayZServerDITrader/config/ExpansionMod/Loadouts/BanditLoadout.json,Mag_CZ61_20Rnd,InventoryCargo[0],none
/mnt/c/Program Files (x86)/Steam/steamapps/common/DayZServerDITrader/config/ExpansionMod/Loadouts/BanditLoadout.json,Mag_CZ61_20Rnd,InventoryCargo[1],none
/mnt/c/Program Files (x86)/Steam/steamapps/common/DayZServerDITrader/config/ExpansionMod/Loadouts/BanditLoadout.json,WEAPON,Sets[14],none
/mnt/c/Program Files (x86)/Steam/steamapps/common/DayZServerDITrader/config/ExpansionMod/Loadouts/BanditLoadout.json,FNX45,Items[0],Hands
/mnt/c/Program Files (x86)/Steam/steamapps/common/DayZServerDITrader/config/ExpansionMod/Loadouts/BanditLoadout.json,Mag_FNX45_15Rnd,Items[0],
/mnt/c/Program Files (x86)/Steam/steamapps/common/DayZServerDITrader/config/ExpansionMod/Loadouts/BanditLoadout.json,Mag_FNX45_15Rnd,InventoryCargo[0],none
/mnt/c/Program Files (x86)/Steam/steamapps/common/DayZServerDITrader/config/ExpansionMod/Loadouts/BanditLoadout.json,Mag_FNX45_15Rnd,InventoryCargo[1],none
/mnt/c/Program Files (x86)/Steam/steamapps/common/DayZServerDITrader/config/ExpansionMod/Loadouts/BanditLoadout.json,WEAPON,Sets[15],none
/mnt/c/Program Files (x86)/Steam/steamapps/common/DayZServerDITrader/config/ExpansionMod/Loadouts/BanditLoadout.json,MKII,Items[0],Hands
/mnt/c/Program Files (x86)/Steam/steamapps/common/DayZServerDITrader/config/ExpansionMod/Loadouts/BanditLoadout.json,Mag_MKII_10Rnd,Items[0],
/mnt/c/Program Files (x86)/Steam/steamapps/common/DayZServerDITrader/config/ExpansionMod/Loadouts/BanditLoadout.json,Mag_MKII_10Rnd,InventoryCargo[0],none
/mnt/c/Program Files (x86)/Steam/steamapps/common/DayZServerDITrader/config/ExpansionMod/Loadouts/BanditLoadout.json,Mag_MKII_10Rnd,InventoryCargo[1],none
/mnt/c/Program Files (x86)/Steam/steamapps/common/DayZServerDITrader/config/ExpansionMod/Loadouts/BanditLoadout.json,WEAPON,Sets[16],none
/mnt/c/Program Files (x86)/Steam/steamapps/common/DayZServerDITrader/config/ExpansionMod/Loadouts/BanditLoadout.json,CZ75,Items[0],Hands
/mnt/c/Program Files (x86)/Steam/steamapps/common/DayZServerDITrader/config/ExpansionMod/Loadouts/BanditLoadout.json,Mag_CZ75_15Rnd,Items[0],
/mnt/c/Program Files (x86)/Steam/steamapps/common/DayZServerDITrader/config/ExpansionMod/Loadouts/BanditLoadout.json,Mag_CZ75_15Rnd,InventoryCargo[0],none
/mnt/c/Program Files (x86)/Steam/steamapps/common/DayZServerDITrader/config/ExpansionMod/Loadouts/BanditLoadout.json,Mag_CZ75_15Rnd,InventoryCargo[1],none
/mnt/c/Program Files (x86)/Steam/steamapps/common/DayZServerDITrader/config/ExpansionMod/Loadouts/BanditLoadout.json,WEAPON,Sets[17],none
/mnt/c/Program Files (x86)/Steam/steamapps/common/DayZServerDITrader/config/ExpansionMod/Loadouts/BanditLoadout.json,MakarovIJ70,Items[0],Hands
/mnt/c/Program Files (x86)/Steam/steamapps/common/DayZServerDITrader/config/ExpansionMod/Loadouts/BanditLoadout.json,Mag_IJ70_8Rnd,Items[0],
/mnt/c/Program Files (x86)/Steam/steamapps/common/DayZServerDITrader/config/ExpansionMod/Loadouts/BanditLoadout.json,Mag_IJ70_8Rnd,InventoryCargo[0],none
/mnt/c/Program Files (x86)/Steam/steamapps/common/DayZServerDITrader/config/ExpansionMod/Loadouts/BanditLoadout.json,Mag_IJ70_8Rnd,InventoryCargo[1],none
/mnt/c/Program Files (x86)/Steam/steamapps/common/DayZServerDITrader/config/ExpansionMod/Loadouts/BanditLoadout.json,WEAPON,Sets[18],none
/mnt/c/Program Files (x86)/Steam/steamapps/common/DayZServerDITrader/config/ExpansionMod/Loadouts/BanditLoadout.json,Glock19,Items[0],Hands
/mnt/c/Program Files (x86)/Steam/steamapps/common/DayZServerDITrader/config/ExpansionMod/Loadouts/BanditLoadout.json,Mag_Glock_15Rnd,Items[0],
/mnt/c/Program Files (x86)/Steam/steamapps/common/DayZServerDITrader/config/ExpansionMod/Loadouts/BanditLoadout.json,Mag_Glock_15Rnd,InventoryCargo[0],none
/mnt/c/Program Files (x86)/Steam/steamapps/common/DayZServerDITrader/config/ExpansionMod/Loadouts/BanditLoadout.json,Mag_Glock_15Rnd,InventoryCargo[1],none
/mnt/c/Program Files (x86)/Steam/steamapps/common/DayZServerDITrader/config/ExpansionMod/Loadouts/EastLoadout.json,,,none
/mnt/c/Program Files (x86)/Steam/steamapps/common/DayZServerDITrader/config/ExpansionMod/Loadouts/EastLoadout.json,GorkaEJacket_Autumn,Items[0],Body
/mnt/c/Program Files (x86)/Steam/steamapps/common/DayZServerDITrader/config/ExpansionMod/Loadouts/EastLoadout.json,GorkaEJacket_Flat,Items[1],Body
/mnt/c/Program Files (x86)/Steam/steamapps/common/DayZServerDITrader/config/ExpansionMod/Loadouts/EastLoadout.json,GorkaEJacket_PautRev,Items[2],Body
/mnt/c/Program Files (x86)/Steam/steamapps/common/DayZServerDITrader/config/ExpansionMod/Loadouts/EastLoadout.json,GorkaEJacket_Summer,Items[3],Body
/mnt/c/Program Files (x86)/Steam/steamapps/common/DayZServerDITrader/config/ExpansionMod/Loadouts/EastLoadout.json,TTsKOJacket_Camo,Items[4],Body
/mnt/c/Program Files (x86)/Steam/steamapps/common/DayZServerDITrader/config/ExpansionMod/Loadouts/EastLoadout.json,GorkaPants_Autumn,Items[0],Legs
/mnt/c/Program Files (x86)/Steam/steamapps/common/DayZServerDITrader/config/ExpansionMod/Loadouts/EastLoadout.json,Ammo_762x54,InventoryCargo[0],Legs
/mnt/c/Program Files (x86)/Steam/steamapps/common/DayZServerDITrader/config/ExpansionMod/Loadouts/EastLoadout.json,Ammo_308Win,InventoryCargo[1],Legs
/mnt/c/Program Files (x86)/Steam/steamapps/common/DayZServerDITrader/config/ExpansionMod/Loadouts/EastLoadout.json,Ammo_556x45,InventoryCargo[2],Legs
/mnt/c/Program Files (x86)/Steam/steamapps/common/DayZServerDITrader/config/ExpansionMod/Loadouts/EastLoadout.json,Ammo_762x39,InventoryCargo[3],Legs
/mnt/c/Program Files (x86)/Steam/steamapps/common/DayZServerDITrader/config/ExpansionMod/Loadouts/EastLoadout.json,Ammo_545x39,InventoryCargo[4],Legs
/mnt/c/Program Files (x86)/Steam/steamapps/common/DayZServerDITrader/config/ExpansionMod/Loadouts/EastLoadout.json,AmmoBox_545x39_20Rnd,InventoryCargo[5],Legs
/mnt/c/Program Files (x86)/Steam/steamapps/common/DayZServerDITrader/config/ExpansionMod/Loadouts/EastLoadout.json,Ammo_308Win,InventoryCargo[6],Legs
/mnt/c/Program Files (x86)/Steam/steamapps/common/DayZServerDITrader/config/ExpansionMod/Loadouts/EastLoadout.json,AmmoBox_308Win_20Rnd,InventoryCargo[7],Legs
/mnt/c/Program Files (x86)/Steam/steamapps/common/DayZServerDITrader/config/ExpansionMod/Loadouts/EastLoadout.json,Ammo_12gaSlug,InventoryCargo[8],Legs
/mnt/c/Program Files (x86)/Steam/steamapps/common/DayZServerDITrader/config/ExpansionMod/Loadouts/EastLoadout.json,Ammo_12gaPellets,InventoryCargo[9],Legs
/mnt/c/Program Files (x86)/Steam/steamapps/common/DayZServerDITrader/config/ExpansionMod/Loadouts/EastLoadout.json,Ammo_Expansion_338,InventoryCargo[10],Legs
/mnt/c/Program Files (x86)/Steam/steamapps/common/DayZServerDITrader/config/ExpansionMod/Loadouts/EastLoadout.json,GorkaPants_Flat,Items[1],Legs
/mnt/c/Program Files (x86)/Steam/steamapps/common/DayZServerDITrader/config/ExpansionMod/Loadouts/EastLoadout.json,Ammo_762x54,InventoryCargo[0],Legs
/mnt/c/Program Files (x86)/Steam/steamapps/common/DayZServerDITrader/config/ExpansionMod/Loadouts/EastLoadout.json,Ammo_308Win,InventoryCargo[1],Legs
/mnt/c/Program Files (x86)/Steam/steamapps/common/DayZServerDITrader/config/ExpansionMod/Loadouts/EastLoadout.json,Ammo_556x45,InventoryCargo[2],Legs
/mnt/c/Program Files (x86)/Steam/steamapps/common/DayZServerDITrader/config/ExpansionMod/Loadouts/EastLoadout.json,Ammo_762x39,InventoryCargo[3],Legs
/mnt/c/Program Files (x86)/Steam/steamapps/common/DayZServerDITrader/config/ExpansionMod/Loadouts/EastLoadout.json,Ammo_545x39,InventoryCargo[4],Legs
/mnt/c/Program Files (x86)/Steam/steamapps/common/DayZServerDITrader/config/ExpansionMod/Loadouts/EastLoadout.json,AmmoBox_545x39_20Rnd,InventoryCargo[5],Legs
/mnt/c/Program Files (x86)/Steam/steamapps/common/DayZServerDITrader/config/ExpansionMod/Loadouts/EastLoadout.json,Ammo_308Win,InventoryCargo[6],Legs
/mnt/c/Program Files (x86)/Steam/steamapps/common/DayZServerDITrader/config/ExpansionMod/Loadouts/EastLoadout.json,AmmoBox_308Win_20Rnd,InventoryCargo[7],Legs
/mnt/c/Program Files (x86)/Steam/steamapps/common/DayZServerDITrader/config/ExpansionMod/Loadouts/EastLoadout.json,Ammo_12gaSlug,InventoryCargo[8],Legs
/mnt/c/Program Files (x86)/Steam/steamapps/common/DayZServerDITrader/config/ExpansionMod/Loadouts/EastLoadout.json,Ammo_12gaPellets,InventoryCargo[9],Legs
/mnt/c/Program Files (x86)/Steam/steamapps/common/DayZServerDITrader/config/ExpansionMod/Loadouts/EastLoadout.json,Ammo_Expansion_338,InventoryCargo[10],Legs
/mnt/c/Program Files (x86)/Steam/steamapps/common/DayZServerDITrader/config/ExpansionMod/Loadouts/EastLoadout.json,GorkaPants_PautRev,Items[2],Legs
/mnt/c/Program Files (x86)/Steam/steamapps/common/DayZServerDITrader/config/ExpansionMod/Loadouts/EastLoadout.json,Ammo_762x54,InventoryCargo[0],Legs
/mnt/c/Program Files (x86)/Steam/steamapps/common/DayZServerDITrader/config/ExpansionMod/Loadouts/EastLoadout.json,Ammo_308Win,InventoryCargo[1],Legs
/mnt/c/Program Files (x86)/Steam/steamapps/common/DayZServerDITrader/config/ExpansionMod/Loadouts/EastLoadout.json,Ammo_556x45,InventoryCargo[2],Legs
/mnt/c/Program Files (x86)/Steam/steamapps/common/DayZServerDITrader/config/ExpansionMod/Loadouts/EastLoadout.json,Ammo_762x39,InventoryCargo[3],Legs
/mnt/c/Program Files (x86)/Steam/steamapps/common/DayZServerDITrader/config/ExpansionMod/Loadouts/EastLoadout.json,Ammo_545x39,InventoryCargo[4],Legs
/mnt/c/Program Files (x86)/Steam/steamapps/common/DayZServerDITrader/config/ExpansionMod/Loadouts/EastLoadout.json,AmmoBox_545x39_20Rnd,InventoryCargo[5],Legs
/mnt/c/Program Files (x86)/Steam/steamapps/common/DayZServerDITrader/config/ExpansionMod/Loadouts/EastLoadout.json,Ammo_308Win,InventoryCargo[6],Legs
/mnt/c/Program Files (x86)/Steam/steamapps/common/DayZServerDITrader/config/ExpansionMod/Loadouts/EastLoadout.json,AmmoBox_308Win_20Rnd,InventoryCargo[7],Legs
/mnt/c/Program Files (x86)/Steam/steamapps/common/DayZServerDITrader/config/ExpansionMod/Loadouts/EastLoadout.json,Ammo_12gaSlug,InventoryCargo[8],Legs
/mnt/c/Program Files (x86)/Steam/steamapps/common/DayZServerDITrader/config/ExpansionMod/Loadouts/EastLoadout.json,Ammo_12gaPellets,InventoryCargo[9],Legs
/mnt/c/Program Files (x86)/Steam/steamapps/common/DayZServerDITrader/config/ExpansionMod/Loadouts/EastLoadout.json,Ammo_Expansion_338,InventoryCargo[10],Legs
/mnt/c/Program Files (x86)/Steam/steamapps/common/DayZServerDITrader/config/ExpansionMod/Loadouts/EastLoadout.json,GorkaPants_Summer,Items[3],Legs
/mnt/c/Program Files (x86)/Steam/steamapps/common/DayZServerDITrader/config/ExpansionMod/Loadouts/EastLoadout.json,Ammo_762x54,InventoryCargo[0],Legs
/mnt/c/Program Files (x86)/Steam/steamapps/common/DayZServerDITrader/config/ExpansionMod/Loadouts/EastLoadout.json,Ammo_308Win,InventoryCargo[1],Legs
/mnt/c/Program Files (x86)/Steam/steamapps/common/DayZServerDITrader/config/ExpansionMod/Loadouts/EastLoadout.json,Ammo_556x45,InventoryCargo[2],Legs
/mnt/c/Program Files (x86)/Steam/steamapps/common/DayZServerDITrader/config/ExpansionMod/Loadouts/EastLoadout.json,Ammo_762x39,InventoryCargo[3],Legs
/mnt/c/Program Files (x86)/Steam/steamapps/common/DayZServerDITrader/config/ExpansionMod/Loadouts/EastLoadout.json,Ammo_545x39,InventoryCargo[4],Legs
/mnt/c/Program Files (x86)/Steam/steamapps/common/DayZServerDITrader/config/ExpansionMod/Loadouts/EastLoadout.json,AmmoBox_545x39_20Rnd,InventoryCargo[5],Legs
/mnt/c/Program Files (x86)/Steam/steamapps/common/DayZServerDITrader/config/ExpansionMod/Loadouts/EastLoadout.json,Ammo_308Win,InventoryCargo[6],Legs
/mnt/c/Program Files (x86)/Steam/steamapps/common/DayZServerDITrader/config/ExpansionMod/Loadouts/EastLoadout.json,AmmoBox_308Win_20Rnd,InventoryCargo[7],Legs
/mnt/c/Program Files (x86)/Steam/steamapps/common/DayZServerDITrader/config/ExpansionMod/Loadouts/EastLoadout.json,Ammo_12gaSlug,InventoryCargo[8],Legs
/mnt/c/Program Files (x86)/Steam/steamapps/common/DayZServerDITrader/config/ExpansionMod/Loadouts/EastLoadout.json,Ammo_12gaPellets,InventoryCargo[9],Legs
/mnt/c/Program Files (x86)/Steam/steamapps/common/DayZServerDITrader/config/ExpansionMod/Loadouts/EastLoadout.json,Ammo_Expansion_338,InventoryCargo[10],Legs
/mnt/c/Program Files (x86)/Steam/steamapps/common/DayZServerDITrader/config/ExpansionMod/Loadouts/EastLoadout.json,TTSKOPants,Items[4],Legs
/mnt/c/Program Files (x86)/Steam/steamapps/common/DayZServerDITrader/config/ExpansionMod/Loadouts/EastLoadout.json,Ammo_762x54,InventoryCargo[0],Legs
/mnt/c/Program Files (x86)/Steam/steamapps/common/DayZServerDITrader/config/ExpansionMod/Loadouts/EastLoadout.json,Ammo_308Win,InventoryCargo[1],Legs
/mnt/c/Program Files (x86)/Steam/steamapps/common/DayZServerDITrader/config/ExpansionMod/Loadouts/EastLoadout.json,Ammo_556x45,InventoryCargo[2],Legs
/mnt/c/Program Files (x86)/Steam/steamapps/common/DayZServerDITrader/config/ExpansionMod/Loadouts/EastLoadout.json,Ammo_762x39,InventoryCargo[3],Legs
/mnt/c/Program Files (x86)/Steam/steamapps/common/DayZServerDITrader/config/ExpansionMod/Loadouts/EastLoadout.json,Ammo_545x39,InventoryCargo[4],Legs
/mnt/c/Program Files (x86)/Steam/steamapps/common/DayZServerDITrader/config/ExpansionMod/Loadouts/EastLoadout.json,AmmoBox_545x39_20Rnd,InventoryCargo[5],Legs
/mnt/c/Program Files (x86)/Steam/steamapps/common/DayZServerDITrader/config/ExpansionMod/Loadouts/EastLoadout.json,Ammo_308Win,InventoryCargo[6],Legs
/mnt/c/Program Files (x86)/Steam/steamapps/common/DayZServerDITrader/config/ExpansionMod/Loadouts/EastLoadout.json,AmmoBox_308Win_20Rnd,InventoryCargo[7],Legs
/mnt/c/Program Files (x86)/Steam/steamapps/common/DayZServerDITrader/config/ExpansionMod/Loadouts/EastLoadout.json,Ammo_12gaSlug,InventoryCargo[8],Legs
/mnt/c/Program Files (x86)/Steam/steamapps/common/DayZServerDITrader/config/ExpansionMod/Loadouts/EastLoadout.json,Ammo_12gaPellets,InventoryCargo[9],Legs
/mnt/c/Program Files (x86)/Steam/steamapps/common/DayZServerDITrader/config/ExpansionMod/Loadouts/EastLoadout.json,Ammo_Expansion_338,InventoryCargo[10],Legs
/mnt/c/Program Files (x86)/Steam/steamapps/common/DayZServerDITrader/config/ExpansionMod/Loadouts/EastLoadout.json,CombatBoots_Beige,Items[0],Feet
/mnt/c/Program Files (x86)/Steam/steamapps/common/DayZServerDITrader/config/ExpansionMod/Loadouts/EastLoadout.json,CombatBoots_Black,Items[1],Feet
/mnt/c/Program Files (x86)/Steam/steamapps/common/DayZServerDITrader/config/ExpansionMod/Loadouts/EastLoadout.json,CombatBoots_Brown,Items[2],Feet
/mnt/c/Program Files (x86)/Steam/steamapps/common/DayZServerDITrader/config/ExpansionMod/Loadouts/EastLoadout.json,CombatBoots_Green,Items[3],Feet
/mnt/c/Program Files (x86)/Steam/steamapps/common/DayZServerDITrader/config/ExpansionMod/Loadouts/EastLoadout.json,CombatBoots_Grey,Items[4],Feet
/mnt/c/Program Files (x86)/Steam/steamapps/common/DayZServerDITrader/config/ExpansionMod/Loadouts/EastLoadout.json,TTSKOBoots,Items[5],Feet
/mnt/c/Program Files (x86)/Steam/steamapps/common/DayZServerDITrader/config/ExpansionMod/Loadouts/EastLoadout.json,TortillaBag,Items[0],Back
/mnt/c/Program Files (x86)/Steam/steamapps/common/DayZServerDITrader/config/ExpansionMod/Loadouts/EastLoadout.json,MakarovIJ70,InventoryCargo[0],Back
/mnt/c/Program Files (x86)/Steam/steamapps/common/DayZServerDITrader/config/ExpansionMod/Loadouts/EastLoadout.json,Mag_IJ70_8Rnd,InventoryCargo[1],Back
/mnt/c/Program Files (x86)/Steam/steamapps/common/DayZServerDITrader/config/ExpansionMod/Loadouts/EastLoadout.json,Mag_IJ70_8Rnd,InventoryCargo[2],Back
/mnt/c/Program Files (x86)/Steam/steamapps/common/DayZServerDITrader/config/ExpansionMod/Loadouts/EastLoadout.json,BandageDressing,InventoryCargo[3],Back
/mnt/c/Program Files (x86)/Steam/steamapps/common/DayZServerDITrader/config/ExpansionMod/Loadouts/EastLoadout.json,BandageDressing,InventoryCargo[4],Back
/mnt/c/Program Files (x86)/Steam/steamapps/common/DayZServerDITrader/config/ExpansionMod/Loadouts/EastLoadout.json,Chemlight_Green,InventoryCargo[5],Back
/mnt/c/Program Files (x86)/Steam/steamapps/common/DayZServerDITrader/config/ExpansionMod/Loadouts/EastLoadout.json,Chemlight_Green,InventoryCargo[6],Back
/mnt/c/Program Files (x86)/Steam/steamapps/common/DayZServerDITrader/config/ExpansionMod/Loadouts/EastLoadout.json,RDG2SmokeGrenade_Black,InventoryCargo[7],Back
/mnt/c/Program Files (x86)/Steam/steamapps/common/DayZServerDITrader/config/ExpansionMod/Loadouts/EastLoadout.json,RDG2SmokeGrenade_White,InventoryCargo[8],Back
/mnt/c/Program Files (x86)/Steam/steamapps/common/DayZServerDITrader/config/ExpansionMod/Loadouts/EastLoadout.json,Ammo_762x39,InventoryCargo[9],Back
/mnt/c/Program Files (x86)/Steam/steamapps/common/DayZServerDITrader/config/ExpansionMod/Loadouts/EastLoadout.json,Ammo_545x39,InventoryCargo[10],Back
/mnt/c/Program Files (x86)/Steam/steamapps/common/DayZServerDITrader/config/ExpansionMod/Loadouts/EastLoadout.json,AmmoBox_545x39_20Rnd,InventoryCargo[11],Back
/mnt/c/Program Files (x86)/Steam/steamapps/common/DayZServerDITrader/config/ExpansionMod/Loadouts/EastLoadout.json,Ammo_308Win,InventoryCargo[12],Back
/mnt/c/Program Files (x86)/Steam/steamapps/common/DayZServerDITrader/config/ExpansionMod/Loadouts/EastLoadout.json,AmmoBox_308Win_20Rnd,InventoryCargo[13],Back
/mnt/c/Program Files (x86)/Steam/steamapps/common/DayZServerDITrader/config/ExpansionMod/Loadouts/EastLoadout.json,Ammo_12gaSlug,InventoryCargo[14],Back
/mnt/c/Program Files (x86)/Steam/steamapps/common/DayZServerDITrader/config/ExpansionMod/Loadouts/EastLoadout.json,Ammo_12gaPellets,InventoryCargo[15],Back
/mnt/c/Program Files (x86)/Steam/steamapps/common/DayZServerDITrader/config/ExpansionMod/Loadouts/EastLoadout.json,Ammo_Expansion_338,InventoryCargo[16],Back
/mnt/c/Program Files (x86)/Steam/steamapps/common/DayZServerDITrader/config/ExpansionMod/Loadouts/EastLoadout.json,AssaultBag_Ttsko,Items[1],Back
/mnt/c/Program Files (x86)/Steam/steamapps/common/DayZServerDITrader/config/ExpansionMod/Loadouts/EastLoadout.json,MakarovIJ70,InventoryCargo[0],Back
/mnt/c/Program Files (x86)/Steam/steamapps/common/DayZServerDITrader/config/ExpansionMod/Loadouts/EastLoadout.json,Mag_IJ70_8Rnd,InventoryCargo[1],Back
/mnt/c/Program Files (x86)/Steam/steamapps/common/DayZServerDITrader/config/ExpansionMod/Loadouts/EastLoadout.json,Mag_IJ70_8Rnd,InventoryCargo[2],Back
/mnt/c/Program Files (x86)/Steam/steamapps/common/DayZServerDITrader/config/ExpansionMod/Loadouts/EastLoadout.json,BandageDressing,InventoryCargo[3],Back
/mnt/c/Program Files (x86)/Steam/steamapps/common/DayZServerDITrader/config/ExpansionMod/Loadouts/EastLoadout.json,BandageDressing,InventoryCargo[4],Back
/mnt/c/Program Files (x86)/Steam/steamapps/common/DayZServerDITrader/config/ExpansionMod/Loadouts/EastLoadout.json,Chemlight_Green,InventoryCargo[5],Back
/mnt/c/Program Files (x86)/Steam/steamapps/common/DayZServerDITrader/config/ExpansionMod/Loadouts/EastLoadout.json,Chemlight_Green,InventoryCargo[6],Back
/mnt/c/Program Files (x86)/Steam/steamapps/common/DayZServerDITrader/config/ExpansionMod/Loadouts/EastLoadout.json,RDG2SmokeGrenade_Black,InventoryCargo[7],Back
/mnt/c/Program Files (x86)/Steam/steamapps/common/DayZServerDITrader/config/ExpansionMod/Loadouts/EastLoadout.json,RDG2SmokeGrenade_White,InventoryCargo[8],Back
/mnt/c/Program Files (x86)/Steam/steamapps/common/DayZServerDITrader/config/ExpansionMod/Loadouts/EastLoadout.json,Ammo_762x39,InventoryCargo[9],Back
/mnt/c/Program Files (x86)/Steam/steamapps/common/DayZServerDITrader/config/ExpansionMod/Loadouts/EastLoadout.json,Ammo_545x39,InventoryCargo[10],Back
/mnt/c/Program Files (x86)/Steam/steamapps/common/DayZServerDITrader/config/ExpansionMod/Loadouts/EastLoadout.json,AmmoBox_545x39_20Rnd,InventoryCargo[11],Back
/mnt/c/Program Files (x86)/Steam/steamapps/common/DayZServerDITrader/config/ExpansionMod/Loadouts/EastLoadout.json,Ammo_308Win,InventoryCargo[12],Back
/mnt/c/Program Files (x86)/Steam/steamapps/common/DayZServerDITrader/config/ExpansionMod/Loadouts/EastLoadout.json,AmmoBox_308Win_20Rnd,InventoryCargo[13],Back
/mnt/c/Program Files (x86)/Steam/steamapps/common/DayZServerDITrader/config/ExpansionMod/Loadouts/EastLoadout.json,Ammo_12gaSlug,InventoryCargo[14],Back
/mnt/c/Program Files (x86)/Steam/steamapps/common/DayZServerDITrader/config/ExpansionMod/Loadouts/EastLoadout.json,Ammo_12gaPellets,InventoryCargo[15],Back
/mnt/c/Program Files (x86)/Steam/steamapps/common/DayZServerDITrader/config/ExpansionMod/Loadouts/EastLoadout.json,Ammo_Expansion_338,InventoryCargo[16],Back
/mnt/c/Program Files (x86)/Steam/steamapps/common/DayZServerDITrader/config/ExpansionMod/Loadouts/EastLoadout.json,SmershBag,Items[2],Back
/mnt/c/Program Files (x86)/Steam/steamapps/common/DayZServerDITrader/config/ExpansionMod/Loadouts/EastLoadout.json,MakarovIJ70,InventoryCargo[0],Back
/mnt/c/Program Files (x86)/Steam/steamapps/common/DayZServerDITrader/config/ExpansionMod/Loadouts/EastLoadout.json,Mag_IJ70_8Rnd,InventoryCargo[1],Back
/mnt/c/Program Files (x86)/Steam/steamapps/common/DayZServerDITrader/config/ExpansionMod/Loadouts/EastLoadout.json,Mag_IJ70_8Rnd,InventoryCargo[2],Back
/mnt/c/Program Files (x86)/Steam/steamapps/common/DayZServerDITrader/config/ExpansionMod/Loadouts/EastLoadout.json,BandageDressing,InventoryCargo[3],Back
/mnt/c/Program Files (x86)/Steam/steamapps/common/DayZServerDITrader/config/ExpansionMod/Loadouts/EastLoadout.json,BandageDressing,InventoryCargo[4],Back
/mnt/c/Program Files (x86)/Steam/steamapps/common/DayZServerDITrader/config/ExpansionMod/Loadouts/EastLoadout.json,Chemlight_Green,InventoryCargo[5],Back
/mnt/c/Program Files (x86)/Steam/steamapps/common/DayZServerDITrader/config/ExpansionMod/Loadouts/EastLoadout.json,Chemlight_Green,InventoryCargo[6],Back
/mnt/c/Program Files (x86)/Steam/steamapps/common/DayZServerDITrader/config/ExpansionMod/Loadouts/EastLoadout.json,RDG2SmokeGrenade_Black,InventoryCargo[7],Back
/mnt/c/Program Files (x86)/Steam/steamapps/common/DayZServerDITrader/config/ExpansionMod/Loadouts/EastLoadout.json,RDG2SmokeGrenade_White,InventoryCargo[8],Back
/mnt/c/Program Files (x86)/Steam/steamapps/common/DayZServerDITrader/config/ExpansionMod/Loadouts/EastLoadout.json,Ammo_762x39,InventoryCargo[9],Back
/mnt/c/Program Files (x86)/Steam/steamapps/common/DayZServerDITrader/config/ExpansionMod/Loadouts/EastLoadout.json,Ammo_545x39,InventoryCargo[10],Back
/mnt/c/Program Files (x86)/Steam/steamapps/common/DayZServerDITrader/config/ExpansionMod/Loadouts/EastLoadout.json,AmmoBox_545x39_20Rnd,InventoryCargo[11],Back
/mnt/c/Program Files (x86)/Steam/steamapps/common/DayZServerDITrader/config/ExpansionMod/Loadouts/EastLoadout.json,Ammo_308Win,InventoryCargo[12],Back
/mnt/c/Program Files (x86)/Steam/steamapps/common/DayZServerDITrader/config/ExpansionMod/Loadouts/EastLoadout.json,AmmoBox_308Win_20Rnd,InventoryCargo[13],Back
/mnt/c/Program Files (x86)/Steam/steamapps/common/DayZServerDITrader/config/ExpansionMod/Loadouts/EastLoadout.json,Ammo_12gaSlug,InventoryCargo[14],Back
/mnt/c/Program Files (x86)/Steam/steamapps/common/DayZServerDITrader/config/ExpansionMod/Loadouts/EastLoadout.json,Ammo_12gaPellets,InventoryCargo[15],Back
/mnt/c/Program Files (x86)/Steam/steamapps/common/DayZServerDITrader/config/ExpansionMod/Loadouts/EastLoadout.json,Ammo_Expansion_338,InventoryCargo[16],Back
/mnt/c/Program Files (x86)/Steam/steamapps/common/DayZServerDITrader/config/ExpansionMod/Loadouts/EastLoadout.json,,Items[3],Back
/mnt/c/Program Files (x86)/Steam/steamapps/common/DayZServerDITrader/config/ExpansionMod/Loadouts/EastLoadout.json,SmershVest,Items[0],Vest
/mnt/c/Program Files (x86)/Steam/steamapps/common/DayZServerDITrader/config/ExpansionMod/Loadouts/EastLoadout.json,SmershBag,Items[0],
/mnt/c/Program Files (x86)/Steam/steamapps/common/DayZServerDITrader/config/ExpansionMod/Loadouts/EastLoadout.json,UKAssVest_Olive,Items[1],Vest
/mnt/c/Program Files (x86)/Steam/steamapps/common/DayZServerDITrader/config/ExpansionMod/Loadouts/EastLoadout.json,UKAssVest_Camo,Items[2],Vest
/mnt/c/Program Files (x86)/Steam/steamapps/common/DayZServerDITrader/config/ExpansionMod/Loadouts/EastLoadout.json,HighCapacityVest_Olive,Items[3],Vest
/mnt/c/Program Files (x86)/Steam/steamapps/common/DayZServerDITrader/config/ExpansionMod/Loadouts/EastLoadout.json,Ssh68Helmet,Items[0],Headgear
/mnt/c/Program Files (x86)/Steam/steamapps/common/DayZServerDITrader/config/ExpansionMod/Loadouts/EastLoadout.json,,Items[1],Headgear
/mnt/c/Program Files (x86)/Steam/steamapps/common/DayZServerDITrader/config/ExpansionMod/Loadouts/EastLoadout.json,TankerHelmet,Items[2],Headgear
/mnt/c/Program Files (x86)/Steam/steamapps/common/DayZServerDITrader/config/ExpansionMod/Loadouts/EastLoadout.json,PilotkaCap,Items[3],Headgear
/mnt/c/Program Files (x86)/Steam/steamapps/common/DayZServerDITrader/config/ExpansionMod/Loadouts/EastLoadout.json,OfficierHat,Items[4],Headgear
/mnt/c/Program Files (x86)/Steam/steamapps/common/DayZServerDITrader/config/ExpansionMod/Loadouts/EastLoadout.json,GorkaHelmet,Items[5],Headgear
/mnt/c/Program Files (x86)/Steam/steamapps/common/DayZServerDITrader/config/ExpansionMod/Loadouts/EastLoadout.json,GorkaHelmetVisor,Items[0],Headgear
/mnt/c/Program Files (x86)/Steam/steamapps/common/DayZServerDITrader/config/ExpansionMod/Loadouts/EastLoadout.json,OMNOGloves_Brown,Items[0],Gloves
/mnt/c/Program Files (x86)/Steam/steamapps/common/DayZServerDITrader/config/ExpansionMod/Loadouts/EastLoadout.json,OMNOGloves_Gray,Items[1],Gloves
/mnt/c/Program Files (x86)/Steam/steamapps/common/DayZServerDITrader/config/ExpansionMod/Loadouts/EastLoadout.json,,Items[2],Gloves
/mnt/c/Program Files (x86)/Steam/steamapps/common/DayZServerDITrader/config/ExpansionMod/Loadouts/EastLoadout.json,MilitaryBelt,Items[0],Hips
/mnt/c/Program Files (x86)/Steam/steamapps/common/DayZServerDITrader/config/ExpansionMod/Loadouts/EastLoadout.json,Apple,InventoryCargo[0],none
/mnt/c/Program Files (x86)/Steam/steamapps/common/DayZServerDITrader/config/ExpansionMod/Loadouts/EastLoadout.json,BandageDressing,InventoryCargo[1],none
/mnt/c/Program Files (x86)/Steam/steamapps/common/DayZServerDITrader/config/ExpansionMod/Loadouts/EastLoadout.json,WEAPON,Sets[0],none
/mnt/c/Program Files (x86)/Steam/steamapps/common/DayZServerDITrader/config/ExpansionMod/Loadouts/EastLoadout.json,AK101,Items[0],Shoulder
/mnt/c/Program Files (x86)/Steam/steamapps/common/DayZServerDITrader/config/ExpansionMod/Loadouts/EastLoadout.json,Mag_AK101_30Rnd,Items[0],
/mnt/c/Program Files (x86)/Steam/steamapps/common/DayZServerDITrader/config/ExpansionMod/Loadouts/EastLoadout.json,AK_PlasticBttstck,Items[1],
/mnt/c/Program Files (x86)/Steam/steamapps/common/DayZServerDITrader/config/ExpansionMod/Loadouts/EastLoadout.json,AK_FoldingBttstck,Items[2],
/mnt/c/Program Files (x86)/Steam/steamapps/common/DayZServerDITrader/config/ExpansionMod/Loadouts/EastLoadout.json,AK74_WoodBttstck,Items[3],
/mnt/c/Program Files (x86)/Steam/steamapps/common/DayZServerDITrader/config/ExpansionMod/Loadouts/EastLoadout.json,AK_WoodBttstck,Items[4],
/mnt/c/Program Files (x86)/Steam/steamapps/common/DayZServerDITrader/config/ExpansionMod/Loadouts/EastLoadout.json,AK_PlasticHndgrd,Items[5],
/mnt/c/Program Files (x86)/Steam/steamapps/common/DayZServerDITrader/config/ExpansionMod/Loadouts/EastLoadout.json,AK_WoodHndgrd,Items[6],
/mnt/c/Program Files (x86)/Steam/steamapps/common/DayZServerDITrader/config/ExpansionMod/Loadouts/EastLoadout.json,KashtanOptic,Items[7],
/mnt/c/Program Files (x86)/Steam/steamapps/common/DayZServerDITrader/config/ExpansionMod/Loadouts/EastLoadout.json,KobraOptic,Items[8],
/mnt/c/Program Files (x86)/Steam/steamapps/common/DayZServerDITrader/config/ExpansionMod/Loadouts/EastLoadout.json,Battery9V,Items[0],
/mnt/c/Program Files (x86)/Steam/steamapps/common/DayZServerDITrader/config/ExpansionMod/Loadouts/EastLoadout.json,PSO1Optic,Items[9],
/mnt/c/Program Files (x86)/Steam/steamapps/common/DayZServerDITrader/config/ExpansionMod/Loadouts/EastLoadout.json,Battery9V,Items[0],
/mnt/c/Program Files (x86)/Steam/steamapps/common/DayZServerDITrader/config/ExpansionMod/Loadouts/EastLoadout.json,Mag_AK101_30Rnd,InventoryCargo[0],none
/mnt/c/Program Files (x86)/Steam/steamapps/common/DayZServerDITrader/config/ExpansionMod/Loadouts/EastLoadout.json,Mag_AK101_30Rnd,InventoryCargo[1],none
/mnt/c/Program Files (x86)/Steam/steamapps/common/DayZServerDITrader/config/ExpansionMod/Loadouts/EastLoadout.json,WEAPON,Sets[1],none
/mnt/c/Program Files (x86)/Steam/steamapps/common/DayZServerDITrader/config/ExpansionMod/Loadouts/EastLoadout.json,AK74,Items[0],Shoulder
/mnt/c/Program Files (x86)/Steam/steamapps/common/DayZServerDITrader/config/ExpansionMod/Loadouts/EastLoadout.json,Mag_AK74_30Rnd,Items[0],
/mnt/c/Program Files (x86)/Steam/steamapps/common/DayZServerDITrader/config/ExpansionMod/Loadouts/EastLoadout.json,AK_PlasticBttstck,Items[1],
/mnt/c/Program Files (x86)/Steam/steamapps/common/DayZServerDITrader/config/ExpansionMod/Loadouts/EastLoadout.json,AK_FoldingBttstck,Items[2],
/mnt/c/Program Files (x86)/Steam/steamapps/common/DayZServerDITrader/config/ExpansionMod/Loadouts/EastLoadout.json,AK74_WoodBttstck,Items[3],
/mnt/c/Program Files (x86)/Steam/steamapps/common/DayZServerDITrader/config/ExpansionMod/Loadouts/EastLoadout.json,AK_WoodBttstck,Items[4],
/mnt/c/Program Files (x86)/Steam/steamapps/common/DayZServerDITrader/config/ExpansionMod/Loadouts/EastLoadout.json,AK74_Hndgrd,Items[5],
/mnt/c/Program Files (x86)/Steam/steamapps/common/DayZServerDITrader/config/ExpansionMod/Loadouts/EastLoadout.json,AK_PlasticHndgrd,Items[6],
/mnt/c/Program Files (x86)/Steam/steamapps/common/DayZServerDITrader/config/ExpansionMod/Loadouts/EastLoadout.json,AK_WoodHndgrd,Items[7],
/mnt/c/Program Files (x86)/Steam/steamapps/common/DayZServerDITrader/config/ExpansionMod/Loadouts/EastLoadout.json,KashtanOptic,Items[8],
/mnt/c/Program Files (x86)/Steam/steamapps/common/DayZServerDITrader/config/ExpansionMod/Loadouts/EastLoadout.json,KobraOptic,Items[9],
/mnt/c/Program Files (x86)/Steam/steamapps/common/DayZServerDITrader/config/ExpansionMod/Loadouts/EastLoadout.json,Battery9V,Items[0],
/mnt/c/Program Files (x86)/Steam/steamapps/common/DayZServerDITrader/config/ExpansionMod/Loadouts/EastLoadout.json,PSO1Optic,Items[10],
/mnt/c/Program Files (x86)/Steam/steamapps/common/DayZServerDITrader/config/ExpansionMod/Loadouts/EastLoadout.json,Battery9V,Items[0],
/mnt/c/Program Files (x86)/Steam/steamapps/common/DayZServerDITrader/config/ExpansionMod/Loadouts/EastLoadout.json,Mag_AK74_30Rnd,InventoryCargo[0],none
/mnt/c/Program Files (x86)/Steam/steamapps/common/DayZServerDITrader/config/ExpansionMod/Loadouts/EastLoadout.json,Mag_AK74_30Rnd,InventoryCargo[1],none
/mnt/c/Program Files (x86)/Steam/steamapps/common/DayZServerDITrader/config/ExpansionMod/Loadouts/EastLoadout.json,WEAPON,Sets[2],none
/mnt/c/Program Files (x86)/Steam/steamapps/common/DayZServerDITrader/config/ExpansionMod/Loadouts/EastLoadout.json,AKS74U,Items[0],Shoulder
/mnt/c/Program Files (x86)/Steam/steamapps/common/DayZServerDITrader/config/ExpansionMod/Loadouts/EastLoadout.json,Mag_AK74_30Rnd,Items[0],
/mnt/c/Program Files (x86)/Steam/steamapps/common/DayZServerDITrader/config/ExpansionMod/Loadouts/EastLoadout.json,AKS74U_Bttstck,Items[1],
/mnt/c/Program Files (x86)/Steam/steamapps/common/DayZServerDITrader/config/ExpansionMod/Loadouts/EastLoadout.json,KobraOptic,Items[2],
/mnt/c/Program Files (x86)/Steam/steamapps/common/DayZServerDITrader/config/ExpansionMod/Loadouts/EastLoadout.json,Battery9V,Items[0],
/mnt/c/Program Files (x86)/Steam/steamapps/common/DayZServerDITrader/config/ExpansionMod/Loadouts/EastLoadout.json,Mag_AK74_30Rnd,InventoryCargo[0],none
/mnt/c/Program Files (x86)/Steam/steamapps/common/DayZServerDITrader/config/ExpansionMod/Loadouts/EastLoadout.json,Mag_AK74_30Rnd,InventoryCargo[1],none
/mnt/c/Program Files (x86)/Steam/steamapps/common/DayZServerDITrader/config/ExpansionMod/Loadouts/EastLoadout.json,WEAPON,Sets[3],none
/mnt/c/Program Files (x86)/Steam/steamapps/common/DayZServerDITrader/config/ExpansionMod/Loadouts/EastLoadout.json,AKM,Items[0],Shoulder
/mnt/c/Program Files (x86)/Steam/steamapps/common/DayZServerDITrader/config/ExpansionMod/Loadouts/EastLoadout.json,Mag_AKM_30Rnd,Items[0],
/mnt/c/Program Files (x86)/Steam/steamapps/common/DayZServerDITrader/config/ExpansionMod/Loadouts/EastLoadout.json,Mag_AKM_Drum75Rnd,Items[1],
/mnt/c/Program Files (x86)/Steam/steamapps/common/DayZServerDITrader/config/ExpansionMod/Loadouts/EastLoadout.json,AK_PlasticBttstck,Items[2],
/mnt/c/Program Files (x86)/Steam/steamapps/common/DayZServerDITrader/config/ExpansionMod/Loadouts/EastLoadout.json,AK_FoldingBttstck,Items[3],
/mnt/c/Program Files (x86)/Steam/steamapps/common/DayZServerDITrader/config/ExpansionMod/Loadouts/EastLoadout.json,AK74_WoodBttstck,Items[4],
/mnt/c/Program Files (x86)/Steam/steamapps/common/DayZServerDITrader/config/ExpansionMod/Loadouts/EastLoadout.json,AK_WoodBttstck,Items[5],
/mnt/c/Program Files (x86)/Steam/steamapps/common/DayZServerDITrader/config/ExpansionMod/Loadouts/EastLoadout.json,AK_PlasticHndgrd,Items[6],
/mnt/c/Program Files (x86)/Steam/steamapps/common/DayZServerDITrader/config/ExpansionMod/Loadouts/EastLoadout.json,AK_WoodHndgrd,Items[7],
/mnt/c/Program Files (x86)/Steam/steamapps/common/DayZServerDITrader/config/ExpansionMod/Loadouts/EastLoadout.json,KashtanOptic,Items[8],
/mnt/c/Program Files (x86)/Steam/steamapps/common/DayZServerDITrader/config/ExpansionMod/Loadouts/EastLoadout.json,KobraOptic,Items[9],
/mnt/c/Program Files (x86)/Steam/steamapps/common/DayZServerDITrader/config/ExpansionMod/Loadouts/EastLoadout.json,Battery9V,Items[0],
/mnt/c/Program Files (x86)/Steam/steamapps/common/DayZServerDITrader/config/ExpansionMod/Loadouts/EastLoadout.json,PSO1Optic,Items[10],
/mnt/c/Program Files (x86)/Steam/steamapps/common/DayZServerDITrader/config/ExpansionMod/Loadouts/EastLoadout.json,Battery9V,Items[0],
/mnt/c/Program Files (x86)/Steam/steamapps/common/DayZServerDITrader/config/ExpansionMod/Loadouts/EastLoadout.json,Mag_AKM_30Rnd,InventoryCargo[0],none
/mnt/c/Program Files (x86)/Steam/steamapps/common/DayZServerDITrader/config/ExpansionMod/Loadouts/EastLoadout.json,Mag_AKM_30Rnd,InventoryCargo[1],none
/mnt/c/Program Files (x86)/Steam/steamapps/common/DayZServerDITrader/config/ExpansionMod/Loadouts/EastLoadout.json,WEAPON,Sets[4],none
/mnt/c/Program Files (x86)/Steam/steamapps/common/DayZServerDITrader/config/ExpansionMod/Loadouts/EastLoadout.json,SVD,Items[0],Shoulder
/mnt/c/Program Files (x86)/Steam/steamapps/common/DayZServerDITrader/config/ExpansionMod/Loadouts/EastLoadout.json,Mag_SVD_10Rnd,Items[0],
/mnt/c/Program Files (x86)/Steam/steamapps/common/DayZServerDITrader/config/ExpansionMod/Loadouts/EastLoadout.json,PSO1Optic,Items[1],
/mnt/c/Program Files (x86)/Steam/steamapps/common/DayZServerDITrader/config/ExpansionMod/Loadouts/EastLoadout.json,Battery9V,Items[0],
/mnt/c/Program Files (x86)/Steam/steamapps/common/DayZServerDITrader/config/ExpansionMod/Loadouts/EastLoadout.json,Mag_SVD_10Rnd,InventoryCargo[0],none
/mnt/c/Program Files (x86)/Steam/steamapps/common/DayZServerDITrader/config/ExpansionMod/Loadouts/EastLoadout.json,Mag_SVD_10Rnd,InventoryCargo[1],none
/mnt/c/Program Files (x86)/Steam/steamapps/common/DayZServerDITrader/config/ExpansionMod/Loadouts/EastLoadout.json,WEAPON,Sets[5],none
/mnt/c/Program Files (x86)/Steam/steamapps/common/DayZServerDITrader/config/ExpansionMod/Loadouts/EastLoadout.json,PP19,Items[0],Shoulder
/mnt/c/Program Files (x86)/Steam/steamapps/common/DayZServerDITrader/config/ExpansionMod/Loadouts/EastLoadout.json,Mag_PP19_64Rnd,Items[0],
/mnt/c/Program Files (x86)/Steam/steamapps/common/DayZServerDITrader/config/ExpansionMod/Loadouts/EastLoadout.json,PP19_Bttstck,Items[1],
/mnt/c/Program Files (x86)/Steam/steamapps/common/DayZServerDITrader/config/ExpansionMod/Loadouts/EastLoadout.json,PistolSuppressor,Items[2],
/mnt/c/Program Files (x86)/Steam/steamapps/common/DayZServerDITrader/config/ExpansionMod/Loadouts/EastLoadout.json,KobraOptic,Items[3],
/mnt/c/Program Files (x86)/Steam/steamapps/common/DayZServerDITrader/config/ExpansionMod/Loadouts/EastLoadout.json,Battery9V,Items[0],
/mnt/c/Program Files (x86)/Steam/steamapps/common/DayZServerDITrader/config/ExpansionMod/Loadouts/EastLoadout.json,Mag_PP19_64Rnd,InventoryCargo[0],none
/mnt/c/Program Files (x86)/Steam/steamapps/common/DayZServerDITrader/config/ExpansionMod/Loadouts/EastLoadout.json,Mag_PP19_64Rnd,InventoryCargo[1],none
/mnt/c/Program Files (x86)/Steam/steamapps/common/DayZServerDITrader/config/ExpansionMod/Loadouts/EastLoadout.json,WEAPON,Sets[6],none
/mnt/c/Program Files (x86)/Steam/steamapps/common/DayZServerDITrader/config/ExpansionMod/Loadouts/EastLoadout.json,FAL,Items[0],Shoulder
/mnt/c/Program Files (x86)/Steam/steamapps/common/DayZServerDITrader/config/ExpansionMod/Loadouts/EastLoadout.json,Mag_FAL_20Rnd,Items[0],
/mnt/c/Program Files (x86)/Steam/steamapps/common/DayZServerDITrader/config/ExpansionMod/Loadouts/EastLoadout.json,Fal_FoldingBttstck,Items[1],
/mnt/c/Program Files (x86)/Steam/steamapps/common/DayZServerDITrader/config/ExpansionMod/Loadouts/EastLoadout.json,Fal_OeBttstck,Items[2],
/mnt/c/Program Files (x86)/Steam/steamapps/common/DayZServerDITrader/config/ExpansionMod/Loadouts/EastLoadout.json,ACOGOptic,Items[3],
/mnt/c/Program Files (x86)/Steam/steamapps/common/DayZServerDITrader/config/ExpansionMod/Loadouts/EastLoadout.json,ReflexOptic,Items[4],
/mnt/c/Program Files (x86)/Steam/steamapps/common/DayZServerDITrader/config/ExpansionMod/Loadouts/EastLoadout.json,Battery9V,Items[0],
/mnt/c/Program Files (x86)/Steam/steamapps/common/DayZServerDITrader/config/ExpansionMod/Loadouts/EastLoadout.json,Mag_FAL_20Rnd,InventoryCargo[0],none
/mnt/c/Program Files (x86)/Steam/steamapps/common/DayZServerDITrader/config/ExpansionMod/Loadouts/EastLoadout.json,Mag_FAL_20Rnd,InventoryCargo[1],none
/mnt/c/Program Files (x86)/Steam/steamapps/common/DayZServerDITrader/config/ExpansionMod/Loadouts/FireFighterLoadout.json,,,none
/mnt/c/Program Files (x86)/Steam/steamapps/common/DayZServerDITrader/config/ExpansionMod/Loadouts/FireFighterLoadout.json,FirefighterJacket_Beige,Items[0],Body
/mnt/c/Program Files (x86)/Steam/steamapps/common/DayZServerDITrader/config/ExpansionMod/Loadouts/FireFighterLoadout.json,FirefighterJacket_Black,Items[1],Body
/mnt/c/Program Files (x86)/Steam/steamapps/common/DayZServerDITrader/config/ExpansionMod/Loadouts/FireFighterLoadout.json,FirefightersPants_Beige,Items[0],Legs
/mnt/c/Program Files (x86)/Steam/steamapps/common/DayZServerDITrader/config/ExpansionMod/Loadouts/FireFighterLoadout.json,FirefightersPants_Black,Items[1],Legs
/mnt/c/Program Files (x86)/Steam/steamapps/common/DayZServerDITrader/config/ExpansionMod/Loadouts/FireFighterLoadout.json,WorkingBoots_Beige,Items[0],Feet
/mnt/c/Program Files (x86)/Steam/steamapps/common/DayZServerDITrader/config/ExpansionMod/Loadouts/FireFighterLoadout.json,WorkingBoots_Grey,Items[1],Feet
/mnt/c/Program Files (x86)/Steam/steamapps/common/DayZServerDITrader/config/ExpansionMod/Loadouts/FireFighterLoadout.json,WorkingBoots_Yellow,Items[2],Feet
/mnt/c/Program Files (x86)/Steam/steamapps/common/DayZServerDITrader/config/ExpansionMod/Loadouts/FireFighterLoadout.json,ReflexVest,Items[0],Vest
/mnt/c/Program Files (x86)/Steam/steamapps/common/DayZServerDITrader/config/ExpansionMod/Loadouts/FireFighterLoadout.json,FirefightersHelmet_Red,Items[0],Headgear
/mnt/c/Program Files (x86)/Steam/steamapps/common/DayZServerDITrader/config/ExpansionMod/Loadouts/FireFighterLoadout.json,FirefightersHelmet_White,Items[1],Headgear
/mnt/c/Program Files (x86)/Steam/steamapps/common/DayZServerDITrader/config/ExpansionMod/Loadouts/FireFighterLoadout.json,FirefightersHelmet_Yellow,Items[2],Headgear
/mnt/c/Program Files (x86)/Steam/steamapps/common/DayZServerDITrader/config/ExpansionMod/Loadouts/FireFighterLoadout.json,WorkingGloves_Beige,Items[0],Gloves
/mnt/c/Program Files (x86)/Steam/steamapps/common/DayZServerDITrader/config/ExpansionMod/Loadouts/FireFighterLoadout.json,WorkingGloves_Black,Items[1],Gloves
/mnt/c/Program Files (x86)/Steam/steamapps/common/DayZServerDITrader/config/ExpansionMod/Loadouts/FireFighterLoadout.json,WorkingGloves_Brown,Items[2],Gloves
/mnt/c/Program Files (x86)/Steam/steamapps/common/DayZServerDITrader/config/ExpansionMod/Loadouts/FireFighterLoadout.json,WorkingGloves_Yellow,Items[3],Gloves
/mnt/c/Program Files (x86)/Steam/steamapps/common/DayZServerDITrader/config/ExpansionMod/Loadouts/FireFighterLoadout.json,CivilianBelt,Items[0],Hips
/mnt/c/Program Files (x86)/Steam/steamapps/common/DayZServerDITrader/config/ExpansionMod/Loadouts/FireFighterLoadout.json,FirefighterAxe,Items[0],Melee
/mnt/c/Program Files (x86)/Steam/steamapps/common/DayZServerDITrader/config/ExpansionMod/Loadouts/FireFighterLoadout.json,Crowbar,Items[1],Melee
/mnt/c/Program Files (x86)/Steam/steamapps/common/DayZServerDITrader/config/ExpansionMod/Loadouts/FreshSpawnLoadout.json,,,none
/mnt/c/Program Files (x86)/Steam/steamapps/common/DayZServerDITrader/config/ExpansionMod/Loadouts/FreshSpawnLoadout.json,TShirt_Beige,Items[0],Body
/mnt/c/Program Files (x86)/Steam/steamapps/common/DayZServerDITrader/config/ExpansionMod/Loadouts/FreshSpawnLoadout.json,TShirt_Black,Items[1],Body
/mnt/c/Program Files (x86)/Steam/steamapps/common/DayZServerDITrader/config/ExpansionMod/Loadouts/FreshSpawnLoadout.json,TShirt_Blue,Items[2],Body
/mnt/c/Program Files (x86)/Steam/steamapps/common/DayZServerDITrader/config/ExpansionMod/Loadouts/FreshSpawnLoadout.json,TShirt_Green,Items[3],Body
/mnt/c/Program Files (x86)/Steam/steamapps/common/DayZServerDITrader/config/ExpansionMod/Loadouts/FreshSpawnLoadout.json,TShirt_Grey,Items[4],Body
/mnt/c/Program Files (x86)/Steam/steamapps/common/DayZServerDITrader/config/ExpansionMod/Loadouts/FreshSpawnLoadout.json,TShirt_OrangeWhiteStripes,Items[5],Body
/mnt/c/Program Files (x86)/Steam/steamapps/common/DayZServerDITrader/config/ExpansionMod/Loadouts/FreshSpawnLoadout.json,TShirt_Red,Items[6],Body
/mnt/c/Program Files (x86)/Steam/steamapps/common/DayZServerDITrader/config/ExpansionMod/Loadouts/FreshSpawnLoadout.json,TShirt_RedBlackStripes,Items[7],Body
/mnt/c/Program Files (x86)/Steam/steamapps/common/DayZServerDITrader/config/ExpansionMod/Loadouts/FreshSpawnLoadout.json,TShirt_White,Items[8],Body
/mnt/c/Program Files (x86)/Steam/steamapps/common/DayZServerDITrader/config/ExpansionMod/Loadouts/FreshSpawnLoadout.json,CanvasPantsMidi_Beige,Items[0],Legs
/mnt/c/Program Files (x86)/Steam/steamapps/common/DayZServerDITrader/config/ExpansionMod/Loadouts/FreshSpawnLoadout.json,CanvasPantsMidi_Blue,Items[1],Legs
/mnt/c/Program Files (x86)/Steam/steamapps/common/DayZServerDITrader/config/ExpansionMod/Loadouts/FreshSpawnLoadout.json,CanvasPantsMidi_Grey,Items[2],Legs
/mnt/c/Program Files (x86)/Steam/steamapps/common/DayZServerDITrader/config/ExpansionMod/Loadouts/FreshSpawnLoadout.json,CanvasPantsMidi_Red,Items[3],Legs
/mnt/c/Program Files (x86)/Steam/steamapps/common/DayZServerDITrader/config/ExpansionMod/Loadouts/FreshSpawnLoadout.json,CanvasPantsMidi_Violet,Items[4],Legs
/mnt/c/Program Files (x86)/Steam/steamapps/common/DayZServerDITrader/config/ExpansionMod/Loadouts/FreshSpawnLoadout.json,AthleticShoes_Black,Items[0],Feet
/mnt/c/Program Files (x86)/Steam/steamapps/common/DayZServerDITrader/config/ExpansionMod/Loadouts/FreshSpawnLoadout.json,AthleticShoes_Blue,Items[1],Feet
/mnt/c/Program Files (x86)/Steam/steamapps/common/DayZServerDITrader/config/ExpansionMod/Loadouts/FreshSpawnLoadout.json,AthleticShoes_Brown,Items[2],Feet
/mnt/c/Program Files (x86)/Steam/steamapps/common/DayZServerDITrader/config/ExpansionMod/Loadouts/FreshSpawnLoadout.json,AthleticShoes_Green,Items[3],Feet
/mnt/c/Program Files (x86)/Steam/steamapps/common/DayZServerDITrader/config/ExpansionMod/Loadouts/FreshSpawnLoadout.json,AthleticShoes_Grey,Items[4],Feet
/mnt/c/Program Files (x86)/Steam/steamapps/common/DayZServerDITrader/config/ExpansionMod/Loadouts/FreshSpawnLoadout.json,BandageDressing,InventoryCargo[0],none
/mnt/c/Program Files (x86)/Steam/steamapps/common/DayZServerDITrader/config/ExpansionMod/Loadouts/FreshSpawnLoadout.json,FOOD,Sets[0],none
/mnt/c/Program Files (x86)/Steam/steamapps/common/DayZServerDITrader/config/ExpansionMod/Loadouts/FreshSpawnLoadout.json,Apple,InventoryCargo[0],none
/mnt/c/Program Files (x86)/Steam/steamapps/common/DayZServerDITrader/config/ExpansionMod/Loadouts/FreshSpawnLoadout.json,FOOD,Sets[1],none
/mnt/c/Program Files (x86)/Steam/steamapps/common/DayZServerDITrader/config/ExpansionMod/Loadouts/FreshSpawnLoadout.json,Pear,InventoryCargo[0],none
/mnt/c/Program Files (x86)/Steam/steamapps/common/DayZServerDITrader/config/ExpansionMod/Loadouts/FreshSpawnLoadout.json,FOOD,Sets[2],none
/mnt/c/Program Files (x86)/Steam/steamapps/common/DayZServerDITrader/config/ExpansionMod/Loadouts/FreshSpawnLoadout.json,Plum,InventoryCargo[0],none
/mnt/c/Program Files (x86)/Steam/steamapps/common/DayZServerDITrader/config/ExpansionMod/Loadouts/FreshSpawnLoadout.json,CHEMLIGHT,Sets[3],none
/mnt/c/Program Files (x86)/Steam/steamapps/common/DayZServerDITrader/config/ExpansionMod/Loadouts/FreshSpawnLoadout.json,Chemlight_White,InventoryCargo[0],none
/mnt/c/Program Files (x86)/Steam/steamapps/common/DayZServerDITrader/config/ExpansionMod/Loadouts/FreshSpawnLoadout.json,CHEMLIGHT,Sets[4],none
/mnt/c/Program Files (x86)/Steam/steamapps/common/DayZServerDITrader/config/ExpansionMod/Loadouts/FreshSpawnLoadout.json,Chemlight_Yellow,InventoryCargo[0],none
/mnt/c/Program Files (x86)/Steam/steamapps/common/DayZServerDITrader/config/ExpansionMod/Loadouts/FreshSpawnLoadout.json,CHEMLIGHT,Sets[5],none
/mnt/c/Program Files (x86)/Steam/steamapps/common/DayZServerDITrader/config/ExpansionMod/Loadouts/FreshSpawnLoadout.json,Chemlight_Green,InventoryCargo[0],none
/mnt/c/Program Files (x86)/Steam/steamapps/common/DayZServerDITrader/config/ExpansionMod/Loadouts/FreshSpawnLoadout.json,CHEMLIGHT,Sets[6],none
/mnt/c/Program Files (x86)/Steam/steamapps/common/DayZServerDITrader/config/ExpansionMod/Loadouts/FreshSpawnLoadout.json,Chemlight_Red,InventoryCargo[0],none
/mnt/c/Program Files (x86)/Steam/steamapps/common/DayZServerDITrader/config/ExpansionMod/Loadouts/GorkaLoadout.json,,,none
/mnt/c/Program Files (x86)/Steam/steamapps/common/DayZServerDITrader/config/ExpansionMod/Loadouts/GorkaLoadout.json,GorkaEJacket_Autumn,Items[0],Body
/mnt/c/Program Files (x86)/Steam/steamapps/common/DayZServerDITrader/config/ExpansionMod/Loadouts/GorkaLoadout.json,Ammo_762x54,InventoryCargo[0],Body
/mnt/c/Program Files (x86)/Steam/steamapps/common/DayZServerDITrader/config/ExpansionMod/Loadouts/GorkaLoadout.json,Ammo_762x39,InventoryCargo[1],Body
/mnt/c/Program Files (x86)/Steam/steamapps/common/DayZServerDITrader/config/ExpansionMod/Loadouts/GorkaLoadout.json,Ammo_556x45,InventoryCargo[2],Body
/mnt/c/Program Files (x86)/Steam/steamapps/common/DayZServerDITrader/config/ExpansionMod/Loadouts/GorkaLoadout.json,Ammo_9x19,InventoryCargo[3],Body
/mnt/c/Program Files (x86)/Steam/steamapps/common/DayZServerDITrader/config/ExpansionMod/Loadouts/GorkaLoadout.json,Ammo_45ACP,InventoryCargo[4],Body
/mnt/c/Program Files (x86)/Steam/steamapps/common/DayZServerDITrader/config/ExpansionMod/Loadouts/GorkaLoadout.json,Ammo_308Win,InventoryCargo[5],Body
/mnt/c/Program Files (x86)/Steam/steamapps/common/DayZServerDITrader/config/ExpansionMod/Loadouts/GorkaLoadout.json,Ammo_12gaPellets,InventoryCargo[6],Body
/mnt/c/Program Files (x86)/Steam/steamapps/common/DayZServerDITrader/config/ExpansionMod/Loadouts/GorkaLoadout.json,Ammo_12gaSlug,InventoryCargo[7],Body
/mnt/c/Program Files (x86)/Steam/steamapps/common/DayZServerDITrader/config/ExpansionMod/Loadouts/GorkaLoadout.json,Ammo_Expansion_338,InventoryCargo[8],Body
/mnt/c/Program Files (x86)/Steam/steamapps/common/DayZServerDITrader/config/ExpansionMod/Loadouts/GorkaLoadout.json,whetstone,InventoryCargo[9],Body
/mnt/c/Program Files (x86)/Steam/steamapps/common/DayZServerDITrader/config/ExpansionMod/Loadouts/GorkaLoadout.json,GorkaEJacket_Flat,Items[1],Body
/mnt/c/Program Files (x86)/Steam/steamapps/common/DayZServerDITrader/config/ExpansionMod/Loadouts/GorkaLoadout.json,Ammo_762x54,InventoryCargo[0],Body
/mnt/c/Program Files (x86)/Steam/steamapps/common/DayZServerDITrader/config/ExpansionMod/Loadouts/GorkaLoadout.json,Ammo_762x39,InventoryCargo[1],Body
/mnt/c/Program Files (x86)/Steam/steamapps/common/DayZServerDITrader/config/ExpansionMod/Loadouts/GorkaLoadout.json,Ammo_556x45,InventoryCargo[2],Body
/mnt/c/Program Files (x86)/Steam/steamapps/common/DayZServerDITrader/config/ExpansionMod/Loadouts/GorkaLoadout.json,Ammo_9x19,InventoryCargo[3],Body
/mnt/c/Program Files (x86)/Steam/steamapps/common/DayZServerDITrader/config/ExpansionMod/Loadouts/GorkaLoadout.json,Ammo_45ACP,InventoryCargo[4],Body
/mnt/c/Program Files (x86)/Steam/steamapps/common/DayZServerDITrader/config/ExpansionMod/Loadouts/GorkaLoadout.json,Ammo_308Win,InventoryCargo[5],Body
/mnt/c/Program Files (x86)/Steam/steamapps/common/DayZServerDITrader/config/ExpansionMod/Loadouts/GorkaLoadout.json,Ammo_12gaPellets,InventoryCargo[6],Body
/mnt/c/Program Files (x86)/Steam/steamapps/common/DayZServerDITrader/config/ExpansionMod/Loadouts/GorkaLoadout.json,Ammo_12gaSlug,InventoryCargo[7],Body
/mnt/c/Program Files (x86)/Steam/steamapps/common/DayZServerDITrader/config/ExpansionMod/Loadouts/GorkaLoadout.json,Ammo_Expansion_338,InventoryCargo[8],Body
/mnt/c/Program Files (x86)/Steam/steamapps/common/DayZServerDITrader/config/ExpansionMod/Loadouts/GorkaLoadout.json,whetstone,InventoryCargo[9],Body
/mnt/c/Program Files (x86)/Steam/steamapps/common/DayZServerDITrader/config/ExpansionMod/Loadouts/GorkaLoadout.json,GorkaEJacket_PautRev,Items[2],Body
/mnt/c/Program Files (x86)/Steam/steamapps/common/DayZServerDITrader/config/ExpansionMod/Loadouts/GorkaLoadout.json,Ammo_762x54,InventoryCargo[0],Body
/mnt/c/Program Files (x86)/Steam/steamapps/common/DayZServerDITrader/config/ExpansionMod/Loadouts/GorkaLoadout.json,Ammo_762x39,InventoryCargo[1],Body
/mnt/c/Program Files (x86)/Steam/steamapps/common/DayZServerDITrader/config/ExpansionMod/Loadouts/GorkaLoadout.json,Ammo_556x45,InventoryCargo[2],Body
/mnt/c/Program Files (x86)/Steam/steamapps/common/DayZServerDITrader/config/ExpansionMod/Loadouts/GorkaLoadout.json,Ammo_9x19,InventoryCargo[3],Body
/mnt/c/Program Files (x86)/Steam/steamapps/common/DayZServerDITrader/config/ExpansionMod/Loadouts/GorkaLoadout.json,Ammo_45ACP,InventoryCargo[4],Body
/mnt/c/Program Files (x86)/Steam/steamapps/common/DayZServerDITrader/config/ExpansionMod/Loadouts/GorkaLoadout.json,Ammo_308Win,InventoryCargo[5],Body
/mnt/c/Program Files (x86)/Steam/steamapps/common/DayZServerDITrader/config/ExpansionMod/Loadouts/GorkaLoadout.json,Ammo_12gaPellets,InventoryCargo[6],Body
/mnt/c/Program Files (x86)/Steam/steamapps/common/DayZServerDITrader/config/ExpansionMod/Loadouts/GorkaLoadout.json,Ammo_12gaSlug,InventoryCargo[7],Body
/mnt/c/Program Files (x86)/Steam/steamapps/common/DayZServerDITrader/config/ExpansionMod/Loadouts/GorkaLoadout.json,Ammo_Expansion_338,InventoryCargo[8],Body
/mnt/c/Program Files (x86)/Steam/steamapps/common/DayZServerDITrader/config/ExpansionMod/Loadouts/GorkaLoadout.json,whetstone,InventoryCargo[9],Body
/mnt/c/Program Files (x86)/Steam/steamapps/common/DayZServerDITrader/config/ExpansionMod/Loadouts/GorkaLoadout.json,GorkaEJacket_Summer,Items[3],Body
/mnt/c/Program Files (x86)/Steam/steamapps/common/DayZServerDITrader/config/ExpansionMod/Loadouts/GorkaLoadout.json,Ammo_762x54,InventoryCargo[0],Body
/mnt/c/Program Files (x86)/Steam/steamapps/common/DayZServerDITrader/config/ExpansionMod/Loadouts/GorkaLoadout.json,Ammo_762x39,InventoryCargo[1],Body
/mnt/c/Program Files (x86)/Steam/steamapps/common/DayZServerDITrader/config/ExpansionMod/Loadouts/GorkaLoadout.json,Ammo_556x45,InventoryCargo[2],Body
/mnt/c/Program Files (x86)/Steam/steamapps/common/DayZServerDITrader/config/ExpansionMod/Loadouts/GorkaLoadout.json,Ammo_9x19,InventoryCargo[3],Body
/mnt/c/Program Files (x86)/Steam/steamapps/common/DayZServerDITrader/config/ExpansionMod/Loadouts/GorkaLoadout.json,Ammo_45ACP,InventoryCargo[4],Body
/mnt/c/Program Files (x86)/Steam/steamapps/common/DayZServerDITrader/config/ExpansionMod/Loadouts/GorkaLoadout.json,Ammo_308Win,InventoryCargo[5],Body
/mnt/c/Program Files (x86)/Steam/steamapps/common/DayZServerDITrader/config/ExpansionMod/Loadouts/GorkaLoadout.json,Ammo_12gaPellets,InventoryCargo[6],Body
/mnt/c/Program Files (x86)/Steam/steamapps/common/DayZServerDITrader/config/ExpansionMod/Loadouts/GorkaLoadout.json,Ammo_12gaSlug,InventoryCargo[7],Body
/mnt/c/Program Files (x86)/Steam/steamapps/common/DayZServerDITrader/config/ExpansionMod/Loadouts/GorkaLoadout.json,Ammo_Expansion_338,InventoryCargo[8],Body
/mnt/c/Program Files (x86)/Steam/steamapps/common/DayZServerDITrader/config/ExpansionMod/Loadouts/GorkaLoadout.json,whetstone,InventoryCargo[9],Body
/mnt/c/Program Files (x86)/Steam/steamapps/common/DayZServerDITrader/config/ExpansionMod/Loadouts/GorkaLoadout.json,GorkaPants_Autumn,Items[0],Legs
/mnt/c/Program Files (x86)/Steam/steamapps/common/DayZServerDITrader/config/ExpansionMod/Loadouts/GorkaLoadout.json,GorkaPants_Flat,Items[1],Legs
/mnt/c/Program Files (x86)/Steam/steamapps/common/DayZServerDITrader/config/ExpansionMod/Loadouts/GorkaLoadout.json,GorkaPants_PautRev,Items[2],Legs
/mnt/c/Program Files (x86)/Steam/steamapps/common/DayZServerDITrader/config/ExpansionMod/Loadouts/GorkaLoadout.json,GorkaPants_Summer,Items[3],Legs
/mnt/c/Program Files (x86)/Steam/steamapps/common/DayZServerDITrader/config/ExpansionMod/Loadouts/GorkaLoadout.json,CombatBoots_Beige,Items[0],Feet
/mnt/c/Program Files (x86)/Steam/steamapps/common/DayZServerDITrader/config/ExpansionMod/Loadouts/GorkaLoadout.json,CombatBoots_Black,Items[1],Feet
/mnt/c/Program Files (x86)/Steam/steamapps/common/DayZServerDITrader/config/ExpansionMod/Loadouts/GorkaLoadout.json,CombatBoots_Brown,Items[2],Feet
/mnt/c/Program Files (x86)/Steam/steamapps/common/DayZServerDITrader/config/ExpansionMod/Loadouts/GorkaLoadout.json,CombatBoots_Green,Items[3],Feet
/mnt/c/Program Files (x86)/Steam/steamapps/common/DayZServerDITrader/config/ExpansionMod/Loadouts/GorkaLoadout.json,CombatBoots_Grey,Items[4],Feet
/mnt/c/Program Files (x86)/Steam/steamapps/common/DayZServerDITrader/config/ExpansionMod/Loadouts/GorkaLoadout.json,TortillaBag,Items[0],Back
/mnt/c/Program Files (x86)/Steam/steamapps/common/DayZServerDITrader/config/ExpansionMod/Loadouts/GorkaLoadout.json,MakarovIJ70,InventoryCargo[0],Back
/mnt/c/Program Files (x86)/Steam/steamapps/common/DayZServerDITrader/config/ExpansionMod/Loadouts/GorkaLoadout.json,Mag_IJ70_8Rnd,InventoryCargo[1],Back
/mnt/c/Program Files (x86)/Steam/steamapps/common/DayZServerDITrader/config/ExpansionMod/Loadouts/GorkaLoadout.json,Mag_IJ70_8Rnd,InventoryCargo[2],Back
/mnt/c/Program Files (x86)/Steam/steamapps/common/DayZServerDITrader/config/ExpansionMod/Loadouts/GorkaLoadout.json,BandageDressing,InventoryCargo[3],Back
/mnt/c/Program Files (x86)/Steam/steamapps/common/DayZServerDITrader/config/ExpansionMod/Loadouts/GorkaLoadout.json,BandageDressing,InventoryCargo[4],Back
/mnt/c/Program Files (x86)/Steam/steamapps/common/DayZServerDITrader/config/ExpansionMod/Loadouts/GorkaLoadout.json,Chemlight_Green,InventoryCargo[5],Back
/mnt/c/Program Files (x86)/Steam/steamapps/common/DayZServerDITrader/config/ExpansionMod/Loadouts/GorkaLoadout.json,Chemlight_Green,InventoryCargo[6],Back
/mnt/c/Program Files (x86)/Steam/steamapps/common/DayZServerDITrader/config/ExpansionMod/Loadouts/GorkaLoadout.json,RDG2SmokeGrenade_Black,InventoryCargo[7],Back
/mnt/c/Program Files (x86)/Steam/steamapps/common/DayZServerDITrader/config/ExpansionMod/Loadouts/GorkaLoadout.json,RDG2SmokeGrenade_White,InventoryCargo[8],Back
/mnt/c/Program Files (x86)/Steam/steamapps/common/DayZServerDITrader/config/ExpansionMod/Loadouts/GorkaLoadout.json,Ammo_762x39,InventoryCargo[9],Back
/mnt/c/Program Files (x86)/Steam/steamapps/common/DayZServerDITrader/config/ExpansionMod/Loadouts/GorkaLoadout.json,Ammo_545x39,InventoryCargo[10],Back
/mnt/c/Program Files (x86)/Steam/steamapps/common/DayZServerDITrader/config/ExpansionMod/Loadouts/GorkaLoadout.json,AmmoBox_545x39_20Rnd,InventoryCargo[11],Back
/mnt/c/Program Files (x86)/Steam/steamapps/common/DayZServerDITrader/config/ExpansionMod/Loadouts/GorkaLoadout.json,Ammo_308Win,InventoryCargo[12],Back
/mnt/c/Program Files (x86)/Steam/steamapps/common/DayZServerDITrader/config/ExpansionMod/Loadouts/GorkaLoadout.json,AmmoBox_308Win_20Rnd,InventoryCargo[13],Back
/mnt/c/Program Files (x86)/Steam/steamapps/common/DayZServerDITrader/config/ExpansionMod/Loadouts/GorkaLoadout.json,Ammo_12gaSlug,InventoryCargo[14],Back
/mnt/c/Program Files (x86)/Steam/steamapps/common/DayZServerDITrader/config/ExpansionMod/Loadouts/GorkaLoadout.json,Ammo_12gaPellets,InventoryCargo[15],Back
/mnt/c/Program Files (x86)/Steam/steamapps/common/DayZServerDITrader/config/ExpansionMod/Loadouts/GorkaLoadout.json,Ammo_Expansion_338,InventoryCargo[16],Back
/mnt/c/Program Files (x86)/Steam/steamapps/common/DayZServerDITrader/config/ExpansionMod/Loadouts/GorkaLoadout.json,SmershBag,Items[1],Back
/mnt/c/Program Files (x86)/Steam/steamapps/common/DayZServerDITrader/config/ExpansionMod/Loadouts/GorkaLoadout.json,MakarovIJ70,InventoryCargo[0],Back
/mnt/c/Program Files (x86)/Steam/steamapps/common/DayZServerDITrader/config/ExpansionMod/Loadouts/GorkaLoadout.json,Mag_IJ70_8Rnd,InventoryCargo[1],Back
/mnt/c/Program Files (x86)/Steam/steamapps/common/DayZServerDITrader/config/ExpansionMod/Loadouts/GorkaLoadout.json,Mag_IJ70_8Rnd,InventoryCargo[2],Back
/mnt/c/Program Files (x86)/Steam/steamapps/common/DayZServerDITrader/config/ExpansionMod/Loadouts/GorkaLoadout.json,BandageDressing,InventoryCargo[3],Back
/mnt/c/Program Files (x86)/Steam/steamapps/common/DayZServerDITrader/config/ExpansionMod/Loadouts/GorkaLoadout.json,BandageDressing,InventoryCargo[4],Back
/mnt/c/Program Files (x86)/Steam/steamapps/common/DayZServerDITrader/config/ExpansionMod/Loadouts/GorkaLoadout.json,Chemlight_Green,InventoryCargo[5],Back
/mnt/c/Program Files (x86)/Steam/steamapps/common/DayZServerDITrader/config/ExpansionMod/Loadouts/GorkaLoadout.json,Chemlight_Green,InventoryCargo[6],Back
/mnt/c/Program Files (x86)/Steam/steamapps/common/DayZServerDITrader/config/ExpansionMod/Loadouts/GorkaLoadout.json,RDG2SmokeGrenade_Black,InventoryCargo[7],Back
/mnt/c/Program Files (x86)/Steam/steamapps/common/DayZServerDITrader/config/ExpansionMod/Loadouts/GorkaLoadout.json,RDG2SmokeGrenade_White,InventoryCargo[8],Back
/mnt/c/Program Files (x86)/Steam/steamapps/common/DayZServerDITrader/config/ExpansionMod/Loadouts/GorkaLoadout.json,Ammo_762x39,InventoryCargo[9],Back
/mnt/c/Program Files (x86)/Steam/steamapps/common/DayZServerDITrader/config/ExpansionMod/Loadouts/GorkaLoadout.json,Ammo_545x39,InventoryCargo[10],Back
/mnt/c/Program Files (x86)/Steam/steamapps/common/DayZServerDITrader/config/ExpansionMod/Loadouts/GorkaLoadout.json,AmmoBox_545x39_20Rnd,InventoryCargo[11],Back
/mnt/c/Program Files (x86)/Steam/steamapps/common/DayZServerDITrader/config/ExpansionMod/Loadouts/GorkaLoadout.json,Ammo_308Win,InventoryCargo[12],Back
/mnt/c/Program Files (x86)/Steam/steamapps/common/DayZServerDITrader/config/ExpansionMod/Loadouts/GorkaLoadout.json,AmmoBox_308Win_20Rnd,InventoryCargo[13],Back
/mnt/c/Program Files (x86)/Steam/steamapps/common/DayZServerDITrader/config/ExpansionMod/Loadouts/GorkaLoadout.json,Ammo_12gaSlug,InventoryCargo[14],Back
/mnt/c/Program Files (x86)/Steam/steamapps/common/DayZServerDITrader/config/ExpansionMod/Loadouts/GorkaLoadout.json,Ammo_12gaPellets,InventoryCargo[15],Back
/mnt/c/Program Files (x86)/Steam/steamapps/common/DayZServerDITrader/config/ExpansionMod/Loadouts/GorkaLoadout.json,Ammo_Expansion_338,InventoryCargo[16],Back
/mnt/c/Program Files (x86)/Steam/steamapps/common/DayZServerDITrader/config/ExpansionMod/Loadouts/GorkaLoadout.json,,Items[2],Back
/mnt/c/Program Files (x86)/Steam/steamapps/common/DayZServerDITrader/config/ExpansionMod/Loadouts/GorkaLoadout.json,SmershVest,Items[0],Vest
/mnt/c/Program Files (x86)/Steam/steamapps/common/DayZServerDITrader/config/ExpansionMod/Loadouts/GorkaLoadout.json,SmershBag,Items[0],
/mnt/c/Program Files (x86)/Steam/steamapps/common/DayZServerDITrader/config/ExpansionMod/Loadouts/GorkaLoadout.json,UKAssVest_Olive,Items[1],Vest
/mnt/c/Program Files (x86)/Steam/steamapps/common/DayZServerDITrader/config/ExpansionMod/Loadouts/GorkaLoadout.json,HighCapacityVest_Olive,Items[2],Vest
/mnt/c/Program Files (x86)/Steam/steamapps/common/DayZServerDITrader/config/ExpansionMod/Loadouts/GorkaLoadout.json,Ssh68Helmet,Items[0],Headgear
/mnt/c/Program Files (x86)/Steam/steamapps/common/DayZServerDITrader/config/ExpansionMod/Loadouts/GorkaLoadout.json,,Items[1],Headgear
/mnt/c/Program Files (x86)/Steam/steamapps/common/DayZServerDITrader/config/ExpansionMod/Loadouts/GorkaLoadout.json,TankerHelmet,Items[2],Headgear
/mnt/c/Program Files (x86)/Steam/steamapps/common/DayZServerDITrader/config/ExpansionMod/Loadouts/GorkaLoadout.json,PilotkaCap,Items[3],Headgear
/mnt/c/Program Files (x86)/Steam/steamapps/common/DayZServerDITrader/config/ExpansionMod/Loadouts/GorkaLoadout.json,OfficierHat,Items[4],Headgear
/mnt/c/Program Files (x86)/Steam/steamapps/common/DayZServerDITrader/config/ExpansionMod/Loadouts/GorkaLoadout.json,GorkaHelmet,Items[5],Headgear
/mnt/c/Program Files (x86)/Steam/steamapps/common/DayZServerDITrader/config/ExpansionMod/Loadouts/GorkaLoadout.json,GorkaHelmetVisor,Items[0],Headgear
/mnt/c/Program Files (x86)/Steam/steamapps/common/DayZServerDITrader/config/ExpansionMod/Loadouts/GorkaLoadout.json,OMNOGloves_Brown,Items[0],Gloves
/mnt/c/Program Files (x86)/Steam/steamapps/common/DayZServerDITrader/config/ExpansionMod/Loadouts/GorkaLoadout.json,OMNOGloves_Gray,Items[1],Gloves
/mnt/c/Program Files (x86)/Steam/steamapps/common/DayZServerDITrader/config/ExpansionMod/Loadouts/GorkaLoadout.json,,Items[2],Gloves
/mnt/c/Program Files (x86)/Steam/steamapps/common/DayZServerDITrader/config/ExpansionMod/Loadouts/GorkaLoadout.json,MilitaryBelt,Items[0],Hips
/mnt/c/Program Files (x86)/Steam/steamapps/common/DayZServerDITrader/config/ExpansionMod/Loadouts/GorkaLoadout.json,Apple,InventoryCargo[0],none
/mnt/c/Program Files (x86)/Steam/steamapps/common/DayZServerDITrader/config/ExpansionMod/Loadouts/GorkaLoadout.json,BandageDressing,InventoryCargo[1],none
/mnt/c/Program Files (x86)/Steam/steamapps/common/DayZServerDITrader/config/ExpansionMod/Loadouts/GorkaLoadout.json,WEAPON,Sets[0],none
/mnt/c/Program Files (x86)/Steam/steamapps/common/DayZServerDITrader/config/ExpansionMod/Loadouts/GorkaLoadout.json,AK101,Items[0],Shoulder
/mnt/c/Program Files (x86)/Steam/steamapps/common/DayZServerDITrader/config/ExpansionMod/Loadouts/GorkaLoadout.json,Mag_AK101_30Rnd,Items[0],
/mnt/c/Program Files (x86)/Steam/steamapps/common/DayZServerDITrader/config/ExpansionMod/Loadouts/GorkaLoadout.json,AK_PlasticBttstck,Items[1],
/mnt/c/Program Files (x86)/Steam/steamapps/common/DayZServerDITrader/config/ExpansionMod/Loadouts/GorkaLoadout.json,AK_FoldingBttstck,Items[2],
/mnt/c/Program Files (x86)/Steam/steamapps/common/DayZServerDITrader/config/ExpansionMod/Loadouts/GorkaLoadout.json,AK74_WoodBttstck,Items[3],
/mnt/c/Program Files (x86)/Steam/steamapps/common/DayZServerDITrader/config/ExpansionMod/Loadouts/GorkaLoadout.json,AK_WoodBttstck,Items[4],
/mnt/c/Program Files (x86)/Steam/steamapps/common/DayZServerDITrader/config/ExpansionMod/Loadouts/GorkaLoadout.json,AK_PlasticHndgrd,Items[5],
/mnt/c/Program Files (x86)/Steam/steamapps/common/DayZServerDITrader/config/ExpansionMod/Loadouts/GorkaLoadout.json,AK_WoodHndgrd,Items[6],
/mnt/c/Program Files (x86)/Steam/steamapps/common/DayZServerDITrader/config/ExpansionMod/Loadouts/GorkaLoadout.json,KashtanOptic,Items[7],
/mnt/c/Program Files (x86)/Steam/steamapps/common/DayZServerDITrader/config/ExpansionMod/Loadouts/GorkaLoadout.json,KobraOptic,Items[8],
/mnt/c/Program Files (x86)/Steam/steamapps/common/DayZServerDITrader/config/ExpansionMod/Loadouts/GorkaLoadout.json,Battery9V,Items[0],
/mnt/c/Program Files (x86)/Steam/steamapps/common/DayZServerDITrader/config/ExpansionMod/Loadouts/GorkaLoadout.json,PSO1Optic,Items[9],
/mnt/c/Program Files (x86)/Steam/steamapps/common/DayZServerDITrader/config/ExpansionMod/Loadouts/GorkaLoadout.json,Battery9V,Items[0],
/mnt/c/Program Files (x86)/Steam/steamapps/common/DayZServerDITrader/config/ExpansionMod/Loadouts/GorkaLoadout.json,Mag_AK101_30Rnd,InventoryCargo[0],none
/mnt/c/Program Files (x86)/Steam/steamapps/common/DayZServerDITrader/config/ExpansionMod/Loadouts/GorkaLoadout.json,Mag_AK101_30Rnd,InventoryCargo[1],none
/mnt/c/Program Files (x86)/Steam/steamapps/common/DayZServerDITrader/config/ExpansionMod/Loadouts/GorkaLoadout.json,WEAPON,Sets[1],none
/mnt/c/Program Files (x86)/Steam/steamapps/common/DayZServerDITrader/config/ExpansionMod/Loadouts/GorkaLoadout.json,AK74,Items[0],Shoulder
/mnt/c/Program Files (x86)/Steam/steamapps/common/DayZServerDITrader/config/ExpansionMod/Loadouts/GorkaLoadout.json,Mag_AK74_30Rnd,Items[0],
/mnt/c/Program Files (x86)/Steam/steamapps/common/DayZServerDITrader/config/ExpansionMod/Loadouts/GorkaLoadout.json,AK_PlasticBttstck,Items[1],
/mnt/c/Program Files (x86)/Steam/steamapps/common/DayZServerDITrader/config/ExpansionMod/Loadouts/GorkaLoadout.json,AK_FoldingBttstck,Items[2],
/mnt/c/Program Files (x86)/Steam/steamapps/common/DayZServerDITrader/config/ExpansionMod/Loadouts/GorkaLoadout.json,AK74_WoodBttstck,Items[3],
/mnt/c/Program Files (x86)/Steam/steamapps/common/DayZServerDITrader/config/ExpansionMod/Loadouts/GorkaLoadout.json,AK_WoodBttstck,Items[4],
/mnt/c/Program Files (x86)/Steam/steamapps/common/DayZServerDITrader/config/ExpansionMod/Loadouts/GorkaLoadout.json,AK74_Hndgrd,Items[5],
/mnt/c/Program Files (x86)/Steam/steamapps/common/DayZServerDITrader/config/ExpansionMod/Loadouts/GorkaLoadout.json,AK_PlasticHndgrd,Items[6],
/mnt/c/Program Files (x86)/Steam/steamapps/common/DayZServerDITrader/config/ExpansionMod/Loadouts/GorkaLoadout.json,AK_WoodHndgrd,Items[7],
/mnt/c/Program Files (x86)/Steam/steamapps/common/DayZServerDITrader/config/ExpansionMod/Loadouts/GorkaLoadout.json,KashtanOptic,Items[8],
/mnt/c/Program Files (x86)/Steam/steamapps/common/DayZServerDITrader/config/ExpansionMod/Loadouts/GorkaLoadout.json,KobraOptic,Items[9],
/mnt/c/Program Files (x86)/Steam/steamapps/common/DayZServerDITrader/config/ExpansionMod/Loadouts/GorkaLoadout.json,Battery9V,Items[0],
/mnt/c/Program Files (x86)/Steam/steamapps/common/DayZServerDITrader/config/ExpansionMod/Loadouts/GorkaLoadout.json,PSO1Optic,Items[10],
/mnt/c/Program Files (x86)/Steam/steamapps/common/DayZServerDITrader/config/ExpansionMod/Loadouts/GorkaLoadout.json,Battery9V,Items[0],
/mnt/c/Program Files (x86)/Steam/steamapps/common/DayZServerDITrader/config/ExpansionMod/Loadouts/GorkaLoadout.json,Mag_AK74_30Rnd,InventoryCargo[0],none
/mnt/c/Program Files (x86)/Steam/steamapps/common/DayZServerDITrader/config/ExpansionMod/Loadouts/GorkaLoadout.json,Mag_AK74_30Rnd,InventoryCargo[1],none
/mnt/c/Program Files (x86)/Steam/steamapps/common/DayZServerDITrader/config/ExpansionMod/Loadouts/GorkaLoadout.json,WEAPON,Sets[2],none
/mnt/c/Program Files (x86)/Steam/steamapps/common/DayZServerDITrader/config/ExpansionMod/Loadouts/GorkaLoadout.json,AKS74U,Items[0],Shoulder
/mnt/c/Program Files (x86)/Steam/steamapps/common/DayZServerDITrader/config/ExpansionMod/Loadouts/GorkaLoadout.json,Mag_AK74_30Rnd,Items[0],
/mnt/c/Program Files (x86)/Steam/steamapps/common/DayZServerDITrader/config/ExpansionMod/Loadouts/GorkaLoadout.json,AKS74U_Bttstck,Items[1],
/mnt/c/Program Files (x86)/Steam/steamapps/common/DayZServerDITrader/config/ExpansionMod/Loadouts/GorkaLoadout.json,KobraOptic,Items[2],
/mnt/c/Program Files (x86)/Steam/steamapps/common/DayZServerDITrader/config/ExpansionMod/Loadouts/GorkaLoadout.json,Battery9V,Items[0],
/mnt/c/Program Files (x86)/Steam/steamapps/common/DayZServerDITrader/config/ExpansionMod/Loadouts/GorkaLoadout.json,Mag_AK74_30Rnd,InventoryCargo[0],none
/mnt/c/Program Files (x86)/Steam/steamapps/common/DayZServerDITrader/config/ExpansionMod/Loadouts/GorkaLoadout.json,Mag_AK74_30Rnd,InventoryCargo[1],none
/mnt/c/Program Files (x86)/Steam/steamapps/common/DayZServerDITrader/config/ExpansionMod/Loadouts/GorkaLoadout.json,WEAPON,Sets[3],none
/mnt/c/Program Files (x86)/Steam/steamapps/common/DayZServerDITrader/config/ExpansionMod/Loadouts/GorkaLoadout.json,AKM,Items[0],Shoulder
/mnt/c/Program Files (x86)/Steam/steamapps/common/DayZServerDITrader/config/ExpansionMod/Loadouts/GorkaLoadout.json,Mag_AKM_30Rnd,Items[0],
/mnt/c/Program Files (x86)/Steam/steamapps/common/DayZServerDITrader/config/ExpansionMod/Loadouts/GorkaLoadout.json,Mag_AKM_Drum75Rnd,Items[1],
/mnt/c/Program Files (x86)/Steam/steamapps/common/DayZServerDITrader/config/ExpansionMod/Loadouts/GorkaLoadout.json,AK_PlasticBttstck,Items[2],
/mnt/c/Program Files (x86)/Steam/steamapps/common/DayZServerDITrader/config/ExpansionMod/Loadouts/GorkaLoadout.json,AK_FoldingBttstck,Items[3],
/mnt/c/Program Files (x86)/Steam/steamapps/common/DayZServerDITrader/config/ExpansionMod/Loadouts/GorkaLoadout.json,AK74_WoodBttstck,Items[4],
/mnt/c/Program Files (x86)/Steam/steamapps/common/DayZServerDITrader/config/ExpansionMod/Loadouts/GorkaLoadout.json,AK_WoodBttstck,Items[5],
/mnt/c/Program Files (x86)/Steam/steamapps/common/DayZServerDITrader/config/ExpansionMod/Loadouts/GorkaLoadout.json,AK_PlasticHndgrd,Items[6],
/mnt/c/Program Files (x86)/Steam/steamapps/common/DayZServerDITrader/config/ExpansionMod/Loadouts/GorkaLoadout.json,AK_WoodHndgrd,Items[7],
/mnt/c/Program Files (x86)/Steam/steamapps/common/DayZServerDITrader/config/ExpansionMod/Loadouts/GorkaLoadout.json,KashtanOptic,Items[8],
/mnt/c/Program Files (x86)/Steam/steamapps/common/DayZServerDITrader/config/ExpansionMod/Loadouts/GorkaLoadout.json,KobraOptic,Items[9],
/mnt/c/Program Files (x86)/Steam/steamapps/common/DayZServerDITrader/config/ExpansionMod/Loadouts/GorkaLoadout.json,Battery9V,Items[0],
/mnt/c/Program Files (x86)/Steam/steamapps/common/DayZServerDITrader/config/ExpansionMod/Loadouts/GorkaLoadout.json,PSO1Optic,Items[10],
/mnt/c/Program Files (x86)/Steam/steamapps/common/DayZServerDITrader/config/ExpansionMod/Loadouts/GorkaLoadout.json,Battery9V,Items[0],
/mnt/c/Program Files (x86)/Steam/steamapps/common/DayZServerDITrader/config/ExpansionMod/Loadouts/GorkaLoadout.json,Mag_AKM_30Rnd,InventoryCargo[0],none
/mnt/c/Program Files (x86)/Steam/steamapps/common/DayZServerDITrader/config/ExpansionMod/Loadouts/GorkaLoadout.json,Mag_AKM_30Rnd,InventoryCargo[1],none
/mnt/c/Program Files (x86)/Steam/steamapps/common/DayZServerDITrader/config/ExpansionMod/Loadouts/GorkaLoadout.json,WEAPON,Sets[4],none
/mnt/c/Program Files (x86)/Steam/steamapps/common/DayZServerDITrader/config/ExpansionMod/Loadouts/GorkaLoadout.json,SVD,Items[0],Shoulder
/mnt/c/Program Files (x86)/Steam/steamapps/common/DayZServerDITrader/config/ExpansionMod/Loadouts/GorkaLoadout.json,Mag_SVD_10Rnd,Items[0],
/mnt/c/Program Files (x86)/Steam/steamapps/common/DayZServerDITrader/config/ExpansionMod/Loadouts/GorkaLoadout.json,PSO1Optic,Items[1],
/mnt/c/Program Files (x86)/Steam/steamapps/common/DayZServerDITrader/config/ExpansionMod/Loadouts/GorkaLoadout.json,Battery9V,Items[0],
/mnt/c/Program Files (x86)/Steam/steamapps/common/DayZServerDITrader/config/ExpansionMod/Loadouts/GorkaLoadout.json,Mag_SVD_10Rnd,InventoryCargo[0],none
/mnt/c/Program Files (x86)/Steam/steamapps/common/DayZServerDITrader/config/ExpansionMod/Loadouts/GorkaLoadout.json,Mag_SVD_10Rnd,InventoryCargo[1],none
/mnt/c/Program Files (x86)/Steam/steamapps/common/DayZServerDITrader/config/ExpansionMod/Loadouts/GorkaLoadout.json,WEAPON,Sets[5],none
/mnt/c/Program Files (x86)/Steam/steamapps/common/DayZServerDITrader/config/ExpansionMod/Loadouts/GorkaLoadout.json,PP19,Items[0],Shoulder
/mnt/c/Program Files (x86)/Steam/steamapps/common/DayZServerDITrader/config/ExpansionMod/Loadouts/GorkaLoadout.json,Mag_PP19_64Rnd,Items[0],
/mnt/c/Program Files (x86)/Steam/steamapps/common/DayZServerDITrader/config/ExpansionMod/Loadouts/GorkaLoadout.json,PP19_Bttstck,Items[1],
/mnt/c/Program Files (x86)/Steam/steamapps/common/DayZServerDITrader/config/ExpansionMod/Loadouts/GorkaLoadout.json,PistolSuppressor,Items[2],
/mnt/c/Program Files (x86)/Steam/steamapps/common/DayZServerDITrader/config/ExpansionMod/Loadouts/GorkaLoadout.json,KobraOptic,Items[3],
/mnt/c/Program Files (x86)/Steam/steamapps/common/DayZServerDITrader/config/ExpansionMod/Loadouts/GorkaLoadout.json,Battery9V,Items[0],
/mnt/c/Program Files (x86)/Steam/steamapps/common/DayZServerDITrader/config/ExpansionMod/Loadouts/GorkaLoadout.json,Mag_PP19_64Rnd,InventoryCargo[0],none
/mnt/c/Program Files (x86)/Steam/steamapps/common/DayZServerDITrader/config/ExpansionMod/Loadouts/GorkaLoadout.json,Mag_PP19_64Rnd,InventoryCargo[1],none
/mnt/c/Program Files (x86)/Steam/steamapps/common/DayZServerDITrader/config/ExpansionMod/Loadouts/GorkaLoadout.json,WEAPON,Sets[6],none
/mnt/c/Program Files (x86)/Steam/steamapps/common/DayZServerDITrader/config/ExpansionMod/Loadouts/GorkaLoadout.json,Mosin9130,Items[0],Shoulder
/mnt/c/Program Files (x86)/Steam/steamapps/common/DayZServerDITrader/config/ExpansionMod/Loadouts/GorkaLoadout.json,PUScopeOptic,Items[0],
/mnt/c/Program Files (x86)/Steam/steamapps/common/DayZServerDITrader/config/ExpansionMod/Loadouts/GorkaLoadout.json,Ammo_762x54,InventoryCargo[0],none
/mnt/c/Program Files (x86)/Steam/steamapps/common/DayZServerDITrader/config/ExpansionMod/Loadouts/GorkaLoadout.json,Ammo_762x54,InventoryCargo[1],none
/mnt/c/Program Files (x86)/Steam/steamapps/common/DayZServerDITrader/config/ExpansionMod/Loadouts/GorkaLoadout.json,Ammo_762x54,InventoryCargo[2],none
/mnt/c/Program Files (x86)/Steam/steamapps/common/DayZServerDITrader/config/ExpansionMod/Loadouts/GorkaLoadout.json,Ammo_545x39,InventoryCargo[3],none
/mnt/c/Program Files (x86)/Steam/steamapps/common/DayZServerDITrader/config/ExpansionMod/Loadouts/GorkaLoadout.json,AmmoBox_545x39_20Rnd,InventoryCargo[4],none
/mnt/c/Program Files (x86)/Steam/steamapps/common/DayZServerDITrader/config/ExpansionMod/Loadouts/GorkaLoadout.json,Ammo_308Win,InventoryCargo[5],none
/mnt/c/Program Files (x86)/Steam/steamapps/common/DayZServerDITrader/config/ExpansionMod/Loadouts/GorkaLoadout.json,AmmoBox_308Win_20Rnd,InventoryCargo[6],none
/mnt/c/Program Files (x86)/Steam/steamapps/common/DayZServerDITrader/config/ExpansionMod/Loadouts/GorkaLoadout.json,Ammo_12gaSlug,InventoryCargo[7],none
/mnt/c/Program Files (x86)/Steam/steamapps/common/DayZServerDITrader/config/ExpansionMod/Loadouts/GorkaLoadout.json,Ammo_12gaPellets,InventoryCargo[8],none
/mnt/c/Program Files (x86)/Steam/steamapps/common/DayZServerDITrader/config/ExpansionMod/Loadouts/GorkaLoadout.json,Ammo_Expansion_338,InventoryCargo[9],none
/mnt/c/Program Files (x86)/Steam/steamapps/common/DayZServerDITrader/config/ExpansionMod/Loadouts/GorkaLoadout.json,WEAPON,Sets[7],none
/mnt/c/Program Files (x86)/Steam/steamapps/common/DayZServerDITrader/config/ExpansionMod/Loadouts/GorkaLoadout.json,CZ527,Items[0],Shoulder
/mnt/c/Program Files (x86)/Steam/steamapps/common/DayZServerDITrader/config/ExpansionMod/Loadouts/GorkaLoadout.json,Mag_CZ527_5rnd,Items[0],
/mnt/c/Program Files (x86)/Steam/steamapps/common/DayZServerDITrader/config/ExpansionMod/Loadouts/GorkaLoadout.json,HuntingOptic,Items[1],
/mnt/c/Program Files (x86)/Steam/steamapps/common/DayZServerDITrader/config/ExpansionMod/Loadouts/GorkaLoadout.json,Mag_CZ527_5rnd,InventoryCargo[0],none
/mnt/c/Program Files (x86)/Steam/steamapps/common/DayZServerDITrader/config/ExpansionMod/Loadouts/GorkaLoadout.json,Mag_CZ527_5rnd,InventoryCargo[1],none
/mnt/c/Program Files (x86)/Steam/steamapps/common/DayZServerDITrader/config/ExpansionMod/Loadouts/GorkaLoadout.json,WEAPON,Sets[8],none
/mnt/c/Program Files (x86)/Steam/steamapps/common/DayZServerDITrader/config/ExpansionMod/Loadouts/GorkaLoadout.json,SKS,Items[0],Shoulder
/mnt/c/Program Files (x86)/Steam/steamapps/common/DayZServerDITrader/config/ExpansionMod/Loadouts/GorkaLoadout.json,PUScopeOptic,Items[0],
/mnt/c/Program Files (x86)/Steam/steamapps/common/DayZServerDITrader/config/ExpansionMod/Loadouts/GorkaLoadout.json,Ammo_762x39,InventoryCargo[0],none
/mnt/c/Program Files (x86)/Steam/steamapps/common/DayZServerDITrader/config/ExpansionMod/Loadouts/GorkaLoadout.json,Ammo_762x39,InventoryCargo[1],none
/mnt/c/Program Files (x86)/Steam/steamapps/common/DayZServerDITrader/config/ExpansionMod/Loadouts/GorkaLoadout.json,Ammo_762x39,InventoryCargo[2],none
/mnt/c/Program Files (x86)/Steam/steamapps/common/DayZServerDITrader/config/ExpansionMod/Loadouts/GorkaLoadout.json,Ammo_545x39,InventoryCargo[3],none
/mnt/c/Program Files (x86)/Steam/steamapps/common/DayZServerDITrader/config/ExpansionMod/Loadouts/GorkaLoadout.json,AmmoBox_545x39_20Rnd,InventoryCargo[4],none
/mnt/c/Program Files (x86)/Steam/steamapps/common/DayZServerDITrader/config/ExpansionMod/Loadouts/GorkaLoadout.json,Ammo_308Win,InventoryCargo[5],none
/mnt/c/Program Files (x86)/Steam/steamapps/common/DayZServerDITrader/config/ExpansionMod/Loadouts/GorkaLoadout.json,AmmoBox_308Win_20Rnd,InventoryCargo[6],none
/mnt/c/Program Files (x86)/Steam/steamapps/common/DayZServerDITrader/config/ExpansionMod/Loadouts/GorkaLoadout.json,Ammo_12gaSlug,InventoryCargo[7],none
/mnt/c/Program Files (x86)/Steam/steamapps/common/DayZServerDITrader/config/ExpansionMod/Loadouts/GorkaLoadout.json,Ammo_12gaPellets,InventoryCargo[8],none
/mnt/c/Program Files (x86)/Steam/steamapps/common/DayZServerDITrader/config/ExpansionMod/Loadouts/GorkaLoadout.json,Ammo_Expansion_338,InventoryCargo[9],none
/mnt/c/Program Files (x86)/Steam/steamapps/common/DayZServerDITrader/config/ExpansionMod/Loadouts/GorkaLoadout.json,WEAPON,Sets[9],none
/mnt/c/Program Files (x86)/Steam/steamapps/common/DayZServerDITrader/config/ExpansionMod/Loadouts/GorkaLoadout.json,FAL,Items[0],Shoulder
/mnt/c/Program Files (x86)/Steam/steamapps/common/DayZServerDITrader/config/ExpansionMod/Loadouts/GorkaLoadout.json,Mag_FAL_20Rnd,Items[0],
/mnt/c/Program Files (x86)/Steam/steamapps/common/DayZServerDITrader/config/ExpansionMod/Loadouts/GorkaLoadout.json,Fal_FoldingBttstck,Items[1],
/mnt/c/Program Files (x86)/Steam/steamapps/common/DayZServerDITrader/config/ExpansionMod/Loadouts/GorkaLoadout.json,Fal_OeBttstck,Items[2],
/mnt/c/Program Files (x86)/Steam/steamapps/common/DayZServerDITrader/config/ExpansionMod/Loadouts/GorkaLoadout.json,ACOGOptic,Items[3],
/mnt/c/Program Files (x86)/Steam/steamapps/common/DayZServerDITrader/config/ExpansionMod/Loadouts/GorkaLoadout.json,ReflexOptic,Items[4],
/mnt/c/Program Files (x86)/Steam/steamapps/common/DayZServerDITrader/config/ExpansionMod/Loadouts/GorkaLoadout.json,Battery9V,Items[0],
/mnt/c/Program Files (x86)/Steam/steamapps/common/DayZServerDITrader/config/ExpansionMod/Loadouts/GorkaLoadout.json,Mag_FAL_20Rnd,InventoryCargo[0],none
/mnt/c/Program Files (x86)/Steam/steamapps/common/DayZServerDITrader/config/ExpansionMod/Loadouts/GorkaLoadout.json,Mag_FAL_20Rnd,InventoryCargo[1],none
/mnt/c/Program Files (x86)/Steam/steamapps/common/DayZServerDITrader/config/ExpansionMod/Loadouts/HumanLoadout.json,,,none
/mnt/c/Program Files (x86)/Steam/steamapps/common/DayZServerDITrader/config/ExpansionMod/Loadouts/HumanLoadout.json,HikingJacket_Blue,Items[0],Body
/mnt/c/Program Files (x86)/Steam/steamapps/common/DayZServerDITrader/config/ExpansionMod/Loadouts/HumanLoadout.json,Ammo_762x54,InventoryCargo[0],Body
/mnt/c/Program Files (x86)/Steam/steamapps/common/DayZServerDITrader/config/ExpansionMod/Loadouts/HumanLoadout.json,Ammo_762x39,InventoryCargo[1],Body
/mnt/c/Program Files (x86)/Steam/steamapps/common/DayZServerDITrader/config/ExpansionMod/Loadouts/HumanLoadout.json,Ammo_556x45,InventoryCargo[2],Body
/mnt/c/Program Files (x86)/Steam/steamapps/common/DayZServerDITrader/config/ExpansionMod/Loadouts/HumanLoadout.json,Ammo_9x19,InventoryCargo[3],Body
/mnt/c/Program Files (x86)/Steam/steamapps/common/DayZServerDITrader/config/ExpansionMod/Loadouts/HumanLoadout.json,Ammo_45ACP,InventoryCargo[4],Body
/mnt/c/Program Files (x86)/Steam/steamapps/common/DayZServerDITrader/config/ExpansionMod/Loadouts/HumanLoadout.json,Ammo_308Win,InventoryCargo[5],Body
/mnt/c/Program Files (x86)/Steam/steamapps/common/DayZServerDITrader/config/ExpansionMod/Loadouts/HumanLoadout.json,Ammo_12gaPellets,InventoryCargo[6],Body
/mnt/c/Program Files (x86)/Steam/steamapps/common/DayZServerDITrader/config/ExpansionMod/Loadouts/HumanLoadout.json,Ammo_12gaSlug,InventoryCargo[7],Body
/mnt/c/Program Files (x86)/Steam/steamapps/common/DayZServerDITrader/config/ExpansionMod/Loadouts/HumanLoadout.json,Ammo_Expansion_338,InventoryCargo[8],Body
/mnt/c/Program Files (x86)/Steam/steamapps/common/DayZServerDITrader/config/ExpansionMod/Loadouts/HumanLoadout.json,whetstone,InventoryCargo[9],Body
/mnt/c/Program Files (x86)/Steam/steamapps/common/DayZServerDITrader/config/ExpansionMod/Loadouts/HumanLoadout.json,HikingJacket_Black,Items[1],Body
/mnt/c/Program Files (x86)/Steam/steamapps/common/DayZServerDITrader/config/ExpansionMod/Loadouts/HumanLoadout.json,Ammo_762x54,InventoryCargo[0],Body
/mnt/c/Program Files (x86)/Steam/steamapps/common/DayZServerDITrader/config/ExpansionMod/Loadouts/HumanLoadout.json,Ammo_762x39,InventoryCargo[1],Body
/mnt/c/Program Files (x86)/Steam/steamapps/common/DayZServerDITrader/config/ExpansionMod/Loadouts/HumanLoadout.json,Ammo_556x45,InventoryCargo[2],Body
/mnt/c/Program Files (x86)/Steam/steamapps/common/DayZServerDITrader/config/ExpansionMod/Loadouts/HumanLoadout.json,Ammo_9x19,InventoryCargo[3],Body
/mnt/c/Program Files (x86)/Steam/steamapps/common/DayZServerDITrader/config/ExpansionMod/Loadouts/HumanLoadout.json,Ammo_45ACP,InventoryCargo[4],Body
/mnt/c/Program Files (x86)/Steam/steamapps/common/DayZServerDITrader/config/ExpansionMod/Loadouts/HumanLoadout.json,Ammo_308Win,InventoryCargo[5],Body
/mnt/c/Program Files (x86)/Steam/steamapps/common/DayZServerDITrader/config/ExpansionMod/Loadouts/HumanLoadout.json,Ammo_12gaPellets,InventoryCargo[6],Body
/mnt/c/Program Files (x86)/Steam/steamapps/common/DayZServerDITrader/config/ExpansionMod/Loadouts/HumanLoadout.json,Ammo_12gaSlug,InventoryCargo[7],Body
/mnt/c/Program Files (x86)/Steam/steamapps/common/DayZServerDITrader/config/ExpansionMod/Loadouts/HumanLoadout.json,Ammo_Expansion_338,InventoryCargo[8],Body
/mnt/c/Program Files (x86)/Steam/steamapps/common/DayZServerDITrader/config/ExpansionMod/Loadouts/HumanLoadout.json,whetstone,InventoryCargo[9],Body
/mnt/c/Program Files (x86)/Steam/steamapps/common/DayZServerDITrader/config/ExpansionMod/Loadouts/HumanLoadout.json,HikingJacket_Green,Items[2],Body
/mnt/c/Program Files (x86)/Steam/steamapps/common/DayZServerDITrader/config/ExpansionMod/Loadouts/HumanLoadout.json,Ammo_762x54,InventoryCargo[0],Body
/mnt/c/Program Files (x86)/Steam/steamapps/common/DayZServerDITrader/config/ExpansionMod/Loadouts/HumanLoadout.json,Ammo_762x39,InventoryCargo[1],Body
/mnt/c/Program Files (x86)/Steam/steamapps/common/DayZServerDITrader/config/ExpansionMod/Loadouts/HumanLoadout.json,Ammo_556x45,InventoryCargo[2],Body
/mnt/c/Program Files (x86)/Steam/steamapps/common/DayZServerDITrader/config/ExpansionMod/Loadouts/HumanLoadout.json,Ammo_9x19,InventoryCargo[3],Body
/mnt/c/Program Files (x86)/Steam/steamapps/common/DayZServerDITrader/config/ExpansionMod/Loadouts/HumanLoadout.json,Ammo_45ACP,InventoryCargo[4],Body
/mnt/c/Program Files (x86)/Steam/steamapps/common/DayZServerDITrader/config/ExpansionMod/Loadouts/HumanLoadout.json,Ammo_308Win,InventoryCargo[5],Body
/mnt/c/Program Files (x86)/Steam/steamapps/common/DayZServerDITrader/config/ExpansionMod/Loadouts/HumanLoadout.json,Ammo_12gaPellets,InventoryCargo[6],Body
/mnt/c/Program Files (x86)/Steam/steamapps/common/DayZServerDITrader/config/ExpansionMod/Loadouts/HumanLoadout.json,Ammo_12gaSlug,InventoryCargo[7],Body
/mnt/c/Program Files (x86)/Steam/steamapps/common/DayZServerDITrader/config/ExpansionMod/Loadouts/HumanLoadout.json,Ammo_Expansion_338,InventoryCargo[8],Body
/mnt/c/Program Files (x86)/Steam/steamapps/common/DayZServerDITrader/config/ExpansionMod/Loadouts/HumanLoadout.json,whetstone,InventoryCargo[9],Body
/mnt/c/Program Files (x86)/Steam/steamapps/common/DayZServerDITrader/config/ExpansionMod/Loadouts/HumanLoadout.json,SlacksPants_Blue,Items[0],Legs
/mnt/c/Program Files (x86)/Steam/steamapps/common/DayZServerDITrader/config/ExpansionMod/Loadouts/HumanLoadout.json,SlacksPants_Black,Items[1],Legs
/mnt/c/Program Files (x86)/Steam/steamapps/common/DayZServerDITrader/config/ExpansionMod/Loadouts/HumanLoadout.json,SlacksPants_DarkGrey,Items[2],Legs
/mnt/c/Program Files (x86)/Steam/steamapps/common/DayZServerDITrader/config/ExpansionMod/Loadouts/HumanLoadout.json,HikingBootsLow_Blue,Items[0],Feet
/mnt/c/Program Files (x86)/Steam/steamapps/common/DayZServerDITrader/config/ExpansionMod/Loadouts/HumanLoadout.json,HikingBootsLow_Black,Items[1],Feet
/mnt/c/Program Files (x86)/Steam/steamapps/common/DayZServerDITrader/config/ExpansionMod/Loadouts/HumanLoadout.json,HikingBootsLow_Grey,Items[2],Feet
/mnt/c/Program Files (x86)/Steam/steamapps/common/DayZServerDITrader/config/ExpansionMod/Loadouts/HumanLoadout.json,TaloonBag_Blue,Items[0],Back
/mnt/c/Program Files (x86)/Steam/steamapps/common/DayZServerDITrader/config/ExpansionMod/Loadouts/HumanLoadout.json,MakarovIJ70,InventoryCargo[0],Back
/mnt/c/Program Files (x86)/Steam/steamapps/common/DayZServerDITrader/config/ExpansionMod/Loadouts/HumanLoadout.json,SodaCan_Cola,InventoryCargo[1],Back
/mnt/c/Program Files (x86)/Steam/steamapps/common/DayZServerDITrader/config/ExpansionMod/Loadouts/HumanLoadout.json,Screwdriver,InventoryCargo[2],Back
/mnt/c/Program Files (x86)/Steam/steamapps/common/DayZServerDITrader/config/ExpansionMod/Loadouts/HumanLoadout.json,Ammo_762x39,InventoryCargo[3],Back
/mnt/c/Program Files (x86)/Steam/steamapps/common/DayZServerDITrader/config/ExpansionMod/Loadouts/HumanLoadout.json,Ammo_545x39,InventoryCargo[4],Back
/mnt/c/Program Files (x86)/Steam/steamapps/common/DayZServerDITrader/config/ExpansionMod/Loadouts/HumanLoadout.json,AmmoBox_545x39_20Rnd,InventoryCargo[5],Back
/mnt/c/Program Files (x86)/Steam/steamapps/common/DayZServerDITrader/config/ExpansionMod/Loadouts/HumanLoadout.json,Ammo_308Win,InventoryCargo[6],Back
/mnt/c/Program Files (x86)/Steam/steamapps/common/DayZServerDITrader/config/ExpansionMod/Loadouts/HumanLoadout.json,AmmoBox_308Win_20Rnd,InventoryCargo[7],Back
/mnt/c/Program Files (x86)/Steam/steamapps/common/DayZServerDITrader/config/ExpansionMod/Loadouts/HumanLoadout.json,Ammo_12gaSlug,InventoryCargo[8],Back
/mnt/c/Program Files (x86)/Steam/steamapps/common/DayZServerDITrader/config/ExpansionMod/Loadouts/HumanLoadout.json,Ammo_12gaPellets,InventoryCargo[9],Back
/mnt/c/Program Files (x86)/Steam/steamapps/common/DayZServerDITrader/config/ExpansionMod/Loadouts/HumanLoadout.json,Ammo_Expansion_338,InventoryCargo[10],Back
/mnt/c/Program Files (x86)/Steam/steamapps/common/DayZServerDITrader/config/ExpansionMod/Loadouts/HumanLoadout.json,PressVest_Blue,Items[0],Vest
/mnt/c/Program Files (x86)/Steam/steamapps/common/DayZServerDITrader/config/ExpansionMod/Loadouts/HumanLoadout.json,BaseballCap_Blue,Items[0],Headgear
/mnt/c/Program Files (x86)/Steam/steamapps/common/DayZServerDITrader/config/ExpansionMod/Loadouts/HumanLoadout.json,BaseballCap_Black,Items[1],Headgear
/mnt/c/Program Files (x86)/Steam/steamapps/common/DayZServerDITrader/config/ExpansionMod/Loadouts/HumanLoadout.json,BaseballCap_Olive,Items[2],Headgear
/mnt/c/Program Files (x86)/Steam/steamapps/common/DayZServerDITrader/config/ExpansionMod/Loadouts/HumanLoadout.json,SurgicalGloves_Blue,Items[0],Gloves
/mnt/c/Program Files (x86)/Steam/steamapps/common/DayZServerDITrader/config/ExpansionMod/Loadouts/HumanLoadout.json,CivilianBelt,Items[0],Hips
/mnt/c/Program Files (x86)/Steam/steamapps/common/DayZServerDITrader/config/ExpansionMod/Loadouts/HumanLoadout.json,BaseballBat,Items[0],Melee
/mnt/c/Program Files (x86)/Steam/steamapps/common/DayZServerDITrader/config/ExpansionMod/Loadouts/HumanLoadout.json,AKM,Items[0],Shoulder
/mnt/c/Program Files (x86)/Steam/steamapps/common/DayZServerDITrader/config/ExpansionMod/Loadouts/HumanLoadout.json,Mag_AKM_Drum75Rnd,Items[0],
/mnt/c/Program Files (x86)/Steam/steamapps/common/DayZServerDITrader/config/ExpansionMod/Loadouts/HumanLoadout.json,AK_PlasticBttstck,Items[1],
/mnt/c/Program Files (x86)/Steam/steamapps/common/DayZServerDITrader/config/ExpansionMod/Loadouts/HumanLoadout.json,AK_WoodBttstck,Items[2],
/mnt/c/Program Files (x86)/Steam/steamapps/common/DayZServerDITrader/config/ExpansionMod/Loadouts/HumanLoadout.json,AK_PlasticHndgrd,Items[3],
/mnt/c/Program Files (x86)/Steam/steamapps/common/DayZServerDITrader/config/ExpansionMod/Loadouts/HumanLoadout.json,AK_WoodHndgrd,Items[4],
/mnt/c/Program Files (x86)/Steam/steamapps/common/DayZServerDITrader/config/ExpansionMod/Loadouts/HumanLoadout.json,KashtanOptic,Items[5],
/mnt/c/Program Files (x86)/Steam/steamapps/common/DayZServerDITrader/config/ExpansionMod/Loadouts/HumanLoadout.json,KobraOptic,Items[6],
/mnt/c/Program Files (x86)/Steam/steamapps/common/DayZServerDITrader/config/ExpansionMod/Loadouts/HumanLoadout.json,Apple,InventoryCargo[0],none
/mnt/c/Program Files (x86)/Steam/steamapps/common/DayZServerDITrader/config/ExpansionMod/Loadouts/HumanLoadout.json,BandageDressing,InventoryCargo[1],none
/mnt/c/Program Files (x86)/Steam/steamapps/common/DayZServerDITrader/config/ExpansionMod/Loadouts/MMG.json,,,none
/mnt/c/Program Files (x86)/Steam/steamapps/common/DayZServerDITrader/config/ExpansionMod/Loadouts/MMG.json,MMG_tactical_shirt_tan,Items[0],Body
/mnt/c/Program Files (x86)/Steam/steamapps/common/DayZServerDITrader/config/ExpansionMod/Loadouts/MMG.json,Ammo_762x54,InventoryCargo[0],Body
/mnt/c/Program Files (x86)/Steam/steamapps/common/DayZServerDITrader/config/ExpansionMod/Loadouts/MMG.json,Ammo_762x39,InventoryCargo[1],Body
/mnt/c/Program Files (x86)/Steam/steamapps/common/DayZServerDITrader/config/ExpansionMod/Loadouts/MMG.json,Ammo_556x45,InventoryCargo[2],Body
/mnt/c/Program Files (x86)/Steam/steamapps/common/DayZServerDITrader/config/ExpansionMod/Loadouts/MMG.json,Ammo_9x19,InventoryCargo[3],Body
/mnt/c/Program Files (x86)/Steam/steamapps/common/DayZServerDITrader/config/ExpansionMod/Loadouts/MMG.json,Ammo_45ACP,InventoryCargo[4],Body
/mnt/c/Program Files (x86)/Steam/steamapps/common/DayZServerDITrader/config/ExpansionMod/Loadouts/MMG.json,Ammo_308Win,InventoryCargo[5],Body
/mnt/c/Program Files (x86)/Steam/steamapps/common/DayZServerDITrader/config/ExpansionMod/Loadouts/MMG.json,Ammo_12gaPellets,InventoryCargo[6],Body
/mnt/c/Program Files (x86)/Steam/steamapps/common/DayZServerDITrader/config/ExpansionMod/Loadouts/MMG.json,Ammo_12gaSlug,InventoryCargo[7],Body
/mnt/c/Program Files (x86)/Steam/steamapps/common/DayZServerDITrader/config/ExpansionMod/Loadouts/MMG.json,Ammo_Expansion_338,InventoryCargo[8],Body
/mnt/c/Program Files (x86)/Steam/steamapps/common/DayZServerDITrader/config/ExpansionMod/Loadouts/MMG.json,whetstone,InventoryCargo[9],Body
/mnt/c/Program Files (x86)/Steam/steamapps/common/DayZServerDITrader/config/ExpansionMod/Loadouts/MMG.json,MMG_operatorshirt_tan,Items[1],Body
/mnt/c/Program Files (x86)/Steam/steamapps/common/DayZServerDITrader/config/ExpansionMod/Loadouts/MMG.json,Ammo_762x54,InventoryCargo[0],Body
/mnt/c/Program Files (x86)/Steam/steamapps/common/DayZServerDITrader/config/ExpansionMod/Loadouts/MMG.json,Ammo_762x39,InventoryCargo[1],Body
/mnt/c/Program Files (x86)/Steam/steamapps/common/DayZServerDITrader/config/ExpansionMod/Loadouts/MMG.json,Ammo_556x45,InventoryCargo[2],Body
/mnt/c/Program Files (x86)/Steam/steamapps/common/DayZServerDITrader/config/ExpansionMod/Loadouts/MMG.json,Ammo_9x19,InventoryCargo[3],Body
/mnt/c/Program Files (x86)/Steam/steamapps/common/DayZServerDITrader/config/ExpansionMod/Loadouts/MMG.json,Ammo_45ACP,InventoryCargo[4],Body
/mnt/c/Program Files (x86)/Steam/steamapps/common/DayZServerDITrader/config/ExpansionMod/Loadouts/MMG.json,Ammo_308Win,InventoryCargo[5],Body
/mnt/c/Program Files (x86)/Steam/steamapps/common/DayZServerDITrader/config/ExpansionMod/Loadouts/MMG.json,Ammo_12gaPellets,InventoryCargo[6],Body
/mnt/c/Program Files (x86)/Steam/steamapps/common/DayZServerDITrader/config/ExpansionMod/Loadouts/MMG.json,Ammo_12gaSlug,InventoryCargo[7],Body
/mnt/c/Program Files (x86)/Steam/steamapps/common/DayZServerDITrader/config/ExpansionMod/Loadouts/MMG.json,Ammo_Expansion_338,InventoryCargo[8],Body
/mnt/c/Program Files (x86)/Steam/steamapps/common/DayZServerDITrader/config/ExpansionMod/Loadouts/MMG.json,whetstone,InventoryCargo[9],Body
/mnt/c/Program Files (x86)/Steam/steamapps/common/DayZServerDITrader/config/ExpansionMod/Loadouts/MMG.json,MMG_combatshirt_tan,Items[2],Body
/mnt/c/Program Files (x86)/Steam/steamapps/common/DayZServerDITrader/config/ExpansionMod/Loadouts/MMG.json,Ammo_762x54,InventoryCargo[0],Body
/mnt/c/Program Files (x86)/Steam/steamapps/common/DayZServerDITrader/config/ExpansionMod/Loadouts/MMG.json,Ammo_762x39,InventoryCargo[1],Body
/mnt/c/Program Files (x86)/Steam/steamapps/common/DayZServerDITrader/config/ExpansionMod/Loadouts/MMG.json,Ammo_556x45,InventoryCargo[2],Body
/mnt/c/Program Files (x86)/Steam/steamapps/common/DayZServerDITrader/config/ExpansionMod/Loadouts/MMG.json,Ammo_9x19,InventoryCargo[3],Body
/mnt/c/Program Files (x86)/Steam/steamapps/common/DayZServerDITrader/config/ExpansionMod/Loadouts/MMG.json,Ammo_45ACP,InventoryCargo[4],Body
/mnt/c/Program Files (x86)/Steam/steamapps/common/DayZServerDITrader/config/ExpansionMod/Loadouts/MMG.json,Ammo_308Win,InventoryCargo[5],Body
/mnt/c/Program Files (x86)/Steam/steamapps/common/DayZServerDITrader/config/ExpansionMod/Loadouts/MMG.json,Ammo_12gaPellets,InventoryCargo[6],Body
/mnt/c/Program Files (x86)/Steam/steamapps/common/DayZServerDITrader/config/ExpansionMod/Loadouts/MMG.json,Ammo_12gaSlug,InventoryCargo[7],Body
/mnt/c/Program Files (x86)/Steam/steamapps/common/DayZServerDITrader/config/ExpansionMod/Loadouts/MMG.json,Ammo_Expansion_338,InventoryCargo[8],Body
/mnt/c/Program Files (x86)/Steam/steamapps/common/DayZServerDITrader/config/ExpansionMod/Loadouts/MMG.json,whetstone,InventoryCargo[9],Body
/mnt/c/Program Files (x86)/Steam/steamapps/common/DayZServerDITrader/config/ExpansionMod/Loadouts/MMG.json,MMG_facemask_tan,Items[0],Face
/mnt/c/Program Files (x86)/Steam/steamapps/common/DayZServerDITrader/config/ExpansionMod/Loadouts/MMG.json,MMG_balaclava_tan,Items[1],Face
/mnt/c/Program Files (x86)/Steam/steamapps/common/DayZServerDITrader/config/ExpansionMod/Loadouts/MMG.json,MMG_combatpants_tan,Items[0],Legs
/mnt/c/Program Files (x86)/Steam/steamapps/common/DayZServerDITrader/config/ExpansionMod/Loadouts/MMG.json,mmg_tactical_pants_tan,Items[1],Legs
/mnt/c/Program Files (x86)/Steam/steamapps/common/DayZServerDITrader/config/ExpansionMod/Loadouts/MMG.json,MMG_boots_tan,Items[0],Feet
/mnt/c/Program Files (x86)/Steam/steamapps/common/DayZServerDITrader/config/ExpansionMod/Loadouts/MMG.json,MMG_carrier_backpack_tan,Items[0],Back
/mnt/c/Program Files (x86)/Steam/steamapps/common/DayZServerDITrader/config/ExpansionMod/Loadouts/MMG.json,BandageDressing,InventoryCargo[0],Back
/mnt/c/Program Files (x86)/Steam/steamapps/common/DayZServerDITrader/config/ExpansionMod/Loadouts/MMG.json,BandageDressing,InventoryCargo[1],Back
/mnt/c/Program Files (x86)/Steam/steamapps/common/DayZServerDITrader/config/ExpansionMod/Loadouts/MMG.json,Chemlight_Green,InventoryCargo[2],Back
/mnt/c/Program Files (x86)/Steam/steamapps/common/DayZServerDITrader/config/ExpansionMod/Loadouts/MMG.json,Chemlight_Green,InventoryCargo[3],Back
/mnt/c/Program Files (x86)/Steam/steamapps/common/DayZServerDITrader/config/ExpansionMod/Loadouts/MMG.json,Ammo_545x39,InventoryCargo[4],Back
/mnt/c/Program Files (x86)/Steam/steamapps/common/DayZServerDITrader/config/ExpansionMod/Loadouts/MMG.json,AmmoBox_545x39_20Rnd,InventoryCargo[5],Back
/mnt/c/Program Files (x86)/Steam/steamapps/common/DayZServerDITrader/config/ExpansionMod/Loadouts/MMG.json,Ammo_308Win,InventoryCargo[6],Back
/mnt/c/Program Files (x86)/Steam/steamapps/common/DayZServerDITrader/config/ExpansionMod/Loadouts/MMG.json,AmmoBox_308Win_20Rnd,InventoryCargo[7],Back
/mnt/c/Program Files (x86)/Steam/steamapps/common/DayZServerDITrader/config/ExpansionMod/Loadouts/MMG.json,Ammo_12gaSlug,InventoryCargo[8],Back
/mnt/c/Program Files (x86)/Steam/steamapps/common/DayZServerDITrader/config/ExpansionMod/Loadouts/MMG.json,Ammo_12gaPellets,InventoryCargo[9],Back
/mnt/c/Program Files (x86)/Steam/steamapps/common/DayZServerDITrader/config/ExpansionMod/Loadouts/MMG.json,Ammo_Expansion_338,InventoryCargo[10],Back
/mnt/c/Program Files (x86)/Steam/steamapps/common/DayZServerDITrader/config/ExpansionMod/Loadouts/MMG.json,MMG_mmps_bag_tan,Items[1],Back
/mnt/c/Program Files (x86)/Steam/steamapps/common/DayZServerDITrader/config/ExpansionMod/Loadouts/MMG.json,BandageDressing,InventoryCargo[0],Back
/mnt/c/Program Files (x86)/Steam/steamapps/common/DayZServerDITrader/config/ExpansionMod/Loadouts/MMG.json,BandageDressing,InventoryCargo[1],Back
/mnt/c/Program Files (x86)/Steam/steamapps/common/DayZServerDITrader/config/ExpansionMod/Loadouts/MMG.json,Chemlight_Green,InventoryCargo[2],Back
/mnt/c/Program Files (x86)/Steam/steamapps/common/DayZServerDITrader/config/ExpansionMod/Loadouts/MMG.json,Chemlight_Green,InventoryCargo[3],Back
/mnt/c/Program Files (x86)/Steam/steamapps/common/DayZServerDITrader/config/ExpansionMod/Loadouts/MMG.json,Ammo_545x39,InventoryCargo[4],Back
/mnt/c/Program Files (x86)/Steam/steamapps/common/DayZServerDITrader/config/ExpansionMod/Loadouts/MMG.json,AmmoBox_545x39_20Rnd,InventoryCargo[5],Back
/mnt/c/Program Files (x86)/Steam/steamapps/common/DayZServerDITrader/config/ExpansionMod/Loadouts/MMG.json,Ammo_308Win,InventoryCargo[6],Back
/mnt/c/Program Files (x86)/Steam/steamapps/common/DayZServerDITrader/config/ExpansionMod/Loadouts/MMG.json,AmmoBox_308Win_20Rnd,InventoryCargo[7],Back
/mnt/c/Program Files (x86)/Steam/steamapps/common/DayZServerDITrader/config/ExpansionMod/Loadouts/MMG.json,Ammo_12gaSlug,InventoryCargo[8],Back
/mnt/c/Program Files (x86)/Steam/steamapps/common/DayZServerDITrader/config/ExpansionMod/Loadouts/MMG.json,Ammo_12gaPellets,InventoryCargo[9],Back
/mnt/c/Program Files (x86)/Steam/steamapps/common/DayZServerDITrader/config/ExpansionMod/Loadouts/MMG.json,Ammo_Expansion_338,InventoryCargo[10],Back
/mnt/c/Program Files (x86)/Steam/steamapps/common/DayZServerDITrader/config/ExpansionMod/Loadouts/MMG.json,MMG_supplybag_tan,Items[2],Back
/mnt/c/Program Files (x86)/Steam/steamapps/common/DayZServerDITrader/config/ExpansionMod/Loadouts/MMG.json,BandageDressing,InventoryCargo[0],Back
/mnt/c/Program Files (x86)/Steam/steamapps/common/DayZServerDITrader/config/ExpansionMod/Loadouts/MMG.json,BandageDressing,InventoryCargo[1],Back
/mnt/c/Program Files (x86)/Steam/steamapps/common/DayZServerDITrader/config/ExpansionMod/Loadouts/MMG.json,Chemlight_Green,InventoryCargo[2],Back
/mnt/c/Program Files (x86)/Steam/steamapps/common/DayZServerDITrader/config/ExpansionMod/Loadouts/MMG.json,Chemlight_Green,InventoryCargo[3],Back
/mnt/c/Program Files (x86)/Steam/steamapps/common/DayZServerDITrader/config/ExpansionMod/Loadouts/MMG.json,Ammo_545x39,InventoryCargo[4],Back
/mnt/c/Program Files (x86)/Steam/steamapps/common/DayZServerDITrader/config/ExpansionMod/Loadouts/MMG.json,AmmoBox_545x39_20Rnd,InventoryCargo[5],Back
/mnt/c/Program Files (x86)/Steam/steamapps/common/DayZServerDITrader/config/ExpansionMod/Loadouts/MMG.json,Ammo_308Win,InventoryCargo[6],Back
/mnt/c/Program Files (x86)/Steam/steamapps/common/DayZServerDITrader/config/ExpansionMod/Loadouts/MMG.json,AmmoBox_308Win_20Rnd,InventoryCargo[7],Back
/mnt/c/Program Files (x86)/Steam/steamapps/common/DayZServerDITrader/config/ExpansionMod/Loadouts/MMG.json,Ammo_12gaSlug,InventoryCargo[8],Back
/mnt/c/Program Files (x86)/Steam/steamapps/common/DayZServerDITrader/config/ExpansionMod/Loadouts/MMG.json,Ammo_12gaPellets,InventoryCargo[9],Back
/mnt/c/Program Files (x86)/Steam/steamapps/common/DayZServerDITrader/config/ExpansionMod/Loadouts/MMG.json,Ammo_Expansion_338,InventoryCargo[10],Back
/mnt/c/Program Files (x86)/Steam/steamapps/common/DayZServerDITrader/config/ExpansionMod/Loadouts/MMG.json,MMG_assault_pack_mct,Items[3],Back
/mnt/c/Program Files (x86)/Steam/steamapps/common/DayZServerDITrader/config/ExpansionMod/Loadouts/MMG.json,BandageDressing,InventoryCargo[0],Back
/mnt/c/Program Files (x86)/Steam/steamapps/common/DayZServerDITrader/config/ExpansionMod/Loadouts/MMG.json,BandageDressing,InventoryCargo[1],Back
/mnt/c/Program Files (x86)/Steam/steamapps/common/DayZServerDITrader/config/ExpansionMod/Loadouts/MMG.json,Chemlight_Green,InventoryCargo[2],Back
/mnt/c/Program Files (x86)/Steam/steamapps/common/DayZServerDITrader/config/ExpansionMod/Loadouts/MMG.json,Chemlight_Green,InventoryCargo[3],Back
/mnt/c/Program Files (x86)/Steam/steamapps/common/DayZServerDITrader/config/ExpansionMod/Loadouts/MMG.json,MMG_camelback_tan,Items[4],Back
/mnt/c/Program Files (x86)/Steam/steamapps/common/DayZServerDITrader/config/ExpansionMod/Loadouts/MMG.json,BandageDressing,InventoryCargo[0],Back
/mnt/c/Program Files (x86)/Steam/steamapps/common/DayZServerDITrader/config/ExpansionMod/Loadouts/MMG.json,BandageDressing,InventoryCargo[1],Back
/mnt/c/Program Files (x86)/Steam/steamapps/common/DayZServerDITrader/config/ExpansionMod/Loadouts/MMG.json,Chemlight_Green,InventoryCargo[2],Back
/mnt/c/Program Files (x86)/Steam/steamapps/common/DayZServerDITrader/config/ExpansionMod/Loadouts/MMG.json,Chemlight_Green,InventoryCargo[3],Back
/mnt/c/Program Files (x86)/Steam/steamapps/common/DayZServerDITrader/config/ExpansionMod/Loadouts/MMG.json,MMG_tt_Vest_tan,Items[0],Vest
/mnt/c/Program Files (x86)/Steam/steamapps/common/DayZServerDITrader/config/ExpansionMod/Loadouts/MMG.json,MMG_double_magpouch_tan,Items[0],
/mnt/c/Program Files (x86)/Steam/steamapps/common/DayZServerDITrader/config/ExpansionMod/Loadouts/MMG.json,MMG_double_magpouch_tan,Items[1],
/mnt/c/Program Files (x86)/Steam/steamapps/common/DayZServerDITrader/config/ExpansionMod/Loadouts/MMG.json,MMG_Med_Pouch_tan,Items[2],
/mnt/c/Program Files (x86)/Steam/steamapps/common/DayZServerDITrader/config/ExpansionMod/Loadouts/MMG.json,MMG_tactical_pouch_tan,Items[3],
/mnt/c/Program Files (x86)/Steam/steamapps/common/DayZServerDITrader/config/ExpansionMod/Loadouts/MMG.json,MMG_bottle_tan,Items[4],
/mnt/c/Program Files (x86)/Steam/steamapps/common/DayZServerDITrader/config/ExpansionMod/Loadouts/MMG.json,rgd5grenade,Items[5],
/mnt/c/Program Files (x86)/Steam/steamapps/common/DayZServerDITrader/config/ExpansionMod/Loadouts/MMG.json,rgd5grenade,Items[6],
/mnt/c/Program Files (x86)/Steam/steamapps/common/DayZServerDITrader/config/ExpansionMod/Loadouts/MMG.json,MMG_JPC_Vest_tan,Items[1],Vest
/mnt/c/Program Files (x86)/Steam/steamapps/common/DayZServerDITrader/config/ExpansionMod/Loadouts/MMG.json,MMG_triple_magpouch_tan,Items[0],
/mnt/c/Program Files (x86)/Steam/steamapps/common/DayZServerDITrader/config/ExpansionMod/Loadouts/MMG.json,MMG_Med_Pouch_tan,Items[1],
/mnt/c/Program Files (x86)/Steam/steamapps/common/DayZServerDITrader/config/ExpansionMod/Loadouts/MMG.json,MMG_ammo_pouch_tan,Items[2],
/mnt/c/Program Files (x86)/Steam/steamapps/common/DayZServerDITrader/config/ExpansionMod/Loadouts/MMG.json,MMG_sheath_tan,Items[3],
/mnt/c/Program Files (x86)/Steam/steamapps/common/DayZServerDITrader/config/ExpansionMod/Loadouts/MMG.json,MMG_bottle_tan,Items[4],
/mnt/c/Program Files (x86)/Steam/steamapps/common/DayZServerDITrader/config/ExpansionMod/Loadouts/MMG.json,rgd5grenade,Items[5],
/mnt/c/Program Files (x86)/Steam/steamapps/common/DayZServerDITrader/config/ExpansionMod/Loadouts/MMG.json,MMG_striker_helmet_tan,Items[0],Headgear
/mnt/c/Program Files (x86)/Steam/steamapps/common/DayZServerDITrader/config/ExpansionMod/Loadouts/MMG.json,mmg_gp_nvg_green,Items[0],
/mnt/c/Program Files (x86)/Steam/steamapps/common/DayZServerDITrader/config/ExpansionMod/Loadouts/MMG.json,Battery9V,Items[0],
/mnt/c/Program Files (x86)/Steam/steamapps/common/DayZServerDITrader/config/ExpansionMod/Loadouts/MMG.json,MMG_tactical_helmet_tan,Items[1],Headgear
/mnt/c/Program Files (x86)/Steam/steamapps/common/DayZServerDITrader/config/ExpansionMod/Loadouts/MMG.json,mmg_gp_nvg_green,Items[0],
/mnt/c/Program Files (x86)/Steam/steamapps/common/DayZServerDITrader/config/ExpansionMod/Loadouts/MMG.json,Battery9V,Items[0],
/mnt/c/Program Files (x86)/Steam/steamapps/common/DayZServerDITrader/config/ExpansionMod/Loadouts/MMG.json,mmg_tactical_gloves_tan,Items[0],Gloves
/mnt/c/Program Files (x86)/Steam/steamapps/common/DayZServerDITrader/config/ExpansionMod/Loadouts/MMG.json,TacticalGloves_Black,Items[1],Gloves
/mnt/c/Program Files (x86)/Steam/steamapps/common/DayZServerDITrader/config/ExpansionMod/Loadouts/MMG.json,TacticalGloves_Green,Items[2],Gloves
/mnt/c/Program Files (x86)/Steam/steamapps/common/DayZServerDITrader/config/ExpansionMod/Loadouts/MMG.json,,Items[3],Gloves
/mnt/c/Program Files (x86)/Steam/steamapps/common/DayZServerDITrader/config/ExpansionMod/Loadouts/MMG.json,MMG_falcon_b1_belt_tan,Items[0],Hips
/mnt/c/Program Files (x86)/Steam/steamapps/common/DayZServerDITrader/config/ExpansionMod/Loadouts/MMG.json,MMG_Holster_tan,Items[0],
/mnt/c/Program Files (x86)/Steam/steamapps/common/DayZServerDITrader/config/ExpansionMod/Loadouts/MMG.json,MMG_tactical_pouch_tan,Items[1],
/mnt/c/Program Files (x86)/Steam/steamapps/common/DayZServerDITrader/config/ExpansionMod/Loadouts/MMG.json,MMG_Med_Pouch_tan,Items[2],
/mnt/c/Program Files (x86)/Steam/steamapps/common/DayZServerDITrader/config/ExpansionMod/Loadouts/MMG.json,MMG_sheath_tan,Items[3],
/mnt/c/Program Files (x86)/Steam/steamapps/common/DayZServerDITrader/config/ExpansionMod/Loadouts/MMG.json,MMG_bottle_tan,Items[4],
/mnt/c/Program Files (x86)/Steam/steamapps/common/DayZServerDITrader/config/ExpansionMod/Loadouts/MMG.json,MMG_carbine_green,Items[5],
/mnt/c/Program Files (x86)/Steam/steamapps/common/DayZServerDITrader/config/ExpansionMod/Loadouts/MMG.json,mmg_tactical_gloves_tan,Items[0],
/mnt/c/Program Files (x86)/Steam/steamapps/common/DayZServerDITrader/config/ExpansionMod/Loadouts/MMG.json,Morphine,Items[6],
/mnt/c/Program Files (x86)/Steam/steamapps/common/DayZServerDITrader/config/ExpansionMod/Loadouts/MMG.json,Epinephrine,Items[7],
/mnt/c/Program Files (x86)/Steam/steamapps/common/DayZServerDITrader/config/ExpansionMod/Loadouts/MMG.json,WEAPON,Sets[0],none
/mnt/c/Program Files (x86)/Steam/steamapps/common/DayZServerDITrader/config/ExpansionMod/Loadouts/MMG.json,AK101,Items[0],Shoulder
/mnt/c/Program Files (x86)/Steam/steamapps/common/DayZServerDITrader/config/ExpansionMod/Loadouts/MMG.json,Mag_AK101_30Rnd,Items[0],
/mnt/c/Program Files (x86)/Steam/steamapps/common/DayZServerDITrader/config/ExpansionMod/Loadouts/MMG.json,AK_PlasticBttstck,Items[1],
/mnt/c/Program Files (x86)/Steam/steamapps/common/DayZServerDITrader/config/ExpansionMod/Loadouts/MMG.json,AK_FoldingBttstck,Items[2],
/mnt/c/Program Files (x86)/Steam/steamapps/common/DayZServerDITrader/config/ExpansionMod/Loadouts/MMG.json,AK74_WoodBttstck,Items[3],
/mnt/c/Program Files (x86)/Steam/steamapps/common/DayZServerDITrader/config/ExpansionMod/Loadouts/MMG.json,AK_WoodBttstck,Items[4],
/mnt/c/Program Files (x86)/Steam/steamapps/common/DayZServerDITrader/config/ExpansionMod/Loadouts/MMG.json,AK_PlasticHndgrd,Items[5],
/mnt/c/Program Files (x86)/Steam/steamapps/common/DayZServerDITrader/config/ExpansionMod/Loadouts/MMG.json,AK_WoodHndgrd,Items[6],
/mnt/c/Program Files (x86)/Steam/steamapps/common/DayZServerDITrader/config/ExpansionMod/Loadouts/MMG.json,KashtanOptic,Items[7],
/mnt/c/Program Files (x86)/Steam/steamapps/common/DayZServerDITrader/config/ExpansionMod/Loadouts/MMG.json,KobraOptic,Items[8],
/mnt/c/Program Files (x86)/Steam/steamapps/common/DayZServerDITrader/config/ExpansionMod/Loadouts/MMG.json,Battery9V,Items[0],
/mnt/c/Program Files (x86)/Steam/steamapps/common/DayZServerDITrader/config/ExpansionMod/Loadouts/MMG.json,PSO1Optic,Items[9],
/mnt/c/Program Files (x86)/Steam/steamapps/common/DayZServerDITrader/config/ExpansionMod/Loadouts/MMG.json,Battery9V,Items[0],
/mnt/c/Program Files (x86)/Steam/steamapps/common/DayZServerDITrader/config/ExpansionMod/Loadouts/MMG.json,Mag_AK101_30Rnd,InventoryCargo[0],none
/mnt/c/Program Files (x86)/Steam/steamapps/common/DayZServerDITrader/config/ExpansionMod/Loadouts/MMG.json,Mag_AK101_30Rnd,InventoryCargo[1],none
/mnt/c/Program Files (x86)/Steam/steamapps/common/DayZServerDITrader/config/ExpansionMod/Loadouts/MMG.json,WEAPON,Sets[1],none
/mnt/c/Program Files (x86)/Steam/steamapps/common/DayZServerDITrader/config/ExpansionMod/Loadouts/MMG.json,AK74,Items[0],Shoulder
/mnt/c/Program Files (x86)/Steam/steamapps/common/DayZServerDITrader/config/ExpansionMod/Loadouts/MMG.json,Mag_AK74_30Rnd,Items[0],
/mnt/c/Program Files (x86)/Steam/steamapps/common/DayZServerDITrader/config/ExpansionMod/Loadouts/MMG.json,AK_PlasticBttstck,Items[1],
/mnt/c/Program Files (x86)/Steam/steamapps/common/DayZServerDITrader/config/ExpansionMod/Loadouts/MMG.json,AK_FoldingBttstck,Items[2],
/mnt/c/Program Files (x86)/Steam/steamapps/common/DayZServerDITrader/config/ExpansionMod/Loadouts/MMG.json,AK74_WoodBttstck,Items[3],
/mnt/c/Program Files (x86)/Steam/steamapps/common/DayZServerDITrader/config/ExpansionMod/Loadouts/MMG.json,AK_WoodBttstck,Items[4],
/mnt/c/Program Files (x86)/Steam/steamapps/common/DayZServerDITrader/config/ExpansionMod/Loadouts/MMG.json,AK74_Hndgrd,Items[5],
/mnt/c/Program Files (x86)/Steam/steamapps/common/DayZServerDITrader/config/ExpansionMod/Loadouts/MMG.json,AK_PlasticHndgrd,Items[6],
/mnt/c/Program Files (x86)/Steam/steamapps/common/DayZServerDITrader/config/ExpansionMod/Loadouts/MMG.json,AK_WoodHndgrd,Items[7],
/mnt/c/Program Files (x86)/Steam/steamapps/common/DayZServerDITrader/config/ExpansionMod/Loadouts/MMG.json,KashtanOptic,Items[8],
/mnt/c/Program Files (x86)/Steam/steamapps/common/DayZServerDITrader/config/ExpansionMod/Loadouts/MMG.json,KobraOptic,Items[9],
/mnt/c/Program Files (x86)/Steam/steamapps/common/DayZServerDITrader/config/ExpansionMod/Loadouts/MMG.json,Battery9V,Items[0],
/mnt/c/Program Files (x86)/Steam/steamapps/common/DayZServerDITrader/config/ExpansionMod/Loadouts/MMG.json,PSO1Optic,Items[10],
/mnt/c/Program Files (x86)/Steam/steamapps/common/DayZServerDITrader/config/ExpansionMod/Loadouts/MMG.json,Battery9V,Items[0],
/mnt/c/Program Files (x86)/Steam/steamapps/common/DayZServerDITrader/config/ExpansionMod/Loadouts/MMG.json,Mag_AK74_30Rnd,InventoryCargo[0],none
/mnt/c/Program Files (x86)/Steam/steamapps/common/DayZServerDITrader/config/ExpansionMod/Loadouts/MMG.json,Mag_AK74_30Rnd,InventoryCargo[1],none
/mnt/c/Program Files (x86)/Steam/steamapps/common/DayZServerDITrader/config/ExpansionMod/Loadouts/MMG.json,WEAPON,Sets[2],none
/mnt/c/Program Files (x86)/Steam/steamapps/common/DayZServerDITrader/config/ExpansionMod/Loadouts/MMG.json,AKM,Items[0],Shoulder
/mnt/c/Program Files (x86)/Steam/steamapps/common/DayZServerDITrader/config/ExpansionMod/Loadouts/MMG.json,Mag_AKM_30Rnd,Items[0],
/mnt/c/Program Files (x86)/Steam/steamapps/common/DayZServerDITrader/config/ExpansionMod/Loadouts/MMG.json,Mag_AKM_Drum75Rnd,Items[1],
/mnt/c/Program Files (x86)/Steam/steamapps/common/DayZServerDITrader/config/ExpansionMod/Loadouts/MMG.json,AK_PlasticBttstck,Items[2],
/mnt/c/Program Files (x86)/Steam/steamapps/common/DayZServerDITrader/config/ExpansionMod/Loadouts/MMG.json,AK_FoldingBttstck,Items[3],
/mnt/c/Program Files (x86)/Steam/steamapps/common/DayZServerDITrader/config/ExpansionMod/Loadouts/MMG.json,AK74_WoodBttstck,Items[4],
/mnt/c/Program Files (x86)/Steam/steamapps/common/DayZServerDITrader/config/ExpansionMod/Loadouts/MMG.json,AK_WoodBttstck,Items[5],
/mnt/c/Program Files (x86)/Steam/steamapps/common/DayZServerDITrader/config/ExpansionMod/Loadouts/MMG.json,AK_PlasticHndgrd,Items[6],
/mnt/c/Program Files (x86)/Steam/steamapps/common/DayZServerDITrader/config/ExpansionMod/Loadouts/MMG.json,AK_WoodHndgrd,Items[7],
/mnt/c/Program Files (x86)/Steam/steamapps/common/DayZServerDITrader/config/ExpansionMod/Loadouts/MMG.json,KashtanOptic,Items[8],
/mnt/c/Program Files (x86)/Steam/steamapps/common/DayZServerDITrader/config/ExpansionMod/Loadouts/MMG.json,KobraOptic,Items[9],
/mnt/c/Program Files (x86)/Steam/steamapps/common/DayZServerDITrader/config/ExpansionMod/Loadouts/MMG.json,Battery9V,Items[0],
/mnt/c/Program Files (x86)/Steam/steamapps/common/DayZServerDITrader/config/ExpansionMod/Loadouts/MMG.json,PSO1Optic,Items[10],
/mnt/c/Program Files (x86)/Steam/steamapps/common/DayZServerDITrader/config/ExpansionMod/Loadouts/MMG.json,Battery9V,Items[0],
/mnt/c/Program Files (x86)/Steam/steamapps/common/DayZServerDITrader/config/ExpansionMod/Loadouts/MMG.json,Mag_AKM_30Rnd,InventoryCargo[0],none
/mnt/c/Program Files (x86)/Steam/steamapps/common/DayZServerDITrader/config/ExpansionMod/Loadouts/MMG.json,Mag_AKM_30Rnd,InventoryCargo[1],none
/mnt/c/Program Files (x86)/Steam/steamapps/common/DayZServerDITrader/config/ExpansionMod/Loadouts/MMG.json,WEAPON,Sets[3],none
/mnt/c/Program Files (x86)/Steam/steamapps/common/DayZServerDITrader/config/ExpansionMod/Loadouts/MMG.json,SVD,Items[0],Shoulder
/mnt/c/Program Files (x86)/Steam/steamapps/common/DayZServerDITrader/config/ExpansionMod/Loadouts/MMG.json,Mag_SVD_10Rnd,Items[0],
/mnt/c/Program Files (x86)/Steam/steamapps/common/DayZServerDITrader/config/ExpansionMod/Loadouts/MMG.json,PSO1Optic,Items[1],
/mnt/c/Program Files (x86)/Steam/steamapps/common/DayZServerDITrader/config/ExpansionMod/Loadouts/MMG.json,Battery9V,Items[0],
/mnt/c/Program Files (x86)/Steam/steamapps/common/DayZServerDITrader/config/ExpansionMod/Loadouts/MMG.json,Mag_SVD_10Rnd,InventoryCargo[0],none
/mnt/c/Program Files (x86)/Steam/steamapps/common/DayZServerDITrader/config/ExpansionMod/Loadouts/MMG.json,Mag_SVD_10Rnd,InventoryCargo[1],none
/mnt/c/Program Files (x86)/Steam/steamapps/common/DayZServerDITrader/config/ExpansionMod/Loadouts/MMG.json,WEAPON,Sets[4],none
/mnt/c/Program Files (x86)/Steam/steamapps/common/DayZServerDITrader/config/ExpansionMod/Loadouts/MMG.json,FAL,Items[0],Shoulder
/mnt/c/Program Files (x86)/Steam/steamapps/common/DayZServerDITrader/config/ExpansionMod/Loadouts/MMG.json,Mag_FAL_20Rnd,Items[0],
/mnt/c/Program Files (x86)/Steam/steamapps/common/DayZServerDITrader/config/ExpansionMod/Loadouts/MMG.json,Fal_FoldingBttstck,Items[1],
/mnt/c/Program Files (x86)/Steam/steamapps/common/DayZServerDITrader/config/ExpansionMod/Loadouts/MMG.json,Fal_OeBttstck,Items[2],
/mnt/c/Program Files (x86)/Steam/steamapps/common/DayZServerDITrader/config/ExpansionMod/Loadouts/MMG.json,ACOGOptic,Items[3],
/mnt/c/Program Files (x86)/Steam/steamapps/common/DayZServerDITrader/config/ExpansionMod/Loadouts/MMG.json,ReflexOptic,Items[4],
/mnt/c/Program Files (x86)/Steam/steamapps/common/DayZServerDITrader/config/ExpansionMod/Loadouts/MMG.json,Battery9V,Items[0],
/mnt/c/Program Files (x86)/Steam/steamapps/common/DayZServerDITrader/config/ExpansionMod/Loadouts/MMG.json,Mag_FAL_20Rnd,InventoryCargo[0],none
/mnt/c/Program Files (x86)/Steam/steamapps/common/DayZServerDITrader/config/ExpansionMod/Loadouts/MMG.json,Mag_FAL_20Rnd,InventoryCargo[1],none
/mnt/c/Program Files (x86)/Steam/steamapps/common/DayZServerDITrader/config/ExpansionMod/Loadouts/NBCLoadout.json,,,none
/mnt/c/Program Files (x86)/Steam/steamapps/common/DayZServerDITrader/config/ExpansionMod/Loadouts/NBCLoadout.json,TortillaBag,Items[0],Back
/mnt/c/Program Files (x86)/Steam/steamapps/common/DayZServerDITrader/config/ExpansionMod/Loadouts/NBCLoadout.json,MakarovIJ70,InventoryCargo[0],Back
/mnt/c/Program Files (x86)/Steam/steamapps/common/DayZServerDITrader/config/ExpansionMod/Loadouts/NBCLoadout.json,Mag_IJ70_8Rnd,InventoryCargo[1],Back
/mnt/c/Program Files (x86)/Steam/steamapps/common/DayZServerDITrader/config/ExpansionMod/Loadouts/NBCLoadout.json,Mag_IJ70_8Rnd,InventoryCargo[2],Back
/mnt/c/Program Files (x86)/Steam/steamapps/common/DayZServerDITrader/config/ExpansionMod/Loadouts/NBCLoadout.json,BandageDressing,InventoryCargo[3],Back
/mnt/c/Program Files (x86)/Steam/steamapps/common/DayZServerDITrader/config/ExpansionMod/Loadouts/NBCLoadout.json,BandageDressing,InventoryCargo[4],Back
/mnt/c/Program Files (x86)/Steam/steamapps/common/DayZServerDITrader/config/ExpansionMod/Loadouts/NBCLoadout.json,Chemlight_Green,InventoryCargo[5],Back
/mnt/c/Program Files (x86)/Steam/steamapps/common/DayZServerDITrader/config/ExpansionMod/Loadouts/NBCLoadout.json,Chemlight_Green,InventoryCargo[6],Back
/mnt/c/Program Files (x86)/Steam/steamapps/common/DayZServerDITrader/config/ExpansionMod/Loadouts/NBCLoadout.json,RDG2SmokeGrenade_Black,InventoryCargo[7],Back
/mnt/c/Program Files (x86)/Steam/steamapps/common/DayZServerDITrader/config/ExpansionMod/Loadouts/NBCLoadout.json,RDG2SmokeGrenade_White,InventoryCargo[8],Back
/mnt/c/Program Files (x86)/Steam/steamapps/common/DayZServerDITrader/config/ExpansionMod/Loadouts/NBCLoadout.json,Ammo_762x39,InventoryCargo[9],Back
/mnt/c/Program Files (x86)/Steam/steamapps/common/DayZServerDITrader/config/ExpansionMod/Loadouts/NBCLoadout.json,Ammo_545x39,InventoryCargo[10],Back
/mnt/c/Program Files (x86)/Steam/steamapps/common/DayZServerDITrader/config/ExpansionMod/Loadouts/NBCLoadout.json,AmmoBox_545x39_20Rnd,InventoryCargo[11],Back
/mnt/c/Program Files (x86)/Steam/steamapps/common/DayZServerDITrader/config/ExpansionMod/Loadouts/NBCLoadout.json,Ammo_308Win,InventoryCargo[12],Back
/mnt/c/Program Files (x86)/Steam/steamapps/common/DayZServerDITrader/config/ExpansionMod/Loadouts/NBCLoadout.json,AmmoBox_308Win_20Rnd,InventoryCargo[13],Back
/mnt/c/Program Files (x86)/Steam/steamapps/common/DayZServerDITrader/config/ExpansionMod/Loadouts/NBCLoadout.json,Ammo_12gaSlug,InventoryCargo[14],Back
/mnt/c/Program Files (x86)/Steam/steamapps/common/DayZServerDITrader/config/ExpansionMod/Loadouts/NBCLoadout.json,Ammo_12gaPellets,InventoryCargo[15],Back
/mnt/c/Program Files (x86)/Steam/steamapps/common/DayZServerDITrader/config/ExpansionMod/Loadouts/NBCLoadout.json,Ammo_Expansion_338,InventoryCargo[16],Back
/mnt/c/Program Files (x86)/Steam/steamapps/common/DayZServerDITrader/config/ExpansionMod/Loadouts/NBCLoadout.json,UKAssVest_Camo,Items[0],Vest
/mnt/c/Program Files (x86)/Steam/steamapps/common/DayZServerDITrader/config/ExpansionMod/Loadouts/NBCLoadout.json,UKAssVest_Olive,Items[1],Vest
/mnt/c/Program Files (x86)/Steam/steamapps/common/DayZServerDITrader/config/ExpansionMod/Loadouts/NBCLoadout.json,GasMask,Items[0],Mask
/mnt/c/Program Files (x86)/Steam/steamapps/common/DayZServerDITrader/config/ExpansionMod/Loadouts/NBCLoadout.json,GP5GasMask,Items[1],Mask
/mnt/c/Program Files (x86)/Steam/steamapps/common/DayZServerDITrader/config/ExpansionMod/Loadouts/NBCLoadout.json,GasMask_Filter,Items[0],
/mnt/c/Program Files (x86)/Steam/steamapps/common/DayZServerDITrader/config/ExpansionMod/Loadouts/NBCLoadout.json,AirborneMask,Items[2],Mask
/mnt/c/Program Files (x86)/Steam/steamapps/common/DayZServerDITrader/config/ExpansionMod/Loadouts/NBCLoadout.json,GasMask_Filter,Items[0],
/mnt/c/Program Files (x86)/Steam/steamapps/common/DayZServerDITrader/config/ExpansionMod/Loadouts/NBCLoadout.json,MilitaryBelt,Items[0],Hips
/mnt/c/Program Files (x86)/Steam/steamapps/common/DayZServerDITrader/config/ExpansionMod/Loadouts/NBCLoadout.json,Apple,InventoryCargo[0],none
/mnt/c/Program Files (x86)/Steam/steamapps/common/DayZServerDITrader/config/ExpansionMod/Loadouts/NBCLoadout.json,BandageDressing,InventoryCargo[1],none
/mnt/c/Program Files (x86)/Steam/steamapps/common/DayZServerDITrader/config/ExpansionMod/Loadouts/NBCLoadout.json,GasMask_Filter,InventoryCargo[2],none
/mnt/c/Program Files (x86)/Steam/steamapps/common/DayZServerDITrader/config/ExpansionMod/Loadouts/NBCLoadout.json,AntiChemInjector,InventoryCargo[3],none
/mnt/c/Program Files (x86)/Steam/steamapps/common/DayZServerDITrader/config/ExpansionMod/Loadouts/NBCLoadout.json,CLOTHING,Sets[0],none
/mnt/c/Program Files (x86)/Steam/steamapps/common/DayZServerDITrader/config/ExpansionMod/Loadouts/NBCLoadout.json,NBCJacketGray,Items[0],Body
/mnt/c/Program Files (x86)/Steam/steamapps/common/DayZServerDITrader/config/ExpansionMod/Loadouts/NBCLoadout.json,Ammo_762x54,InventoryCargo[0],Body
/mnt/c/Program Files (x86)/Steam/steamapps/common/DayZServerDITrader/config/ExpansionMod/Loadouts/NBCLoadout.json,Ammo_762x39,InventoryCargo[1],Body
/mnt/c/Program Files (x86)/Steam/steamapps/common/DayZServerDITrader/config/ExpansionMod/Loadouts/NBCLoadout.json,Ammo_556x45,InventoryCargo[2],Body
/mnt/c/Program Files (x86)/Steam/steamapps/common/DayZServerDITrader/config/ExpansionMod/Loadouts/NBCLoadout.json,Ammo_9x19,InventoryCargo[3],Body
/mnt/c/Program Files (x86)/Steam/steamapps/common/DayZServerDITrader/config/ExpansionMod/Loadouts/NBCLoadout.json,Ammo_45ACP,InventoryCargo[4],Body
/mnt/c/Program Files (x86)/Steam/steamapps/common/DayZServerDITrader/config/ExpansionMod/Loadouts/NBCLoadout.json,Ammo_308Win,InventoryCargo[5],Body
/mnt/c/Program Files (x86)/Steam/steamapps/common/DayZServerDITrader/config/ExpansionMod/Loadouts/NBCLoadout.json,Ammo_12gaPellets,InventoryCargo[6],Body
/mnt/c/Program Files (x86)/Steam/steamapps/common/DayZServerDITrader/config/ExpansionMod/Loadouts/NBCLoadout.json,Ammo_12gaSlug,InventoryCargo[7],Body
/mnt/c/Program Files (x86)/Steam/steamapps/common/DayZServerDITrader/config/ExpansionMod/Loadouts/NBCLoadout.json,Ammo_Expansion_338,InventoryCargo[8],Body
/mnt/c/Program Files (x86)/Steam/steamapps/common/DayZServerDITrader/config/ExpansionMod/Loadouts/NBCLoadout.json,whetstone,InventoryCargo[9],Body
/mnt/c/Program Files (x86)/Steam/steamapps/common/DayZServerDITrader/config/ExpansionMod/Loadouts/NBCLoadout.json,NBCPantsGray,Items[0],Legs
/mnt/c/Program Files (x86)/Steam/steamapps/common/DayZServerDITrader/config/ExpansionMod/Loadouts/NBCLoadout.json,NBCBootsGray,Items[0],Feet
/mnt/c/Program Files (x86)/Steam/steamapps/common/DayZServerDITrader/config/ExpansionMod/Loadouts/NBCLoadout.json,NBCHoodGray,Items[0],Headgear
/mnt/c/Program Files (x86)/Steam/steamapps/common/DayZServerDITrader/config/ExpansionMod/Loadouts/NBCLoadout.json,NBCGlovesGray,Items[0],Gloves
/mnt/c/Program Files (x86)/Steam/steamapps/common/DayZServerDITrader/config/ExpansionMod/Loadouts/NBCLoadout.json,CLOTHING,Sets[1],none
/mnt/c/Program Files (x86)/Steam/steamapps/common/DayZServerDITrader/config/ExpansionMod/Loadouts/NBCLoadout.json,NBCJacketYellow,Items[0],Body
/mnt/c/Program Files (x86)/Steam/steamapps/common/DayZServerDITrader/config/ExpansionMod/Loadouts/NBCLoadout.json,NBCPantsYellow,Items[0],Legs
/mnt/c/Program Files (x86)/Steam/steamapps/common/DayZServerDITrader/config/ExpansionMod/Loadouts/NBCLoadout.json,NBCBootsYellow,Items[0],Feet
/mnt/c/Program Files (x86)/Steam/steamapps/common/DayZServerDITrader/config/ExpansionMod/Loadouts/NBCLoadout.json,NBCHoodYellow,Items[0],Headgear
/mnt/c/Program Files (x86)/Steam/steamapps/common/DayZServerDITrader/config/ExpansionMod/Loadouts/NBCLoadout.json,NBCGlovesYellow,Items[0],Gloves
/mnt/c/Program Files (x86)/Steam/steamapps/common/DayZServerDITrader/config/ExpansionMod/Loadouts/NBCLoadout.json,WEAPON,Sets[2],none
/mnt/c/Program Files (x86)/Steam/steamapps/common/DayZServerDITrader/config/ExpansionMod/Loadouts/NBCLoadout.json,AK101,Items[0],Shoulder
/mnt/c/Program Files (x86)/Steam/steamapps/common/DayZServerDITrader/config/ExpansionMod/Loadouts/NBCLoadout.json,Mag_AK101_30Rnd,Items[0],
/mnt/c/Program Files (x86)/Steam/steamapps/common/DayZServerDITrader/config/ExpansionMod/Loadouts/NBCLoadout.json,AK_PlasticBttstck,Items[1],
/mnt/c/Program Files (x86)/Steam/steamapps/common/DayZServerDITrader/config/ExpansionMod/Loadouts/NBCLoadout.json,AK_FoldingBttstck,Items[2],
/mnt/c/Program Files (x86)/Steam/steamapps/common/DayZServerDITrader/config/ExpansionMod/Loadouts/NBCLoadout.json,AK74_WoodBttstck,Items[3],
/mnt/c/Program Files (x86)/Steam/steamapps/common/DayZServerDITrader/config/ExpansionMod/Loadouts/NBCLoadout.json,AK_WoodBttstck,Items[4],
/mnt/c/Program Files (x86)/Steam/steamapps/common/DayZServerDITrader/config/ExpansionMod/Loadouts/NBCLoadout.json,AK_PlasticHndgrd,Items[5],
/mnt/c/Program Files (x86)/Steam/steamapps/common/DayZServerDITrader/config/ExpansionMod/Loadouts/NBCLoadout.json,AK_WoodHndgrd,Items[6],
/mnt/c/Program Files (x86)/Steam/steamapps/common/DayZServerDITrader/config/ExpansionMod/Loadouts/NBCLoadout.json,KashtanOptic,Items[7],
/mnt/c/Program Files (x86)/Steam/steamapps/common/DayZServerDITrader/config/ExpansionMod/Loadouts/NBCLoadout.json,KobraOptic,Items[8],
/mnt/c/Program Files (x86)/Steam/steamapps/common/DayZServerDITrader/config/ExpansionMod/Loadouts/NBCLoadout.json,Battery9V,Items[0],
/mnt/c/Program Files (x86)/Steam/steamapps/common/DayZServerDITrader/config/ExpansionMod/Loadouts/NBCLoadout.json,PSO1Optic,Items[9],
/mnt/c/Program Files (x86)/Steam/steamapps/common/DayZServerDITrader/config/ExpansionMod/Loadouts/NBCLoadout.json,Battery9V,Items[0],
/mnt/c/Program Files (x86)/Steam/steamapps/common/DayZServerDITrader/config/ExpansionMod/Loadouts/NBCLoadout.json,Mag_AK101_30Rnd,InventoryCargo[0],none
/mnt/c/Program Files (x86)/Steam/steamapps/common/DayZServerDITrader/config/ExpansionMod/Loadouts/NBCLoadout.json,Mag_AK101_30Rnd,InventoryCargo[1],none
/mnt/c/Program Files (x86)/Steam/steamapps/common/DayZServerDITrader/config/ExpansionMod/Loadouts/NBCLoadout.json,WEAPON,Sets[3],none
/mnt/c/Program Files (x86)/Steam/steamapps/common/DayZServerDITrader/config/ExpansionMod/Loadouts/NBCLoadout.json,AK74,Items[0],Shoulder
/mnt/c/Program Files (x86)/Steam/steamapps/common/DayZServerDITrader/config/ExpansionMod/Loadouts/NBCLoadout.json,Mag_AK74_30Rnd,Items[0],
/mnt/c/Program Files (x86)/Steam/steamapps/common/DayZServerDITrader/config/ExpansionMod/Loadouts/NBCLoadout.json,AK_PlasticBttstck,Items[1],
/mnt/c/Program Files (x86)/Steam/steamapps/common/DayZServerDITrader/config/ExpansionMod/Loadouts/NBCLoadout.json,AK_FoldingBttstck,Items[2],
/mnt/c/Program Files (x86)/Steam/steamapps/common/DayZServerDITrader/config/ExpansionMod/Loadouts/NBCLoadout.json,AK74_WoodBttstck,Items[3],
/mnt/c/Program Files (x86)/Steam/steamapps/common/DayZServerDITrader/config/ExpansionMod/Loadouts/NBCLoadout.json,AK_WoodBttstck,Items[4],
/mnt/c/Program Files (x86)/Steam/steamapps/common/DayZServerDITrader/config/ExpansionMod/Loadouts/NBCLoadout.json,AK74_Hndgrd,Items[5],
/mnt/c/Program Files (x86)/Steam/steamapps/common/DayZServerDITrader/config/ExpansionMod/Loadouts/NBCLoadout.json,AK_PlasticHndgrd,Items[6],
/mnt/c/Program Files (x86)/Steam/steamapps/common/DayZServerDITrader/config/ExpansionMod/Loadouts/NBCLoadout.json,AK_WoodHndgrd,Items[7],
/mnt/c/Program Files (x86)/Steam/steamapps/common/DayZServerDITrader/config/ExpansionMod/Loadouts/NBCLoadout.json,KashtanOptic,Items[8],
/mnt/c/Program Files (x86)/Steam/steamapps/common/DayZServerDITrader/config/ExpansionMod/Loadouts/NBCLoadout.json,KobraOptic,Items[9],
/mnt/c/Program Files (x86)/Steam/steamapps/common/DayZServerDITrader/config/ExpansionMod/Loadouts/NBCLoadout.json,Battery9V,Items[0],
/mnt/c/Program Files (x86)/Steam/steamapps/common/DayZServerDITrader/config/ExpansionMod/Loadouts/NBCLoadout.json,PSO1Optic,Items[10],
/mnt/c/Program Files (x86)/Steam/steamapps/common/DayZServerDITrader/config/ExpansionMod/Loadouts/NBCLoadout.json,Battery9V,Items[0],
/mnt/c/Program Files (x86)/Steam/steamapps/common/DayZServerDITrader/config/ExpansionMod/Loadouts/NBCLoadout.json,Mag_AK74_30Rnd,InventoryCargo[0],none
/mnt/c/Program Files (x86)/Steam/steamapps/common/DayZServerDITrader/config/ExpansionMod/Loadouts/NBCLoadout.json,Mag_AK74_30Rnd,InventoryCargo[1],none
/mnt/c/Program Files (x86)/Steam/steamapps/common/DayZServerDITrader/config/ExpansionMod/Loadouts/NBCLoadout.json,WEAPON,Sets[4],none
/mnt/c/Program Files (x86)/Steam/steamapps/common/DayZServerDITrader/config/ExpansionMod/Loadouts/NBCLoadout.json,AKS74U,Items[0],Shoulder
/mnt/c/Program Files (x86)/Steam/steamapps/common/DayZServerDITrader/config/ExpansionMod/Loadouts/NBCLoadout.json,Mag_AK74_30Rnd,Items[0],
/mnt/c/Program Files (x86)/Steam/steamapps/common/DayZServerDITrader/config/ExpansionMod/Loadouts/NBCLoadout.json,AKS74U_Bttstck,Items[1],
/mnt/c/Program Files (x86)/Steam/steamapps/common/DayZServerDITrader/config/ExpansionMod/Loadouts/NBCLoadout.json,KobraOptic,Items[2],
/mnt/c/Program Files (x86)/Steam/steamapps/common/DayZServerDITrader/config/ExpansionMod/Loadouts/NBCLoadout.json,Battery9V,Items[0],
/mnt/c/Program Files (x86)/Steam/steamapps/common/DayZServerDITrader/config/ExpansionMod/Loadouts/NBCLoadout.json,Mag_AK74_30Rnd,InventoryCargo[0],none
/mnt/c/Program Files (x86)/Steam/steamapps/common/DayZServerDITrader/config/ExpansionMod/Loadouts/NBCLoadout.json,Mag_AK74_30Rnd,InventoryCargo[1],none
/mnt/c/Program Files (x86)/Steam/steamapps/common/DayZServerDITrader/config/ExpansionMod/Loadouts/NBCLoadout.json,WEAPON,Sets[5],none
/mnt/c/Program Files (x86)/Steam/steamapps/common/DayZServerDITrader/config/ExpansionMod/Loadouts/NBCLoadout.json,AKM,Items[0],Shoulder
/mnt/c/Program Files (x86)/Steam/steamapps/common/DayZServerDITrader/config/ExpansionMod/Loadouts/NBCLoadout.json,Mag_AKM_30Rnd,Items[0],
/mnt/c/Program Files (x86)/Steam/steamapps/common/DayZServerDITrader/config/ExpansionMod/Loadouts/NBCLoadout.json,Mag_AKM_Drum75Rnd,Items[1],
/mnt/c/Program Files (x86)/Steam/steamapps/common/DayZServerDITrader/config/ExpansionMod/Loadouts/NBCLoadout.json,AK_PlasticBttstck,Items[2],
/mnt/c/Program Files (x86)/Steam/steamapps/common/DayZServerDITrader/config/ExpansionMod/Loadouts/NBCLoadout.json,AK_FoldingBttstck,Items[3],
/mnt/c/Program Files (x86)/Steam/steamapps/common/DayZServerDITrader/config/ExpansionMod/Loadouts/NBCLoadout.json,AK74_WoodBttstck,Items[4],
/mnt/c/Program Files (x86)/Steam/steamapps/common/DayZServerDITrader/config/ExpansionMod/Loadouts/NBCLoadout.json,AK_WoodBttstck,Items[5],
/mnt/c/Program Files (x86)/Steam/steamapps/common/DayZServerDITrader/config/ExpansionMod/Loadouts/NBCLoadout.json,AK_PlasticHndgrd,Items[6],
/mnt/c/Program Files (x86)/Steam/steamapps/common/DayZServerDITrader/config/ExpansionMod/Loadouts/NBCLoadout.json,AK_WoodHndgrd,Items[7],
/mnt/c/Program Files (x86)/Steam/steamapps/common/DayZServerDITrader/config/ExpansionMod/Loadouts/NBCLoadout.json,KashtanOptic,Items[8],
/mnt/c/Program Files (x86)/Steam/steamapps/common/DayZServerDITrader/config/ExpansionMod/Loadouts/NBCLoadout.json,KobraOptic,Items[9],
/mnt/c/Program Files (x86)/Steam/steamapps/common/DayZServerDITrader/config/ExpansionMod/Loadouts/NBCLoadout.json,Battery9V,Items[0],
/mnt/c/Program Files (x86)/Steam/steamapps/common/DayZServerDITrader/config/ExpansionMod/Loadouts/NBCLoadout.json,PSO1Optic,Items[10],
/mnt/c/Program Files (x86)/Steam/steamapps/common/DayZServerDITrader/config/ExpansionMod/Loadouts/NBCLoadout.json,Battery9V,Items[0],
/mnt/c/Program Files (x86)/Steam/steamapps/common/DayZServerDITrader/config/ExpansionMod/Loadouts/NBCLoadout.json,Mag_AKM_30Rnd,InventoryCargo[0],none
/mnt/c/Program Files (x86)/Steam/steamapps/common/DayZServerDITrader/config/ExpansionMod/Loadouts/NBCLoadout.json,Mag_AKM_30Rnd,InventoryCargo[1],none
/mnt/c/Program Files (x86)/Steam/steamapps/common/DayZServerDITrader/config/ExpansionMod/Loadouts/NBCLoadout.json,WEAPON,Sets[6],none
/mnt/c/Program Files (x86)/Steam/steamapps/common/DayZServerDITrader/config/ExpansionMod/Loadouts/NBCLoadout.json,SVD,Items[0],Shoulder
/mnt/c/Program Files (x86)/Steam/steamapps/common/DayZServerDITrader/config/ExpansionMod/Loadouts/NBCLoadout.json,Mag_SVD_10Rnd,Items[0],
/mnt/c/Program Files (x86)/Steam/steamapps/common/DayZServerDITrader/config/ExpansionMod/Loadouts/NBCLoadout.json,PSO1Optic,Items[1],
/mnt/c/Program Files (x86)/Steam/steamapps/common/DayZServerDITrader/config/ExpansionMod/Loadouts/NBCLoadout.json,Battery9V,Items[0],
/mnt/c/Program Files (x86)/Steam/steamapps/common/DayZServerDITrader/config/ExpansionMod/Loadouts/NBCLoadout.json,Mag_SVD_10Rnd,InventoryCargo[0],none
/mnt/c/Program Files (x86)/Steam/steamapps/common/DayZServerDITrader/config/ExpansionMod/Loadouts/NBCLoadout.json,Mag_SVD_10Rnd,InventoryCargo[1],none
/mnt/c/Program Files (x86)/Steam/steamapps/common/DayZServerDITrader/config/ExpansionMod/Loadouts/NBCLoadout.json,WEAPON,Sets[7],none
/mnt/c/Program Files (x86)/Steam/steamapps/common/DayZServerDITrader/config/ExpansionMod/Loadouts/NBCLoadout.json,PP19,Items[0],Shoulder
/mnt/c/Program Files (x86)/Steam/steamapps/common/DayZServerDITrader/config/ExpansionMod/Loadouts/NBCLoadout.json,Mag_PP19_64Rnd,Items[0],
/mnt/c/Program Files (x86)/Steam/steamapps/common/DayZServerDITrader/config/ExpansionMod/Loadouts/NBCLoadout.json,PP19_Bttstck,Items[1],
/mnt/c/Program Files (x86)/Steam/steamapps/common/DayZServerDITrader/config/ExpansionMod/Loadouts/NBCLoadout.json,PistolSuppressor,Items[2],
/mnt/c/Program Files (x86)/Steam/steamapps/common/DayZServerDITrader/config/ExpansionMod/Loadouts/NBCLoadout.json,KobraOptic,Items[3],
/mnt/c/Program Files (x86)/Steam/steamapps/common/DayZServerDITrader/config/ExpansionMod/Loadouts/NBCLoadout.json,Battery9V,Items[0],
/mnt/c/Program Files (x86)/Steam/steamapps/common/DayZServerDITrader/config/ExpansionMod/Loadouts/NBCLoadout.json,Mag_PP19_64Rnd,InventoryCargo[0],none
/mnt/c/Program Files (x86)/Steam/steamapps/common/DayZServerDITrader/config/ExpansionMod/Loadouts/NBCLoadout.json,Mag_PP19_64Rnd,InventoryCargo[1],none
/mnt/c/Program Files (x86)/Steam/steamapps/common/DayZServerDITrader/config/ExpansionMod/Loadouts/NBCLoadout.json,WEAPON,Sets[8],none
/mnt/c/Program Files (x86)/Steam/steamapps/common/DayZServerDITrader/config/ExpansionMod/Loadouts/NBCLoadout.json,FAL,Items[0],Shoulder
/mnt/c/Program Files (x86)/Steam/steamapps/common/DayZServerDITrader/config/ExpansionMod/Loadouts/NBCLoadout.json,Mag_FAL_20Rnd,Items[0],
/mnt/c/Program Files (x86)/Steam/steamapps/common/DayZServerDITrader/config/ExpansionMod/Loadouts/NBCLoadout.json,Fal_FoldingBttstck,Items[1],
/mnt/c/Program Files (x86)/Steam/steamapps/common/DayZServerDITrader/config/ExpansionMod/Loadouts/NBCLoadout.json,Fal_OeBttstck,Items[2],
/mnt/c/Program Files (x86)/Steam/steamapps/common/DayZServerDITrader/config/ExpansionMod/Loadouts/NBCLoadout.json,ACOGOptic,Items[3],
/mnt/c/Program Files (x86)/Steam/steamapps/common/DayZServerDITrader/config/ExpansionMod/Loadouts/NBCLoadout.json,ReflexOptic,Items[4],
/mnt/c/Program Files (x86)/Steam/steamapps/common/DayZServerDITrader/config/ExpansionMod/Loadouts/NBCLoadout.json,Battery9V,Items[0],
/mnt/c/Program Files (x86)/Steam/steamapps/common/DayZServerDITrader/config/ExpansionMod/Loadouts/NBCLoadout.json,Mag_FAL_20Rnd,InventoryCargo[0],none
/mnt/c/Program Files (x86)/Steam/steamapps/common/DayZServerDITrader/config/ExpansionMod/Loadouts/NBCLoadout.json,Mag_FAL_20Rnd,InventoryCargo[1],none
/mnt/c/Program Files (x86)/Steam/steamapps/common/DayZServerDITrader/config/ExpansionMod/Loadouts/NBCLoadout.json,WEAPON,Sets[9],none
/mnt/c/Program Files (x86)/Steam/steamapps/common/DayZServerDITrader/config/ExpansionMod/Loadouts/NBCLoadout.json,Scout,Items[0],Shoulder
/mnt/c/Program Files (x86)/Steam/steamapps/common/DayZServerDITrader/config/ExpansionMod/Loadouts/NBCLoadout.json,Mag_Scout_5Rnd,Items[0],
/mnt/c/Program Files (x86)/Steam/steamapps/common/DayZServerDITrader/config/ExpansionMod/Loadouts/NBCLoadout.json,ACOGOptic,Items[1],
/mnt/c/Program Files (x86)/Steam/steamapps/common/DayZServerDITrader/config/ExpansionMod/Loadouts/NBCLoadout.json,ACOGOptic_6x,Items[2],
/mnt/c/Program Files (x86)/Steam/steamapps/common/DayZServerDITrader/config/ExpansionMod/Loadouts/NBCLoadout.json,ReflexOptic,Items[3],
/mnt/c/Program Files (x86)/Steam/steamapps/common/DayZServerDITrader/config/ExpansionMod/Loadouts/NBCLoadout.json,Battery9V,Items[0],
/mnt/c/Program Files (x86)/Steam/steamapps/common/DayZServerDITrader/config/ExpansionMod/Loadouts/NBCLoadout.json,M68Optic,Items[4],
/mnt/c/Program Files (x86)/Steam/steamapps/common/DayZServerDITrader/config/ExpansionMod/Loadouts/NBCLoadout.json,Battery9V,Items[0],
/mnt/c/Program Files (x86)/Steam/steamapps/common/DayZServerDITrader/config/ExpansionMod/Loadouts/NBCLoadout.json,StarlightOptic,Items[5],
/mnt/c/Program Files (x86)/Steam/steamapps/common/DayZServerDITrader/config/ExpansionMod/Loadouts/NBCLoadout.json,Battery9V,Items[0],
/mnt/c/Program Files (x86)/Steam/steamapps/common/DayZServerDITrader/config/ExpansionMod/Loadouts/NBCLoadout.json,Mag_Scout_5Rnd,InventoryCargo[0],none
/mnt/c/Program Files (x86)/Steam/steamapps/common/DayZServerDITrader/config/ExpansionMod/Loadouts/NBCLoadout.json,Mag_Scout_5Rnd,InventoryCargo[1],none
/mnt/c/Program Files (x86)/Steam/steamapps/common/DayZServerDITrader/config/ExpansionMod/Loadouts/NBCLoadout.json,WEAPON,Sets[10],none
/mnt/c/Program Files (x86)/Steam/steamapps/common/DayZServerDITrader/config/ExpansionMod/Loadouts/NBCLoadout.json,FAMAS,Items[0],Shoulder
/mnt/c/Program Files (x86)/Steam/steamapps/common/DayZServerDITrader/config/ExpansionMod/Loadouts/NBCLoadout.json,Mag_FAMAS_25Rnd,Items[0],
/mnt/c/Program Files (x86)/Steam/steamapps/common/DayZServerDITrader/config/ExpansionMod/Loadouts/NBCLoadout.json,Mag_FAMAS_25Rnd,InventoryCargo[0],none
/mnt/c/Program Files (x86)/Steam/steamapps/common/DayZServerDITrader/config/ExpansionMod/Loadouts/NBCLoadout.json,Mag_FAMAS_25Rnd,InventoryCargo[1],none
/mnt/c/Program Files (x86)/Steam/steamapps/common/DayZServerDITrader/config/ExpansionMod/Loadouts/NBCLoadout.json,WEAPON,Sets[11],none
/mnt/c/Program Files (x86)/Steam/steamapps/common/DayZServerDITrader/config/ExpansionMod/Loadouts/NBCLoadout.json,M4A1,Items[0],Shoulder
/mnt/c/Program Files (x86)/Steam/steamapps/common/DayZServerDITrader/config/ExpansionMod/Loadouts/NBCLoadout.json,Mag_STANAG_30Rnd,Items[0],
/mnt/c/Program Files (x86)/Steam/steamapps/common/DayZServerDITrader/config/ExpansionMod/Loadouts/NBCLoadout.json,Mag_STANAG_60Rnd,Items[1],
/mnt/c/Program Files (x86)/Steam/steamapps/common/DayZServerDITrader/config/ExpansionMod/Loadouts/NBCLoadout.json,Mag_CMAG_10Rnd,Items[2],
/mnt/c/Program Files (x86)/Steam/steamapps/common/DayZServerDITrader/config/ExpansionMod/Loadouts/NBCLoadout.json,Mag_CMAG_20Rnd,Items[3],
/mnt/c/Program Files (x86)/Steam/steamapps/common/DayZServerDITrader/config/ExpansionMod/Loadouts/NBCLoadout.json,Mag_CMAG_30Rnd,Items[4],
/mnt/c/Program Files (x86)/Steam/steamapps/common/DayZServerDITrader/config/ExpansionMod/Loadouts/NBCLoadout.json,Mag_CMAG_40Rnd,Items[5],
/mnt/c/Program Files (x86)/Steam/steamapps/common/DayZServerDITrader/config/ExpansionMod/Loadouts/NBCLoadout.json,M4_CQBBttstck,Items[6],
/mnt/c/Program Files (x86)/Steam/steamapps/common/DayZServerDITrader/config/ExpansionMod/Loadouts/NBCLoadout.json,M4_MPBttstck,Items[7],
/mnt/c/Program Files (x86)/Steam/steamapps/common/DayZServerDITrader/config/ExpansionMod/Loadouts/NBCLoadout.json,M4_OEBttstck,Items[8],
/mnt/c/Program Files (x86)/Steam/steamapps/common/DayZServerDITrader/config/ExpansionMod/Loadouts/NBCLoadout.json,M4_MPHndgrd,Items[9],
/mnt/c/Program Files (x86)/Steam/steamapps/common/DayZServerDITrader/config/ExpansionMod/Loadouts/NBCLoadout.json,M4_PlasticHndgrd,Items[10],
/mnt/c/Program Files (x86)/Steam/steamapps/common/DayZServerDITrader/config/ExpansionMod/Loadouts/NBCLoadout.json,M4_RISHndgrd,Items[11],
/mnt/c/Program Files (x86)/Steam/steamapps/common/DayZServerDITrader/config/ExpansionMod/Loadouts/NBCLoadout.json,ACOGOptic,Items[12],
/mnt/c/Program Files (x86)/Steam/steamapps/common/DayZServerDITrader/config/ExpansionMod/Loadouts/NBCLoadout.json,ACOGOptic_6x,Items[13],
/mnt/c/Program Files (x86)/Steam/steamapps/common/DayZServerDITrader/config/ExpansionMod/Loadouts/NBCLoadout.json,ReflexOptic,Items[14],
/mnt/c/Program Files (x86)/Steam/steamapps/common/DayZServerDITrader/config/ExpansionMod/Loadouts/NBCLoadout.json,Battery9V,Items[0],
/mnt/c/Program Files (x86)/Steam/steamapps/common/DayZServerDITrader/config/ExpansionMod/Loadouts/NBCLoadout.json,M68Optic,Items[15],
/mnt/c/Program Files (x86)/Steam/steamapps/common/DayZServerDITrader/config/ExpansionMod/Loadouts/NBCLoadout.json,Battery9V,Items[0],
/mnt/c/Program Files (x86)/Steam/steamapps/common/DayZServerDITrader/config/ExpansionMod/Loadouts/NBCLoadout.json,M4_T3NRDSOptic,Items[16],
/mnt/c/Program Files (x86)/Steam/steamapps/common/DayZServerDITrader/config/ExpansionMod/Loadouts/NBCLoadout.json,Battery9V,Items[0],
/mnt/c/Program Files (x86)/Steam/steamapps/common/DayZServerDITrader/config/ExpansionMod/Loadouts/NBCLoadout.json,StarlightOptic,Items[17],
/mnt/c/Program Files (x86)/Steam/steamapps/common/DayZServerDITrader/config/ExpansionMod/Loadouts/NBCLoadout.json,Battery9V,Items[0],
/mnt/c/Program Files (x86)/Steam/steamapps/common/DayZServerDITrader/config/ExpansionMod/Loadouts/NBCLoadout.json,M4_CarryHandleOptic,Items[18],
/mnt/c/Program Files (x86)/Steam/steamapps/common/DayZServerDITrader/config/ExpansionMod/Loadouts/NBCLoadout.json,Mag_STANAG_30Rnd,InventoryCargo[0],none
/mnt/c/Program Files (x86)/Steam/steamapps/common/DayZServerDITrader/config/ExpansionMod/Loadouts/NBCLoadout.json,Mag_STANAG_30Rnd,InventoryCargo[1],none
/mnt/c/Program Files (x86)/Steam/steamapps/common/DayZServerDITrader/config/ExpansionMod/Loadouts/NBCLoadout.json,WEAPON,Sets[12],none
/mnt/c/Program Files (x86)/Steam/steamapps/common/DayZServerDITrader/config/ExpansionMod/Loadouts/NBCLoadout.json,Aug,Items[0],Shoulder
/mnt/c/Program Files (x86)/Steam/steamapps/common/DayZServerDITrader/config/ExpansionMod/Loadouts/NBCLoadout.json,Mag_Aug_30Rnd,Items[0],
/mnt/c/Program Files (x86)/Steam/steamapps/common/DayZServerDITrader/config/ExpansionMod/Loadouts/NBCLoadout.json,Mag_Aug_30Rnd,InventoryCargo[0],none
/mnt/c/Program Files (x86)/Steam/steamapps/common/DayZServerDITrader/config/ExpansionMod/Loadouts/NBCLoadout.json,Mag_Aug_30Rnd,InventoryCargo[1],none
/mnt/c/Program Files (x86)/Steam/steamapps/common/DayZServerDITrader/config/ExpansionMod/Loadouts/NBCLoadout.json,WEAPON,Sets[13],none
/mnt/c/Program Files (x86)/Steam/steamapps/common/DayZServerDITrader/config/ExpansionMod/Loadouts/NBCLoadout.json,AugShort,Items[0],Shoulder
/mnt/c/Program Files (x86)/Steam/steamapps/common/DayZServerDITrader/config/ExpansionMod/Loadouts/NBCLoadout.json,Mag_Aug_30Rnd,Items[0],
/mnt/c/Program Files (x86)/Steam/steamapps/common/DayZServerDITrader/config/ExpansionMod/Loadouts/NBCLoadout.json,ACOGOptic,Items[1],
/mnt/c/Program Files (x86)/Steam/steamapps/common/DayZServerDITrader/config/ExpansionMod/Loadouts/NBCLoadout.json,ACOGOptic_6x,Items[2],
/mnt/c/Program Files (x86)/Steam/steamapps/common/DayZServerDITrader/config/ExpansionMod/Loadouts/NBCLoadout.json,ReflexOptic,Items[3],
/mnt/c/Program Files (x86)/Steam/steamapps/common/DayZServerDITrader/config/ExpansionMod/Loadouts/NBCLoadout.json,Battery9V,Items[0],
/mnt/c/Program Files (x86)/Steam/steamapps/common/DayZServerDITrader/config/ExpansionMod/Loadouts/NBCLoadout.json,M68Optic,Items[4],
/mnt/c/Program Files (x86)/Steam/steamapps/common/DayZServerDITrader/config/ExpansionMod/Loadouts/NBCLoadout.json,Battery9V,Items[0],
/mnt/c/Program Files (x86)/Steam/steamapps/common/DayZServerDITrader/config/ExpansionMod/Loadouts/NBCLoadout.json,M4_T3NRDSOptic,Items[5],
/mnt/c/Program Files (x86)/Steam/steamapps/common/DayZServerDITrader/config/ExpansionMod/Loadouts/NBCLoadout.json,Battery9V,Items[0],
/mnt/c/Program Files (x86)/Steam/steamapps/common/DayZServerDITrader/config/ExpansionMod/Loadouts/NBCLoadout.json,StarlightOptic,Items[6],
/mnt/c/Program Files (x86)/Steam/steamapps/common/DayZServerDITrader/config/ExpansionMod/Loadouts/NBCLoadout.json,Battery9V,Items[0],
/mnt/c/Program Files (x86)/Steam/steamapps/common/DayZServerDITrader/config/ExpansionMod/Loadouts/NBCLoadout.json,Mag_Aug_30Rnd,InventoryCargo[0],none
/mnt/c/Program Files (x86)/Steam/steamapps/common/DayZServerDITrader/config/ExpansionMod/Loadouts/NBCLoadout.json,Mag_Aug_30Rnd,InventoryCargo[1],none
/mnt/c/Program Files (x86)/Steam/steamapps/common/DayZServerDITrader/config/ExpansionMod/Loadouts/NBCLoadout.json,WEAPON,Sets[14],none
/mnt/c/Program Files (x86)/Steam/steamapps/common/DayZServerDITrader/config/ExpansionMod/Loadouts/NBCLoadout.json,M16A2,Items[0],Shoulder
/mnt/c/Program Files (x86)/Steam/steamapps/common/DayZServerDITrader/config/ExpansionMod/Loadouts/NBCLoadout.json,Mag_STANAG_60Rnd,Items[0],
/mnt/c/Program Files (x86)/Steam/steamapps/common/DayZServerDITrader/config/ExpansionMod/Loadouts/NBCLoadout.json,Mag_STANAG_30Rnd,Items[1],
/mnt/c/Program Files (x86)/Steam/steamapps/common/DayZServerDITrader/config/ExpansionMod/Loadouts/NBCLoadout.json,Mag_STANAG_30Rnd,InventoryCargo[0],none
/mnt/c/Program Files (x86)/Steam/steamapps/common/DayZServerDITrader/config/ExpansionMod/Loadouts/NBCLoadout.json,Mag_STANAG_30Rnd,InventoryCargo[1],none
/mnt/c/Program Files (x86)/Steam/steamapps/common/DayZServerDITrader/config/ExpansionMod/Loadouts/PlayerFemaleSuitLoadout.json,,,none
/mnt/c/Program Files (x86)/Steam/steamapps/common/DayZServerDITrader/config/ExpansionMod/Loadouts/PlayerFemaleSuitLoadout.json,WomanSuit_Blue,Items[0],Body
/mnt/c/Program Files (x86)/Steam/steamapps/common/DayZServerDITrader/config/ExpansionMod/Loadouts/PlayerFemaleSuitLoadout.json,WomanSuit_Brown,Items[1],Body
/mnt/c/Program Files (x86)/Steam/steamapps/common/DayZServerDITrader/config/ExpansionMod/Loadouts/PlayerFemaleSuitLoadout.json,WomanSuit_DarkGrey,Items[2],Body
/mnt/c/Program Files (x86)/Steam/steamapps/common/DayZServerDITrader/config/ExpansionMod/Loadouts/PlayerFemaleSuitLoadout.json,WomanSuit_Khaki,Items[3],Body
/mnt/c/Program Files (x86)/Steam/steamapps/common/DayZServerDITrader/config/ExpansionMod/Loadouts/PlayerFemaleSuitLoadout.json,WomanSuit_LightGrey,Items[4],Body
/mnt/c/Program Files (x86)/Steam/steamapps/common/DayZServerDITrader/config/ExpansionMod/Loadouts/PlayerFemaleSuitLoadout.json,WomanSuit_White,Items[5],Body
/mnt/c/Program Files (x86)/Steam/steamapps/common/DayZServerDITrader/config/ExpansionMod/Loadouts/PlayerFemaleSuitLoadout.json,WomanSuit_Black,Items[6],Body
/mnt/c/Program Files (x86)/Steam/steamapps/common/DayZServerDITrader/config/ExpansionMod/Loadouts/PlayerFemaleSuitLoadout.json,SlacksPants_Blue,Items[0],Legs
/mnt/c/Program Files (x86)/Steam/steamapps/common/DayZServerDITrader/config/ExpansionMod/Loadouts/PlayerFemaleSuitLoadout.json,SlacksPants_Brown,Items[1],Legs
/mnt/c/Program Files (x86)/Steam/steamapps/common/DayZServerDITrader/config/ExpansionMod/Loadouts/PlayerFemaleSuitLoadout.json,SlacksPants_DarkGrey,Items[2],Legs
/mnt/c/Program Files (x86)/Steam/steamapps/common/DayZServerDITrader/config/ExpansionMod/Loadouts/PlayerFemaleSuitLoadout.json,SlacksPants_Khaki,Items[3],Legs
/mnt/c/Program Files (x86)/Steam/steamapps/common/DayZServerDITrader/config/ExpansionMod/Loadouts/PlayerFemaleSuitLoadout.json,SlacksPants_LightGrey,Items[4],Legs
/mnt/c/Program Files (x86)/Steam/steamapps/common/DayZServerDITrader/config/ExpansionMod/Loadouts/PlayerFemaleSuitLoadout.json,SlacksPants_White,Items[5],Legs
/mnt/c/Program Files (x86)/Steam/steamapps/common/DayZServerDITrader/config/ExpansionMod/Loadouts/PlayerFemaleSuitLoadout.json,SlacksPants_Black,Items[6],Legs
/mnt/c/Program Files (x86)/Steam/steamapps/common/DayZServerDITrader/config/ExpansionMod/Loadouts/PlayerFemaleSuitLoadout.json,DressShoes_White,Items[0],Feet
/mnt/c/Program Files (x86)/Steam/steamapps/common/DayZServerDITrader/config/ExpansionMod/Loadouts/PlayerFemaleSuitLoadout.json,DressShoes_Beige,Items[1],Feet
/mnt/c/Program Files (x86)/Steam/steamapps/common/DayZServerDITrader/config/ExpansionMod/Loadouts/PlayerFemaleSuitLoadout.json,DressShoes_Black,Items[2],Feet
/mnt/c/Program Files (x86)/Steam/steamapps/common/DayZServerDITrader/config/ExpansionMod/Loadouts/PlayerFemaleSuitLoadout.json,DressShoes_Brown,Items[3],Feet
/mnt/c/Program Files (x86)/Steam/steamapps/common/DayZServerDITrader/config/ExpansionMod/Loadouts/PlayerFemaleSuitLoadout.json,DressShoes_Sunburst,Items[4],Feet
/mnt/c/Program Files (x86)/Steam/steamapps/common/DayZServerDITrader/config/ExpansionMod/Loadouts/PlayerFemaleSuitLoadout.json,Apple,InventoryCargo[0],none
/mnt/c/Program Files (x86)/Steam/steamapps/common/DayZServerDITrader/config/ExpansionMod/Loadouts/PlayerFemaleSuitLoadout.json,BandageDressing,InventoryCargo[1],none
/mnt/c/Program Files (x86)/Steam/steamapps/common/DayZServerDITrader/config/ExpansionMod/Loadouts/PlayerMaleSuitLoadout.json,,,none
/mnt/c/Program Files (x86)/Steam/steamapps/common/DayZServerDITrader/config/ExpansionMod/Loadouts/PlayerMaleSuitLoadout.json,ManSuit_Blue,Items[0],Body
/mnt/c/Program Files (x86)/Steam/steamapps/common/DayZServerDITrader/config/ExpansionMod/Loadouts/PlayerMaleSuitLoadout.json,ManSuit_Brown,Items[1],Body
/mnt/c/Program Files (x86)/Steam/steamapps/common/DayZServerDITrader/config/ExpansionMod/Loadouts/PlayerMaleSuitLoadout.json,ManSuit_DarkGrey,Items[2],Body
/mnt/c/Program Files (x86)/Steam/steamapps/common/DayZServerDITrader/config/ExpansionMod/Loadouts/PlayerMaleSuitLoadout.json,ManSuit_Khaki,Items[3],Body
/mnt/c/Program Files (x86)/Steam/steamapps/common/DayZServerDITrader/config/ExpansionMod/Loadouts/PlayerMaleSuitLoadout.json,ManSuit_LightGrey,Items[4],Body
/mnt/c/Program Files (x86)/Steam/steamapps/common/DayZServerDITrader/config/ExpansionMod/Loadouts/PlayerMaleSuitLoadout.json,ManSuit_White,Items[5],Body
/mnt/c/Program Files (x86)/Steam/steamapps/common/DayZServerDITrader/config/ExpansionMod/Loadouts/PlayerMaleSuitLoadout.json,ManSuit_Black,Items[6],Body
/mnt/c/Program Files (x86)/Steam/steamapps/common/DayZServerDITrader/config/ExpansionMod/Loadouts/PlayerMaleSuitLoadout.json,SlacksPants_Blue,Items[0],Legs
/mnt/c/Program Files (x86)/Steam/steamapps/common/DayZServerDITrader/config/ExpansionMod/Loadouts/PlayerMaleSuitLoadout.json,SlacksPants_Brown,Items[1],Legs
/mnt/c/Program Files (x86)/Steam/steamapps/common/DayZServerDITrader/config/ExpansionMod/Loadouts/PlayerMaleSuitLoadout.json,SlacksPants_DarkGrey,Items[2],Legs
/mnt/c/Program Files (x86)/Steam/steamapps/common/DayZServerDITrader/config/ExpansionMod/Loadouts/PlayerMaleSuitLoadout.json,SlacksPants_Khaki,Items[3],Legs
/mnt/c/Program Files (x86)/Steam/steamapps/common/DayZServerDITrader/config/ExpansionMod/Loadouts/PlayerMaleSuitLoadout.json,SlacksPants_LightGrey,Items[4],Legs
/mnt/c/Program Files (x86)/Steam/steamapps/common/DayZServerDITrader/config/ExpansionMod/Loadouts/PlayerMaleSuitLoadout.json,SlacksPants_White,Items[5],Legs
/mnt/c/Program Files (x86)/Steam/steamapps/common/DayZServerDITrader/config/ExpansionMod/Loadouts/PlayerMaleSuitLoadout.json,SlacksPants_Black,Items[6],Legs
/mnt/c/Program Files (x86)/Steam/steamapps/common/DayZServerDITrader/config/ExpansionMod/Loadouts/PlayerMaleSuitLoadout.json,DressShoes_White,Items[0],Feet
/mnt/c/Program Files (x86)/Steam/steamapps/common/DayZServerDITrader/config/ExpansionMod/Loadouts/PlayerMaleSuitLoadout.json,DressShoes_Beige,Items[1],Feet
/mnt/c/Program Files (x86)/Steam/steamapps/common/DayZServerDITrader/config/ExpansionMod/Loadouts/PlayerMaleSuitLoadout.json,DressShoes_Black,Items[2],Feet
/mnt/c/Program Files (x86)/Steam/steamapps/common/DayZServerDITrader/config/ExpansionMod/Loadouts/PlayerMaleSuitLoadout.json,DressShoes_Brown,Items[3],Feet
/mnt/c/Program Files (x86)/Steam/steamapps/common/DayZServerDITrader/config/ExpansionMod/Loadouts/PlayerMaleSuitLoadout.json,DressShoes_Sunburst,Items[4],Feet
/mnt/c/Program Files (x86)/Steam/steamapps/common/DayZServerDITrader/config/ExpansionMod/Loadouts/PlayerMaleSuitLoadout.json,Apple,InventoryCargo[0],none
/mnt/c/Program Files (x86)/Steam/steamapps/common/DayZServerDITrader/config/ExpansionMod/Loadouts/PlayerMaleSuitLoadout.json,BandageDressing,InventoryCargo[1],none
/mnt/c/Program Files (x86)/Steam/steamapps/common/DayZServerDITrader/config/ExpansionMod/Loadouts/PlayerSurvivorLoadout.json,,,none
/mnt/c/Program Files (x86)/Steam/steamapps/common/DayZServerDITrader/config/ExpansionMod/Loadouts/PlayerSurvivorLoadout.json,Hoodie_Black,Items[0],Body
/mnt/c/Program Files (x86)/Steam/steamapps/common/DayZServerDITrader/config/ExpansionMod/Loadouts/PlayerSurvivorLoadout.json,Hoodie_Blue,Items[1],Body
/mnt/c/Program Files (x86)/Steam/steamapps/common/DayZServerDITrader/config/ExpansionMod/Loadouts/PlayerSurvivorLoadout.json,Hoodie_Brown,Items[2],Body
/mnt/c/Program Files (x86)/Steam/steamapps/common/DayZServerDITrader/config/ExpansionMod/Loadouts/PlayerSurvivorLoadout.json,Hoodie_Green,Items[3],Body
/mnt/c/Program Files (x86)/Steam/steamapps/common/DayZServerDITrader/config/ExpansionMod/Loadouts/PlayerSurvivorLoadout.json,Hoodie_Grey,Items[4],Body
/mnt/c/Program Files (x86)/Steam/steamapps/common/DayZServerDITrader/config/ExpansionMod/Loadouts/PlayerSurvivorLoadout.json,Hoodie_Red,Items[5],Body
/mnt/c/Program Files (x86)/Steam/steamapps/common/DayZServerDITrader/config/ExpansionMod/Loadouts/PlayerSurvivorLoadout.json,Shirt_BlueCheck,Items[6],Body
/mnt/c/Program Files (x86)/Steam/steamapps/common/DayZServerDITrader/config/ExpansionMod/Loadouts/PlayerSurvivorLoadout.json,Shirt_BlueCheckBright,Items[7],Body
/mnt/c/Program Files (x86)/Steam/steamapps/common/DayZServerDITrader/config/ExpansionMod/Loadouts/PlayerSurvivorLoadout.json,Shirt_GreenCheck,Items[8],Body
/mnt/c/Program Files (x86)/Steam/steamapps/common/DayZServerDITrader/config/ExpansionMod/Loadouts/PlayerSurvivorLoadout.json,Shirt_PlaneBlack,Items[9],Body
/mnt/c/Program Files (x86)/Steam/steamapps/common/DayZServerDITrader/config/ExpansionMod/Loadouts/PlayerSurvivorLoadout.json,Shirt_RedCheck,Items[10],Body
/mnt/c/Program Files (x86)/Steam/steamapps/common/DayZServerDITrader/config/ExpansionMod/Loadouts/PlayerSurvivorLoadout.json,Shirt_WhiteCheck,Items[11],Body
/mnt/c/Program Files (x86)/Steam/steamapps/common/DayZServerDITrader/config/ExpansionMod/Loadouts/PlayerSurvivorLoadout.json,Jeans_Black,Items[0],Legs
/mnt/c/Program Files (x86)/Steam/steamapps/common/DayZServerDITrader/config/ExpansionMod/Loadouts/PlayerSurvivorLoadout.json,Jeans_Blue,Items[1],Legs
/mnt/c/Program Files (x86)/Steam/steamapps/common/DayZServerDITrader/config/ExpansionMod/Loadouts/PlayerSurvivorLoadout.json,Jeans_BlueDark,Items[2],Legs
/mnt/c/Program Files (x86)/Steam/steamapps/common/DayZServerDITrader/config/ExpansionMod/Loadouts/PlayerSurvivorLoadout.json,Jeans_Brown,Items[3],Legs
/mnt/c/Program Files (x86)/Steam/steamapps/common/DayZServerDITrader/config/ExpansionMod/Loadouts/PlayerSurvivorLoadout.json,Jeans_Green,Items[4],Legs
/mnt/c/Program Files (x86)/Steam/steamapps/common/DayZServerDITrader/config/ExpansionMod/Loadouts/PlayerSurvivorLoadout.json,Jeans_Grey,Items[5],Legs
/mnt/c/Program Files (x86)/Steam/steamapps/common/DayZServerDITrader/config/ExpansionMod/Loadouts/PlayerSurvivorLoadout.json,AthleticShoes_Black,Items[0],Feet
/mnt/c/Program Files (x86)/Steam/steamapps/common/DayZServerDITrader/config/ExpansionMod/Loadouts/PlayerSurvivorLoadout.json,AthleticShoes_Blue,Items[1],Feet
/mnt/c/Program Files (x86)/Steam/steamapps/common/DayZServerDITrader/config/ExpansionMod/Loadouts/PlayerSurvivorLoadout.json,AthleticShoes_Brown,Items[2],Feet
/mnt/c/Program Files (x86)/Steam/steamapps/common/DayZServerDITrader/config/ExpansionMod/Loadouts/PlayerSurvivorLoadout.json,AthleticShoes_Green,Items[3],Feet
/mnt/c/Program Files (x86)/Steam/steamapps/common/DayZServerDITrader/config/ExpansionMod/Loadouts/PlayerSurvivorLoadout.json,AthleticShoes_Grey,Items[4],Feet
/mnt/c/Program Files (x86)/Steam/steamapps/common/DayZServerDITrader/config/ExpansionMod/Loadouts/PoliceLoadout.json,,,none
/mnt/c/Program Files (x86)/Steam/steamapps/common/DayZServerDITrader/config/ExpansionMod/Loadouts/PoliceLoadout.json,PoliceJacket,Items[0],Body
/mnt/c/Program Files (x86)/Steam/steamapps/common/DayZServerDITrader/config/ExpansionMod/Loadouts/PoliceLoadout.json,Ammo_762x54,InventoryCargo[0],Body
/mnt/c/Program Files (x86)/Steam/steamapps/common/DayZServerDITrader/config/ExpansionMod/Loadouts/PoliceLoadout.json,Ammo_762x39,InventoryCargo[1],Body
/mnt/c/Program Files (x86)/Steam/steamapps/common/DayZServerDITrader/config/ExpansionMod/Loadouts/PoliceLoadout.json,Ammo_556x45,InventoryCargo[2],Body
/mnt/c/Program Files (x86)/Steam/steamapps/common/DayZServerDITrader/config/ExpansionMod/Loadouts/PoliceLoadout.json,Ammo_9x19,InventoryCargo[3],Body
/mnt/c/Program Files (x86)/Steam/steamapps/common/DayZServerDITrader/config/ExpansionMod/Loadouts/PoliceLoadout.json,Ammo_45ACP,InventoryCargo[4],Body
/mnt/c/Program Files (x86)/Steam/steamapps/common/DayZServerDITrader/config/ExpansionMod/Loadouts/PoliceLoadout.json,Ammo_308Win,InventoryCargo[5],Body
/mnt/c/Program Files (x86)/Steam/steamapps/common/DayZServerDITrader/config/ExpansionMod/Loadouts/PoliceLoadout.json,Ammo_12gaPellets,InventoryCargo[6],Body
/mnt/c/Program Files (x86)/Steam/steamapps/common/DayZServerDITrader/config/ExpansionMod/Loadouts/PoliceLoadout.json,Ammo_12gaSlug,InventoryCargo[7],Body
/mnt/c/Program Files (x86)/Steam/steamapps/common/DayZServerDITrader/config/ExpansionMod/Loadouts/PoliceLoadout.json,Ammo_Expansion_338,InventoryCargo[8],Body
/mnt/c/Program Files (x86)/Steam/steamapps/common/DayZServerDITrader/config/ExpansionMod/Loadouts/PoliceLoadout.json,whetstone,InventoryCargo[9],Body
/mnt/c/Program Files (x86)/Steam/steamapps/common/DayZServerDITrader/config/ExpansionMod/Loadouts/PoliceLoadout.json,PoliceJacketOrel,Items[1],Body
/mnt/c/Program Files (x86)/Steam/steamapps/common/DayZServerDITrader/config/ExpansionMod/Loadouts/PoliceLoadout.json,Ammo_762x54,InventoryCargo[0],Body
/mnt/c/Program Files (x86)/Steam/steamapps/common/DayZServerDITrader/config/ExpansionMod/Loadouts/PoliceLoadout.json,Ammo_762x39,InventoryCargo[1],Body
/mnt/c/Program Files (x86)/Steam/steamapps/common/DayZServerDITrader/config/ExpansionMod/Loadouts/PoliceLoadout.json,Ammo_556x45,InventoryCargo[2],Body
/mnt/c/Program Files (x86)/Steam/steamapps/common/DayZServerDITrader/config/ExpansionMod/Loadouts/PoliceLoadout.json,Ammo_9x19,InventoryCargo[3],Body
/mnt/c/Program Files (x86)/Steam/steamapps/common/DayZServerDITrader/config/ExpansionMod/Loadouts/PoliceLoadout.json,Ammo_45ACP,InventoryCargo[4],Body
/mnt/c/Program Files (x86)/Steam/steamapps/common/DayZServerDITrader/config/ExpansionMod/Loadouts/PoliceLoadout.json,Ammo_308Win,InventoryCargo[5],Body
/mnt/c/Program Files (x86)/Steam/steamapps/common/DayZServerDITrader/config/ExpansionMod/Loadouts/PoliceLoadout.json,Ammo_12gaPellets,InventoryCargo[6],Body
/mnt/c/Program Files (x86)/Steam/steamapps/common/DayZServerDITrader/config/ExpansionMod/Loadouts/PoliceLoadout.json,Ammo_12gaSlug,InventoryCargo[7],Body
/mnt/c/Program Files (x86)/Steam/steamapps/common/DayZServerDITrader/config/ExpansionMod/Loadouts/PoliceLoadout.json,Ammo_Expansion_338,InventoryCargo[8],Body
/mnt/c/Program Files (x86)/Steam/steamapps/common/DayZServerDITrader/config/ExpansionMod/Loadouts/PoliceLoadout.json,whetstone,InventoryCargo[9],Body
/mnt/c/Program Files (x86)/Steam/steamapps/common/DayZServerDITrader/config/ExpansionMod/Loadouts/PoliceLoadout.json,PolicePants,Items[0],Legs
/mnt/c/Program Files (x86)/Steam/steamapps/common/DayZServerDITrader/config/ExpansionMod/Loadouts/PoliceLoadout.json,PolicePantsOrel,Items[1],Legs
/mnt/c/Program Files (x86)/Steam/steamapps/common/DayZServerDITrader/config/ExpansionMod/Loadouts/PoliceLoadout.json,CombatBoots_Black,Items[0],Feet
/mnt/c/Program Files (x86)/Steam/steamapps/common/DayZServerDITrader/config/ExpansionMod/Loadouts/PoliceLoadout.json,CombatBoots_Brown,Items[1],Feet
/mnt/c/Program Files (x86)/Steam/steamapps/common/DayZServerDITrader/config/ExpansionMod/Loadouts/PoliceLoadout.json,CombatBoots_Grey,Items[2],Feet
/mnt/c/Program Files (x86)/Steam/steamapps/common/DayZServerDITrader/config/ExpansionMod/Loadouts/PoliceLoadout.json,PoliceVest,Items[0],Vest
/mnt/c/Program Files (x86)/Steam/steamapps/common/DayZServerDITrader/config/ExpansionMod/Loadouts/PoliceLoadout.json,PoliceCap,Items[0],Headgear
/mnt/c/Program Files (x86)/Steam/steamapps/common/DayZServerDITrader/config/ExpansionMod/Loadouts/PoliceLoadout.json,DirtBikeHelmet_Police,Items[1],Headgear
/mnt/c/Program Files (x86)/Steam/steamapps/common/DayZServerDITrader/config/ExpansionMod/Loadouts/PoliceLoadout.json,SurgicalGloves_Blue,Items[0],Gloves
/mnt/c/Program Files (x86)/Steam/steamapps/common/DayZServerDITrader/config/ExpansionMod/Loadouts/PoliceLoadout.json,CivilianBelt,Items[0],Hips
/mnt/c/Program Files (x86)/Steam/steamapps/common/DayZServerDITrader/config/ExpansionMod/Loadouts/PoliceLoadout.json,StunBaton,Items[0],Melee
/mnt/c/Program Files (x86)/Steam/steamapps/common/DayZServerDITrader/config/ExpansionMod/Loadouts/PoliceLoadout.json,Battery9V,Items[0],
/mnt/c/Program Files (x86)/Steam/steamapps/common/DayZServerDITrader/config/ExpansionMod/Loadouts/PoliceLoadout.json,Apple,InventoryCargo[0],none
/mnt/c/Program Files (x86)/Steam/steamapps/common/DayZServerDITrader/config/ExpansionMod/Loadouts/PoliceLoadout.json,Handcuffs,InventoryCargo[1],none
/mnt/c/Program Files (x86)/Steam/steamapps/common/DayZServerDITrader/config/ExpansionMod/Loadouts/PoliceLoadout.json,HandcuffKeys,InventoryCargo[2],none
/mnt/c/Program Files (x86)/Steam/steamapps/common/DayZServerDITrader/config/ExpansionMod/Loadouts/PoliceLoadout.json,WEAPON,Sets[0],none
/mnt/c/Program Files (x86)/Steam/steamapps/common/DayZServerDITrader/config/ExpansionMod/Loadouts/PoliceLoadout.json,MP5K,Items[0],Shoulder
/mnt/c/Program Files (x86)/Steam/steamapps/common/DayZServerDITrader/config/ExpansionMod/Loadouts/PoliceLoadout.json,Mag_MP5_30Rnd,Items[0],
/mnt/c/Program Files (x86)/Steam/steamapps/common/DayZServerDITrader/config/ExpansionMod/Loadouts/PoliceLoadout.json,Mag_MP5_15Rnd,Items[1],
/mnt/c/Program Files (x86)/Steam/steamapps/common/DayZServerDITrader/config/ExpansionMod/Loadouts/PoliceLoadout.json,MP5k_StockBttstck,Items[2],
/mnt/c/Program Files (x86)/Steam/steamapps/common/DayZServerDITrader/config/ExpansionMod/Loadouts/PoliceLoadout.json,MP5_PlasticHndgrd,Items[3],
/mnt/c/Program Files (x86)/Steam/steamapps/common/DayZServerDITrader/config/ExpansionMod/Loadouts/PoliceLoadout.json,MP5_RailHndgrd,Items[4],
/mnt/c/Program Files (x86)/Steam/steamapps/common/DayZServerDITrader/config/ExpansionMod/Loadouts/PoliceLoadout.json,MP5_Compensator,Items[5],
/mnt/c/Program Files (x86)/Steam/steamapps/common/DayZServerDITrader/config/ExpansionMod/Loadouts/PoliceLoadout.json,ReflexOptic,Items[6],
/mnt/c/Program Files (x86)/Steam/steamapps/common/DayZServerDITrader/config/ExpansionMod/Loadouts/PoliceLoadout.json,Battery9V,Items[0],
/mnt/c/Program Files (x86)/Steam/steamapps/common/DayZServerDITrader/config/ExpansionMod/Loadouts/PoliceLoadout.json,Mag_MP5_30Rnd,InventoryCargo[0],none
/mnt/c/Program Files (x86)/Steam/steamapps/common/DayZServerDITrader/config/ExpansionMod/Loadouts/PoliceLoadout.json,Mag_MP5_30Rnd,InventoryCargo[1],none
/mnt/c/Program Files (x86)/Steam/steamapps/common/DayZServerDITrader/config/ExpansionMod/Loadouts/PoliceLoadout.json,Mag_MP5_15Rnd,InventoryCargo[2],none
/mnt/c/Program Files (x86)/Steam/steamapps/common/DayZServerDITrader/config/ExpansionMod/Loadouts/PoliceLoadout.json,WEAPON,Sets[1],none
/mnt/c/Program Files (x86)/Steam/steamapps/common/DayZServerDITrader/config/ExpansionMod/Loadouts/PoliceLoadout.json,Mp133Shotgun,Items[0],Shoulder
/mnt/c/Program Files (x86)/Steam/steamapps/common/DayZServerDITrader/config/ExpansionMod/Loadouts/PoliceLoadout.json,Ammo_545x39,Items[0],
/mnt/c/Program Files (x86)/Steam/steamapps/common/DayZServerDITrader/config/ExpansionMod/Loadouts/PoliceLoadout.json,AmmoBox_545x39_20Rnd,Items[1],
/mnt/c/Program Files (x86)/Steam/steamapps/common/DayZServerDITrader/config/ExpansionMod/Loadouts/PoliceLoadout.json,Ammo_308Win,Items[2],
/mnt/c/Program Files (x86)/Steam/steamapps/common/DayZServerDITrader/config/ExpansionMod/Loadouts/PoliceLoadout.json,AmmoBox_308Win_20Rnd,Items[3],
/mnt/c/Program Files (x86)/Steam/steamapps/common/DayZServerDITrader/config/ExpansionMod/Loadouts/PoliceLoadout.json,Ammo_12gaSlug,Items[4],
/mnt/c/Program Files (x86)/Steam/steamapps/common/DayZServerDITrader/config/ExpansionMod/Loadouts/PoliceLoadout.json,Ammo_12gaPellets,Items[5],
/mnt/c/Program Files (x86)/Steam/steamapps/common/DayZServerDITrader/config/ExpansionMod/Loadouts/PoliceLoadout.json,Ammo_Expansion_338,Items[6],
/mnt/c/Program Files (x86)/Steam/steamapps/common/DayZServerDITrader/config/ExpansionMod/Loadouts/PoliceLoadout.json,Ammo_12gaRubberSlug,InventoryCargo[0],none
/mnt/c/Program Files (x86)/Steam/steamapps/common/DayZServerDITrader/config/ExpansionMod/Loadouts/PoliceLoadout.json,Ammo_12gaRubberSlug,InventoryCargo[1],none
/mnt/c/Program Files (x86)/Steam/steamapps/common/DayZServerDITrader/config/ExpansionMod/Loadouts/PoliceLoadout.json,Ammo_545x39,InventoryCargo[2],none
/mnt/c/Program Files (x86)/Steam/steamapps/common/DayZServerDITrader/config/ExpansionMod/Loadouts/PoliceLoadout.json,AmmoBox_545x39_20Rnd,InventoryCargo[3],none
/mnt/c/Program Files (x86)/Steam/steamapps/common/DayZServerDITrader/config/ExpansionMod/Loadouts/PoliceLoadout.json,Ammo_308Win,InventoryCargo[4],none
/mnt/c/Program Files (x86)/Steam/steamapps/common/DayZServerDITrader/config/ExpansionMod/Loadouts/PoliceLoadout.json,AmmoBox_308Win_20Rnd,InventoryCargo[5],none
/mnt/c/Program Files (x86)/Steam/steamapps/common/DayZServerDITrader/config/ExpansionMod/Loadouts/PoliceLoadout.json,Ammo_12gaSlug,InventoryCargo[6],none
/mnt/c/Program Files (x86)/Steam/steamapps/common/DayZServerDITrader/config/ExpansionMod/Loadouts/PoliceLoadout.json,Ammo_12gaPellets,InventoryCargo[7],none
/mnt/c/Program Files (x86)/Steam/steamapps/common/DayZServerDITrader/config/ExpansionMod/Loadouts/PoliceLoadout.json,Ammo_Expansion_338,InventoryCargo[8],none
/mnt/c/Program Files (x86)/Steam/steamapps/common/DayZServerDITrader/config/ExpansionMod/Loadouts/PoliceLoadout.json,WEAPON,Sets[2],none
/mnt/c/Program Files (x86)/Steam/steamapps/common/DayZServerDITrader/config/ExpansionMod/Loadouts/PoliceLoadout.json,CZ61,Items[0],Shoulder
/mnt/c/Program Files (x86)/Steam/steamapps/common/DayZServerDITrader/config/ExpansionMod/Loadouts/PoliceLoadout.json,Mag_CZ61_20Rnd,Items[0],
/mnt/c/Program Files (x86)/Steam/steamapps/common/DayZServerDITrader/config/ExpansionMod/Loadouts/PoliceLoadout.json,Mag_CZ61_20Rnd,InventoryCargo[0],none
/mnt/c/Program Files (x86)/Steam/steamapps/common/DayZServerDITrader/config/ExpansionMod/Loadouts/PoliceLoadout.json,Mag_CZ61_20Rnd,InventoryCargo[1],none
/mnt/c/Program Files (x86)/Steam/steamapps/common/DayZServerDITrader/config/ExpansionMod/Loadouts/PoliceLoadout.json,WEAPON,Sets[3],none
/mnt/c/Program Files (x86)/Steam/steamapps/common/DayZServerDITrader/config/ExpansionMod/Loadouts/PoliceLoadout.json,MakarovIJ70,Items[0],Hands
/mnt/c/Program Files (x86)/Steam/steamapps/common/DayZServerDITrader/config/ExpansionMod/Loadouts/PoliceLoadout.json,Mag_IJ70_8Rnd,Items[0],
/mnt/c/Program Files (x86)/Steam/steamapps/common/DayZServerDITrader/config/ExpansionMod/Loadouts/PoliceLoadout.json,Mag_IJ70_8Rnd,InventoryCargo[0],none
/mnt/c/Program Files (x86)/Steam/steamapps/common/DayZServerDITrader/config/ExpansionMod/Loadouts/PoliceLoadout.json,Mag_IJ70_8Rnd,InventoryCargo[1],none
/mnt/c/Program Files (x86)/Steam/steamapps/common/DayZServerDITrader/config/ExpansionMod/Loadouts/PoliceLoadout.json,WEAPON,Sets[4],none
/mnt/c/Program Files (x86)/Steam/steamapps/common/DayZServerDITrader/config/ExpansionMod/Loadouts/PoliceLoadout.json,Glock19,Items[0],Hands
/mnt/c/Program Files (x86)/Steam/steamapps/common/DayZServerDITrader/config/ExpansionMod/Loadouts/PoliceLoadout.json,Mag_Glock_15Rnd,Items[0],
/mnt/c/Program Files (x86)/Steam/steamapps/common/DayZServerDITrader/config/ExpansionMod/Loadouts/PoliceLoadout.json,Mag_Glock_15Rnd,InventoryCargo[0],none
/mnt/c/Program Files (x86)/Steam/steamapps/common/DayZServerDITrader/config/ExpansionMod/Loadouts/PoliceLoadout.json,Mag_Glock_15Rnd,InventoryCargo[1],none
/mnt/c/Program Files (x86)/Steam/steamapps/common/DayZServerDITrader/config/ExpansionMod/Loadouts/ReinforcementsLoadout.json,,,none
/mnt/c/Program Files (x86)/Steam/steamapps/common/DayZServerDITrader/config/ExpansionMod/Loadouts/ReinforcementsLoadout.json,GorkaEJacket_Autumn,Items[0],Body
/mnt/c/Program Files (x86)/Steam/steamapps/common/DayZServerDITrader/config/ExpansionMod/Loadouts/ReinforcementsLoadout.json,GorkaEJacket_Flat,Items[1],Body
/mnt/c/Program Files (x86)/Steam/steamapps/common/DayZServerDITrader/config/ExpansionMod/Loadouts/ReinforcementsLoadout.json,GorkaEJacket_PautRev,Items[2],Body
/mnt/c/Program Files (x86)/Steam/steamapps/common/DayZServerDITrader/config/ExpansionMod/Loadouts/ReinforcementsLoadout.json,GorkaEJacket_Summer,Items[3],Body
/mnt/c/Program Files (x86)/Steam/steamapps/common/DayZServerDITrader/config/ExpansionMod/Loadouts/ReinforcementsLoadout.json,TTsKOJacket_Camo,Items[4],Body
/mnt/c/Program Files (x86)/Steam/steamapps/common/DayZServerDITrader/config/ExpansionMod/Loadouts/ReinforcementsLoadout.json,GorkaPants_Autumn,Items[0],Legs
/mnt/c/Program Files (x86)/Steam/steamapps/common/DayZServerDITrader/config/ExpansionMod/Loadouts/ReinforcementsLoadout.json,GorkaPants_Flat,Items[1],Legs
/mnt/c/Program Files (x86)/Steam/steamapps/common/DayZServerDITrader/config/ExpansionMod/Loadouts/ReinforcementsLoadout.json,GorkaPants_PautRev,Items[2],Legs
/mnt/c/Program Files (x86)/Steam/steamapps/common/DayZServerDITrader/config/ExpansionMod/Loadouts/ReinforcementsLoadout.json,GorkaPants_Summer,Items[3],Legs
/mnt/c/Program Files (x86)/Steam/steamapps/common/DayZServerDITrader/config/ExpansionMod/Loadouts/ReinforcementsLoadout.json,TTSKOPants,Items[4],Legs
/mnt/c/Program Files (x86)/Steam/steamapps/common/DayZServerDITrader/config/ExpansionMod/Loadouts/ReinforcementsLoadout.json,CombatBoots_Beige,Items[0],Feet
/mnt/c/Program Files (x86)/Steam/steamapps/common/DayZServerDITrader/config/ExpansionMod/Loadouts/ReinforcementsLoadout.json,CombatBoots_Black,Items[1],Feet
/mnt/c/Program Files (x86)/Steam/steamapps/common/DayZServerDITrader/config/ExpansionMod/Loadouts/ReinforcementsLoadout.json,CombatBoots_Brown,Items[2],Feet
/mnt/c/Program Files (x86)/Steam/steamapps/common/DayZServerDITrader/config/ExpansionMod/Loadouts/ReinforcementsLoadout.json,CombatBoots_Green,Items[3],Feet
/mnt/c/Program Files (x86)/Steam/steamapps/common/DayZServerDITrader/config/ExpansionMod/Loadouts/ReinforcementsLoadout.json,CombatBoots_Grey,Items[4],Feet
/mnt/c/Program Files (x86)/Steam/steamapps/common/DayZServerDITrader/config/ExpansionMod/Loadouts/ReinforcementsLoadout.json,TTSKOBoots,Items[5],Feet
/mnt/c/Program Files (x86)/Steam/steamapps/common/DayZServerDITrader/config/ExpansionMod/Loadouts/ReinforcementsLoadout.json,TortillaBag,Items[0],Back
/mnt/c/Program Files (x86)/Steam/steamapps/common/DayZServerDITrader/config/ExpansionMod/Loadouts/ReinforcementsLoadout.json,MakarovIJ70,InventoryCargo[0],Back
/mnt/c/Program Files (x86)/Steam/steamapps/common/DayZServerDITrader/config/ExpansionMod/Loadouts/ReinforcementsLoadout.json,Mag_IJ70_8Rnd,InventoryCargo[1],Back
/mnt/c/Program Files (x86)/Steam/steamapps/common/DayZServerDITrader/config/ExpansionMod/Loadouts/ReinforcementsLoadout.json,Mag_IJ70_8Rnd,InventoryCargo[2],Back
/mnt/c/Program Files (x86)/Steam/steamapps/common/DayZServerDITrader/config/ExpansionMod/Loadouts/ReinforcementsLoadout.json,BandageDressing,InventoryCargo[3],Back
/mnt/c/Program Files (x86)/Steam/steamapps/common/DayZServerDITrader/config/ExpansionMod/Loadouts/ReinforcementsLoadout.json,BandageDressing,InventoryCargo[4],Back
/mnt/c/Program Files (x86)/Steam/steamapps/common/DayZServerDITrader/config/ExpansionMod/Loadouts/ReinforcementsLoadout.json,Chemlight_Green,InventoryCargo[5],Back
/mnt/c/Program Files (x86)/Steam/steamapps/common/DayZServerDITrader/config/ExpansionMod/Loadouts/ReinforcementsLoadout.json,Chemlight_Green,InventoryCargo[6],Back
/mnt/c/Program Files (x86)/Steam/steamapps/common/DayZServerDITrader/config/ExpansionMod/Loadouts/ReinforcementsLoadout.json,RDG2SmokeGrenade_Black,InventoryCargo[7],Back
/mnt/c/Program Files (x86)/Steam/steamapps/common/DayZServerDITrader/config/ExpansionMod/Loadouts/ReinforcementsLoadout.json,RDG2SmokeGrenade_White,InventoryCargo[8],Back
/mnt/c/Program Files (x86)/Steam/steamapps/common/DayZServerDITrader/config/ExpansionMod/Loadouts/ReinforcementsLoadout.json,Ammo_762x39,InventoryCargo[9],Back
/mnt/c/Program Files (x86)/Steam/steamapps/common/DayZServerDITrader/config/ExpansionMod/Loadouts/ReinforcementsLoadout.json,AssaultBag_Ttsko,Items[1],Back
/mnt/c/Program Files (x86)/Steam/steamapps/common/DayZServerDITrader/config/ExpansionMod/Loadouts/ReinforcementsLoadout.json,MakarovIJ70,InventoryCargo[0],Back
/mnt/c/Program Files (x86)/Steam/steamapps/common/DayZServerDITrader/config/ExpansionMod/Loadouts/ReinforcementsLoadout.json,Mag_IJ70_8Rnd,InventoryCargo[1],Back
/mnt/c/Program Files (x86)/Steam/steamapps/common/DayZServerDITrader/config/ExpansionMod/Loadouts/ReinforcementsLoadout.json,Mag_IJ70_8Rnd,InventoryCargo[2],Back
/mnt/c/Program Files (x86)/Steam/steamapps/common/DayZServerDITrader/config/ExpansionMod/Loadouts/ReinforcementsLoadout.json,BandageDressing,InventoryCargo[3],Back
/mnt/c/Program Files (x86)/Steam/steamapps/common/DayZServerDITrader/config/ExpansionMod/Loadouts/ReinforcementsLoadout.json,BandageDressing,InventoryCargo[4],Back
/mnt/c/Program Files (x86)/Steam/steamapps/common/DayZServerDITrader/config/ExpansionMod/Loadouts/ReinforcementsLoadout.json,Chemlight_Green,InventoryCargo[5],Back
/mnt/c/Program Files (x86)/Steam/steamapps/common/DayZServerDITrader/config/ExpansionMod/Loadouts/ReinforcementsLoadout.json,Chemlight_Green,InventoryCargo[6],Back
/mnt/c/Program Files (x86)/Steam/steamapps/common/DayZServerDITrader/config/ExpansionMod/Loadouts/ReinforcementsLoadout.json,RDG2SmokeGrenade_Black,InventoryCargo[7],Back
/mnt/c/Program Files (x86)/Steam/steamapps/common/DayZServerDITrader/config/ExpansionMod/Loadouts/ReinforcementsLoadout.json,RDG2SmokeGrenade_White,InventoryCargo[8],Back
/mnt/c/Program Files (x86)/Steam/steamapps/common/DayZServerDITrader/config/ExpansionMod/Loadouts/ReinforcementsLoadout.json,Ammo_762x39,InventoryCargo[9],Back
/mnt/c/Program Files (x86)/Steam/steamapps/common/DayZServerDITrader/config/ExpansionMod/Loadouts/ReinforcementsLoadout.json,SmershBag,Items[2],Back
/mnt/c/Program Files (x86)/Steam/steamapps/common/DayZServerDITrader/config/ExpansionMod/Loadouts/ReinforcementsLoadout.json,MakarovIJ70,InventoryCargo[0],Back
/mnt/c/Program Files (x86)/Steam/steamapps/common/DayZServerDITrader/config/ExpansionMod/Loadouts/ReinforcementsLoadout.json,Mag_IJ70_8Rnd,InventoryCargo[1],Back
/mnt/c/Program Files (x86)/Steam/steamapps/common/DayZServerDITrader/config/ExpansionMod/Loadouts/ReinforcementsLoadout.json,Mag_IJ70_8Rnd,InventoryCargo[2],Back
/mnt/c/Program Files (x86)/Steam/steamapps/common/DayZServerDITrader/config/ExpansionMod/Loadouts/ReinforcementsLoadout.json,BandageDressing,InventoryCargo[3],Back
/mnt/c/Program Files (x86)/Steam/steamapps/common/DayZServerDITrader/config/ExpansionMod/Loadouts/ReinforcementsLoadout.json,BandageDressing,InventoryCargo[4],Back
/mnt/c/Program Files (x86)/Steam/steamapps/common/DayZServerDITrader/config/ExpansionMod/Loadouts/ReinforcementsLoadout.json,Chemlight_Green,InventoryCargo[5],Back
/mnt/c/Program Files (x86)/Steam/steamapps/common/DayZServerDITrader/config/ExpansionMod/Loadouts/ReinforcementsLoadout.json,Chemlight_Green,InventoryCargo[6],Back
/mnt/c/Program Files (x86)/Steam/steamapps/common/DayZServerDITrader/config/ExpansionMod/Loadouts/ReinforcementsLoadout.json,RDG2SmokeGrenade_Black,InventoryCargo[7],Back
/mnt/c/Program Files (x86)/Steam/steamapps/common/DayZServerDITrader/config/ExpansionMod/Loadouts/ReinforcementsLoadout.json,RDG2SmokeGrenade_White,InventoryCargo[8],Back
/mnt/c/Program Files (x86)/Steam/steamapps/common/DayZServerDITrader/config/ExpansionMod/Loadouts/ReinforcementsLoadout.json,Ammo_762x39,InventoryCargo[9],Back
/mnt/c/Program Files (x86)/Steam/steamapps/common/DayZServerDITrader/config/ExpansionMod/Loadouts/ReinforcementsLoadout.json,PoliceVest,Items[0],Vest
/mnt/c/Program Files (x86)/Steam/steamapps/common/DayZServerDITrader/config/ExpansionMod/Loadouts/ReinforcementsLoadout.json,Ssh68Helmet,Items[0],Headgear
/mnt/c/Program Files (x86)/Steam/steamapps/common/DayZServerDITrader/config/ExpansionMod/Loadouts/ReinforcementsLoadout.json,TankerHelmet,Items[1],Headgear
/mnt/c/Program Files (x86)/Steam/steamapps/common/DayZServerDITrader/config/ExpansionMod/Loadouts/ReinforcementsLoadout.json,PilotkaCap,Items[2],Headgear
/mnt/c/Program Files (x86)/Steam/steamapps/common/DayZServerDITrader/config/ExpansionMod/Loadouts/ReinforcementsLoadout.json,OfficerHat,Items[3],Headgear
/mnt/c/Program Files (x86)/Steam/steamapps/common/DayZServerDITrader/config/ExpansionMod/Loadouts/ReinforcementsLoadout.json,GorkaHelmet,Items[4],Headgear
/mnt/c/Program Files (x86)/Steam/steamapps/common/DayZServerDITrader/config/ExpansionMod/Loadouts/ReinforcementsLoadout.json,GorkaHelmetVisor,Items[0],Glass
/mnt/c/Program Files (x86)/Steam/steamapps/common/DayZServerDITrader/config/ExpansionMod/Loadouts/ReinforcementsLoadout.json,OMNOGloves_Brown,Items[0],Gloves
/mnt/c/Program Files (x86)/Steam/steamapps/common/DayZServerDITrader/config/ExpansionMod/Loadouts/ReinforcementsLoadout.json,OMNOGloves_Gray,Items[1],Gloves
/mnt/c/Program Files (x86)/Steam/steamapps/common/DayZServerDITrader/config/ExpansionMod/Loadouts/ReinforcementsLoadout.json,MilitaryBelt,Items[0],Hips
/mnt/c/Program Files (x86)/Steam/steamapps/common/DayZServerDITrader/config/ExpansionMod/Loadouts/ReinforcementsLoadout.json,Armband_Red,Items[0],Armband
/mnt/c/Program Files (x86)/Steam/steamapps/common/DayZServerDITrader/config/ExpansionMod/Loadouts/ReinforcementsLoadout.json,Apple,InventoryCargo[0],none
/mnt/c/Program Files (x86)/Steam/steamapps/common/DayZServerDITrader/config/ExpansionMod/Loadouts/ReinforcementsLoadout.json,BandageDressing,InventoryCargo[1],none
/mnt/c/Program Files (x86)/Steam/steamapps/common/DayZServerDITrader/config/ExpansionMod/Loadouts/ReinforcementsLoadout.json,WEAPON,Sets[0],none
/mnt/c/Program Files (x86)/Steam/steamapps/common/DayZServerDITrader/config/ExpansionMod/Loadouts/ReinforcementsLoadout.json,AK101,Items[0],Shoulder
/mnt/c/Program Files (x86)/Steam/steamapps/common/DayZServerDITrader/config/ExpansionMod/Loadouts/ReinforcementsLoadout.json,Mag_AK101_30Rnd,Items[0],
/mnt/c/Program Files (x86)/Steam/steamapps/common/DayZServerDITrader/config/ExpansionMod/Loadouts/ReinforcementsLoadout.json,AK_PlasticBttstck,Items[1],
/mnt/c/Program Files (x86)/Steam/steamapps/common/DayZServerDITrader/config/ExpansionMod/Loadouts/ReinforcementsLoadout.json,AK_FoldingBttstck,Items[2],
/mnt/c/Program Files (x86)/Steam/steamapps/common/DayZServerDITrader/config/ExpansionMod/Loadouts/ReinforcementsLoadout.json,AK74_WoodBttstck,Items[3],
/mnt/c/Program Files (x86)/Steam/steamapps/common/DayZServerDITrader/config/ExpansionMod/Loadouts/ReinforcementsLoadout.json,AK_WoodBttstck,Items[4],
/mnt/c/Program Files (x86)/Steam/steamapps/common/DayZServerDITrader/config/ExpansionMod/Loadouts/ReinforcementsLoadout.json,AK_PlasticHndgrd,Items[5],
/mnt/c/Program Files (x86)/Steam/steamapps/common/DayZServerDITrader/config/ExpansionMod/Loadouts/ReinforcementsLoadout.json,AK_WoodHndgrd,Items[6],
/mnt/c/Program Files (x86)/Steam/steamapps/common/DayZServerDITrader/config/ExpansionMod/Loadouts/ReinforcementsLoadout.json,KashtanOptic,Items[7],
/mnt/c/Program Files (x86)/Steam/steamapps/common/DayZServerDITrader/config/ExpansionMod/Loadouts/ReinforcementsLoadout.json,KobraOptic,Items[8],
/mnt/c/Program Files (x86)/Steam/steamapps/common/DayZServerDITrader/config/ExpansionMod/Loadouts/ReinforcementsLoadout.json,Battery9V,Items[0],
/mnt/c/Program Files (x86)/Steam/steamapps/common/DayZServerDITrader/config/ExpansionMod/Loadouts/ReinforcementsLoadout.json,PSO1Optic,Items[9],
/mnt/c/Program Files (x86)/Steam/steamapps/common/DayZServerDITrader/config/ExpansionMod/Loadouts/ReinforcementsLoadout.json,Battery9V,Items[0],
/mnt/c/Program Files (x86)/Steam/steamapps/common/DayZServerDITrader/config/ExpansionMod/Loadouts/ReinforcementsLoadout.json,Mag_AK101_30Rnd,InventoryCargo[0],none
/mnt/c/Program Files (x86)/Steam/steamapps/common/DayZServerDITrader/config/ExpansionMod/Loadouts/ReinforcementsLoadout.json,Mag_AK101_30Rnd,InventoryCargo[1],none
/mnt/c/Program Files (x86)/Steam/steamapps/common/DayZServerDITrader/config/ExpansionMod/Loadouts/ReinforcementsLoadout.json,WEAPON,Sets[1],none
/mnt/c/Program Files (x86)/Steam/steamapps/common/DayZServerDITrader/config/ExpansionMod/Loadouts/ReinforcementsLoadout.json,AK74,Items[0],Shoulder
/mnt/c/Program Files (x86)/Steam/steamapps/common/DayZServerDITrader/config/ExpansionMod/Loadouts/ReinforcementsLoadout.json,Mag_AK74_30Rnd,Items[0],
/mnt/c/Program Files (x86)/Steam/steamapps/common/DayZServerDITrader/config/ExpansionMod/Loadouts/ReinforcementsLoadout.json,AK_PlasticBttstck,Items[1],
/mnt/c/Program Files (x86)/Steam/steamapps/common/DayZServerDITrader/config/ExpansionMod/Loadouts/ReinforcementsLoadout.json,AK_FoldingBttstck,Items[2],
/mnt/c/Program Files (x86)/Steam/steamapps/common/DayZServerDITrader/config/ExpansionMod/Loadouts/ReinforcementsLoadout.json,AK74_WoodBttstck,Items[3],
/mnt/c/Program Files (x86)/Steam/steamapps/common/DayZServerDITrader/config/ExpansionMod/Loadouts/ReinforcementsLoadout.json,AK_WoodBttstck,Items[4],
/mnt/c/Program Files (x86)/Steam/steamapps/common/DayZServerDITrader/config/ExpansionMod/Loadouts/ReinforcementsLoadout.json,AK74_Hndgrd,Items[5],
/mnt/c/Program Files (x86)/Steam/steamapps/common/DayZServerDITrader/config/ExpansionMod/Loadouts/ReinforcementsLoadout.json,AK_PlasticHndgrd,Items[6],
/mnt/c/Program Files (x86)/Steam/steamapps/common/DayZServerDITrader/config/ExpansionMod/Loadouts/ReinforcementsLoadout.json,AK_WoodHndgrd,Items[7],
/mnt/c/Program Files (x86)/Steam/steamapps/common/DayZServerDITrader/config/ExpansionMod/Loadouts/ReinforcementsLoadout.json,KashtanOptic,Items[8],
/mnt/c/Program Files (x86)/Steam/steamapps/common/DayZServerDITrader/config/ExpansionMod/Loadouts/ReinforcementsLoadout.json,KobraOptic,Items[9],
/mnt/c/Program Files (x86)/Steam/steamapps/common/DayZServerDITrader/config/ExpansionMod/Loadouts/ReinforcementsLoadout.json,Battery9V,Items[0],
/mnt/c/Program Files (x86)/Steam/steamapps/common/DayZServerDITrader/config/ExpansionMod/Loadouts/ReinforcementsLoadout.json,PSO1Optic,Items[10],
/mnt/c/Program Files (x86)/Steam/steamapps/common/DayZServerDITrader/config/ExpansionMod/Loadouts/ReinforcementsLoadout.json,Battery9V,Items[0],
/mnt/c/Program Files (x86)/Steam/steamapps/common/DayZServerDITrader/config/ExpansionMod/Loadouts/ReinforcementsLoadout.json,Mag_AK74_30Rnd,InventoryCargo[0],none
/mnt/c/Program Files (x86)/Steam/steamapps/common/DayZServerDITrader/config/ExpansionMod/Loadouts/ReinforcementsLoadout.json,Mag_AK74_30Rnd,InventoryCargo[1],none
/mnt/c/Program Files (x86)/Steam/steamapps/common/DayZServerDITrader/config/ExpansionMod/Loadouts/ReinforcementsLoadout.json,WEAPON,Sets[2],none
/mnt/c/Program Files (x86)/Steam/steamapps/common/DayZServerDITrader/config/ExpansionMod/Loadouts/ReinforcementsLoadout.json,AKS74U,Items[0],Shoulder
/mnt/c/Program Files (x86)/Steam/steamapps/common/DayZServerDITrader/config/ExpansionMod/Loadouts/ReinforcementsLoadout.json,Mag_AK74_30Rnd,Items[0],
/mnt/c/Program Files (x86)/Steam/steamapps/common/DayZServerDITrader/config/ExpansionMod/Loadouts/ReinforcementsLoadout.json,AKS74U_Bttstck,Items[1],
/mnt/c/Program Files (x86)/Steam/steamapps/common/DayZServerDITrader/config/ExpansionMod/Loadouts/ReinforcementsLoadout.json,KobraOptic,Items[2],
/mnt/c/Program Files (x86)/Steam/steamapps/common/DayZServerDITrader/config/ExpansionMod/Loadouts/ReinforcementsLoadout.json,Battery9V,Items[0],
/mnt/c/Program Files (x86)/Steam/steamapps/common/DayZServerDITrader/config/ExpansionMod/Loadouts/ReinforcementsLoadout.json,Mag_AK74_30Rnd,InventoryCargo[0],none
/mnt/c/Program Files (x86)/Steam/steamapps/common/DayZServerDITrader/config/ExpansionMod/Loadouts/ReinforcementsLoadout.json,Mag_AK74_30Rnd,InventoryCargo[1],none
/mnt/c/Program Files (x86)/Steam/steamapps/common/DayZServerDITrader/config/ExpansionMod/Loadouts/ReinforcementsLoadout.json,WEAPON,Sets[3],none
/mnt/c/Program Files (x86)/Steam/steamapps/common/DayZServerDITrader/config/ExpansionMod/Loadouts/ReinforcementsLoadout.json,M79,Items[0],Shoulder
/mnt/c/Program Files (x86)/Steam/steamapps/common/DayZServerDITrader/config/ExpansionMod/Loadouts/ReinforcementsLoadout.json,Ammo_40mm_ChemGas,InventoryCargo[0],none
/mnt/c/Program Files (x86)/Steam/steamapps/common/DayZServerDITrader/config/ExpansionMod/Loadouts/ReinforcementsLoadout.json,Ammo_40mm_ChemGas,InventoryCargo[1],none
/mnt/c/Program Files (x86)/Steam/steamapps/common/DayZServerDITrader/config/ExpansionMod/Loadouts/ReinforcementsLoadout.json,Ammo_40mm_ChemGas,InventoryCargo[2],none
/mnt/c/Program Files (x86)/Steam/steamapps/common/DayZServerDITrader/config/ExpansionMod/Loadouts/ReinforcementsLoadout.json,Ammo_40mm_Explosive,InventoryCargo[3],none
/mnt/c/Program Files (x86)/Steam/steamapps/common/DayZServerDITrader/config/ExpansionMod/Loadouts/ReinforcementsLoadout.json,Ammo_40mm_Explosive,InventoryCargo[4],none
/mnt/c/Program Files (x86)/Steam/steamapps/common/DayZServerDITrader/config/ExpansionMod/Loadouts/ReinforcementsLoadout.json,Ammo_40mm_Explosive,InventoryCargo[5],none
/mnt/c/Program Files (x86)/Steam/steamapps/common/DayZServerDITrader/config/ExpansionMod/Loadouts/ReinforcementsLoadout.json,Mag_FNX45_15Rnd,InventoryCargo[6],none
/mnt/c/Program Files (x86)/Steam/steamapps/common/DayZServerDITrader/config/ExpansionMod/Loadouts/ReinforcementsLoadout.json,Mag_FNX45_15Rnd,InventoryCargo[7],none
/mnt/c/Program Files (x86)/Steam/steamapps/common/DayZServerDITrader/config/ExpansionMod/Loadouts/ReinforcementsLoadout.json,FNX45,InventoryCargo[8],none
/mnt/c/Program Files (x86)/Steam/steamapps/common/DayZServerDITrader/config/ExpansionMod/Loadouts/ReinforcementsLoadout.json,Mag_FNX45_15Rnd,Items[0],
/mnt/c/Program Files (x86)/Steam/steamapps/common/DayZServerDITrader/config/ExpansionMod/Loadouts/ReinforcementsLoadout.json,WEAPON,Sets[4],none
/mnt/c/Program Files (x86)/Steam/steamapps/common/DayZServerDITrader/config/ExpansionMod/Loadouts/ReinforcementsLoadout.json,AKM,Items[0],Shoulder
/mnt/c/Program Files (x86)/Steam/steamapps/common/DayZServerDITrader/config/ExpansionMod/Loadouts/ReinforcementsLoadout.json,Mag_AKM_30Rnd,Items[0],
/mnt/c/Program Files (x86)/Steam/steamapps/common/DayZServerDITrader/config/ExpansionMod/Loadouts/ReinforcementsLoadout.json,Mag_AKM_Drum75Rnd,Items[1],
/mnt/c/Program Files (x86)/Steam/steamapps/common/DayZServerDITrader/config/ExpansionMod/Loadouts/ReinforcementsLoadout.json,AK_PlasticBttstck,Items[2],
/mnt/c/Program Files (x86)/Steam/steamapps/common/DayZServerDITrader/config/ExpansionMod/Loadouts/ReinforcementsLoadout.json,AK_FoldingBttstck,Items[3],
/mnt/c/Program Files (x86)/Steam/steamapps/common/DayZServerDITrader/config/ExpansionMod/Loadouts/ReinforcementsLoadout.json,AK74_WoodBttstck,Items[4],
/mnt/c/Program Files (x86)/Steam/steamapps/common/DayZServerDITrader/config/ExpansionMod/Loadouts/ReinforcementsLoadout.json,AK_WoodBttstck,Items[5],
/mnt/c/Program Files (x86)/Steam/steamapps/common/DayZServerDITrader/config/ExpansionMod/Loadouts/ReinforcementsLoadout.json,AK_PlasticHndgrd,Items[6],
/mnt/c/Program Files (x86)/Steam/steamapps/common/DayZServerDITrader/config/ExpansionMod/Loadouts/ReinforcementsLoadout.json,AK_WoodHndgrd,Items[7],
/mnt/c/Program Files (x86)/Steam/steamapps/common/DayZServerDITrader/config/ExpansionMod/Loadouts/ReinforcementsLoadout.json,KashtanOptic,Items[8],
/mnt/c/Program Files (x86)/Steam/steamapps/common/DayZServerDITrader/config/ExpansionMod/Loadouts/ReinforcementsLoadout.json,KobraOptic,Items[9],
/mnt/c/Program Files (x86)/Steam/steamapps/common/DayZServerDITrader/config/ExpansionMod/Loadouts/ReinforcementsLoadout.json,Battery9V,Items[0],
/mnt/c/Program Files (x86)/Steam/steamapps/common/DayZServerDITrader/config/ExpansionMod/Loadouts/ReinforcementsLoadout.json,PSO1Optic,Items[10],
/mnt/c/Program Files (x86)/Steam/steamapps/common/DayZServerDITrader/config/ExpansionMod/Loadouts/ReinforcementsLoadout.json,Battery9V,Items[0],
/mnt/c/Program Files (x86)/Steam/steamapps/common/DayZServerDITrader/config/ExpansionMod/Loadouts/ReinforcementsLoadout.json,Mag_AKM_30Rnd,InventoryCargo[0],none
/mnt/c/Program Files (x86)/Steam/steamapps/common/DayZServerDITrader/config/ExpansionMod/Loadouts/ReinforcementsLoadout.json,Mag_AKM_30Rnd,InventoryCargo[1],none
/mnt/c/Program Files (x86)/Steam/steamapps/common/DayZServerDITrader/config/ExpansionMod/Loadouts/ReinforcementsLoadout.json,WEAPON,Sets[5],none
/mnt/c/Program Files (x86)/Steam/steamapps/common/DayZServerDITrader/config/ExpansionMod/Loadouts/ReinforcementsLoadout.json,SVD,Items[0],Shoulder
/mnt/c/Program Files (x86)/Steam/steamapps/common/DayZServerDITrader/config/ExpansionMod/Loadouts/ReinforcementsLoadout.json,Mag_SVD_10Rnd,Items[0],
/mnt/c/Program Files (x86)/Steam/steamapps/common/DayZServerDITrader/config/ExpansionMod/Loadouts/ReinforcementsLoadout.json,PSO1Optic,Items[1],
/mnt/c/Program Files (x86)/Steam/steamapps/common/DayZServerDITrader/config/ExpansionMod/Loadouts/ReinforcementsLoadout.json,Battery9V,Items[0],
/mnt/c/Program Files (x86)/Steam/steamapps/common/DayZServerDITrader/config/ExpansionMod/Loadouts/ReinforcementsLoadout.json,Mag_SVD_10Rnd,InventoryCargo[0],none
/mnt/c/Program Files (x86)/Steam/steamapps/common/DayZServerDITrader/config/ExpansionMod/Loadouts/ReinforcementsLoadout.json,Mag_SVD_10Rnd,InventoryCargo[1],none
/mnt/c/Program Files (x86)/Steam/steamapps/common/DayZServerDITrader/config/ExpansionMod/Loadouts/ReinforcementsLoadout.json,WEAPON,Sets[6],none
/mnt/c/Program Files (x86)/Steam/steamapps/common/DayZServerDITrader/config/ExpansionMod/Loadouts/ReinforcementsLoadout.json,PP19,Items[0],Shoulder
/mnt/c/Program Files (x86)/Steam/steamapps/common/DayZServerDITrader/config/ExpansionMod/Loadouts/ReinforcementsLoadout.json,Mag_PP19_64Rnd,Items[0],
/mnt/c/Program Files (x86)/Steam/steamapps/common/DayZServerDITrader/config/ExpansionMod/Loadouts/ReinforcementsLoadout.json,PP19_Bttstck,Items[1],
/mnt/c/Program Files (x86)/Steam/steamapps/common/DayZServerDITrader/config/ExpansionMod/Loadouts/ReinforcementsLoadout.json,PistolSuppressor,Items[2],
/mnt/c/Program Files (x86)/Steam/steamapps/common/DayZServerDITrader/config/ExpansionMod/Loadouts/ReinforcementsLoadout.json,KobraOptic,Items[3],
/mnt/c/Program Files (x86)/Steam/steamapps/common/DayZServerDITrader/config/ExpansionMod/Loadouts/ReinforcementsLoadout.json,Battery9V,Items[0],
/mnt/c/Program Files (x86)/Steam/steamapps/common/DayZServerDITrader/config/ExpansionMod/Loadouts/ReinforcementsLoadout.json,Mag_PP19_64Rnd,InventoryCargo[0],none
/mnt/c/Program Files (x86)/Steam/steamapps/common/DayZServerDITrader/config/ExpansionMod/Loadouts/ReinforcementsLoadout.json,Mag_PP19_64Rnd,InventoryCargo[1],none
/mnt/c/Program Files (x86)/Steam/steamapps/common/DayZServerDITrader/config/ExpansionMod/Loadouts/ReinforcementsLoadout.json,WEAPON,Sets[7],none
/mnt/c/Program Files (x86)/Steam/steamapps/common/DayZServerDITrader/config/ExpansionMod/Loadouts/ReinforcementsLoadout.json,FAL,Items[0],Shoulder
/mnt/c/Program Files (x86)/Steam/steamapps/common/DayZServerDITrader/config/ExpansionMod/Loadouts/ReinforcementsLoadout.json,Mag_FAL_20Rnd,Items[0],
/mnt/c/Program Files (x86)/Steam/steamapps/common/DayZServerDITrader/config/ExpansionMod/Loadouts/ReinforcementsLoadout.json,Fal_FoldingBttstck,Items[1],
/mnt/c/Program Files (x86)/Steam/steamapps/common/DayZServerDITrader/config/ExpansionMod/Loadouts/ReinforcementsLoadout.json,Fal_OeBttstck,Items[2],
/mnt/c/Program Files (x86)/Steam/steamapps/common/DayZServerDITrader/config/ExpansionMod/Loadouts/ReinforcementsLoadout.json,ACOGOptic,Items[3],
/mnt/c/Program Files (x86)/Steam/steamapps/common/DayZServerDITrader/config/ExpansionMod/Loadouts/ReinforcementsLoadout.json,ReflexOptic,Items[4],
/mnt/c/Program Files (x86)/Steam/steamapps/common/DayZServerDITrader/config/ExpansionMod/Loadouts/ReinforcementsLoadout.json,Battery9V,Items[0],
/mnt/c/Program Files (x86)/Steam/steamapps/common/DayZServerDITrader/config/ExpansionMod/Loadouts/ReinforcementsLoadout.json,Mag_FAL_20Rnd,InventoryCargo[0],none
/mnt/c/Program Files (x86)/Steam/steamapps/common/DayZServerDITrader/config/ExpansionMod/Loadouts/ReinforcementsLoadout.json,Mag_FAL_20Rnd,InventoryCargo[1],none
/mnt/c/Program Files (x86)/Steam/steamapps/common/DayZServerDITrader/config/ExpansionMod/Loadouts/SniperLoadout.json,,,none
/mnt/c/Program Files (x86)/Steam/steamapps/common/DayZServerDITrader/config/ExpansionMod/Loadouts/SniperLoadout.json,GorkaEJacket_Autumn,Items[0],Body
/mnt/c/Program Files (x86)/Steam/steamapps/common/DayZServerDITrader/config/ExpansionMod/Loadouts/SniperLoadout.json,Ammo_762x54,InventoryCargo[0],Body
/mnt/c/Program Files (x86)/Steam/steamapps/common/DayZServerDITrader/config/ExpansionMod/Loadouts/SniperLoadout.json,Ammo_762x39,InventoryCargo[1],Body
/mnt/c/Program Files (x86)/Steam/steamapps/common/DayZServerDITrader/config/ExpansionMod/Loadouts/SniperLoadout.json,Ammo_556x45,InventoryCargo[2],Body
/mnt/c/Program Files (x86)/Steam/steamapps/common/DayZServerDITrader/config/ExpansionMod/Loadouts/SniperLoadout.json,Ammo_9x19,InventoryCargo[3],Body
/mnt/c/Program Files (x86)/Steam/steamapps/common/DayZServerDITrader/config/ExpansionMod/Loadouts/SniperLoadout.json,Ammo_45ACP,InventoryCargo[4],Body
/mnt/c/Program Files (x86)/Steam/steamapps/common/DayZServerDITrader/config/ExpansionMod/Loadouts/SniperLoadout.json,Ammo_308Win,InventoryCargo[5],Body
/mnt/c/Program Files (x86)/Steam/steamapps/common/DayZServerDITrader/config/ExpansionMod/Loadouts/SniperLoadout.json,Ammo_12gaPellets,InventoryCargo[6],Body
/mnt/c/Program Files (x86)/Steam/steamapps/common/DayZServerDITrader/config/ExpansionMod/Loadouts/SniperLoadout.json,Ammo_12gaSlug,InventoryCargo[7],Body
/mnt/c/Program Files (x86)/Steam/steamapps/common/DayZServerDITrader/config/ExpansionMod/Loadouts/SniperLoadout.json,Ammo_Expansion_338,InventoryCargo[8],Body
/mnt/c/Program Files (x86)/Steam/steamapps/common/DayZServerDITrader/config/ExpansionMod/Loadouts/SniperLoadout.json,whetstone,InventoryCargo[9],Body
/mnt/c/Program Files (x86)/Steam/steamapps/common/DayZServerDITrader/config/ExpansionMod/Loadouts/SniperLoadout.json,GorkaEJacket_Flat,Items[1],Body
/mnt/c/Program Files (x86)/Steam/steamapps/common/DayZServerDITrader/config/ExpansionMod/Loadouts/SniperLoadout.json,Ammo_762x54,InventoryCargo[0],Body
/mnt/c/Program Files (x86)/Steam/steamapps/common/DayZServerDITrader/config/ExpansionMod/Loadouts/SniperLoadout.json,Ammo_762x39,InventoryCargo[1],Body
/mnt/c/Program Files (x86)/Steam/steamapps/common/DayZServerDITrader/config/ExpansionMod/Loadouts/SniperLoadout.json,Ammo_556x45,InventoryCargo[2],Body
/mnt/c/Program Files (x86)/Steam/steamapps/common/DayZServerDITrader/config/ExpansionMod/Loadouts/SniperLoadout.json,Ammo_9x19,InventoryCargo[3],Body
/mnt/c/Program Files (x86)/Steam/steamapps/common/DayZServerDITrader/config/ExpansionMod/Loadouts/SniperLoadout.json,Ammo_45ACP,InventoryCargo[4],Body
/mnt/c/Program Files (x86)/Steam/steamapps/common/DayZServerDITrader/config/ExpansionMod/Loadouts/SniperLoadout.json,Ammo_308Win,InventoryCargo[5],Body
/mnt/c/Program Files (x86)/Steam/steamapps/common/DayZServerDITrader/config/ExpansionMod/Loadouts/SniperLoadout.json,Ammo_12gaPellets,InventoryCargo[6],Body
/mnt/c/Program Files (x86)/Steam/steamapps/common/DayZServerDITrader/config/ExpansionMod/Loadouts/SniperLoadout.json,Ammo_12gaSlug,InventoryCargo[7],Body
/mnt/c/Program Files (x86)/Steam/steamapps/common/DayZServerDITrader/config/ExpansionMod/Loadouts/SniperLoadout.json,Ammo_Expansion_338,InventoryCargo[8],Body
/mnt/c/Program Files (x86)/Steam/steamapps/common/DayZServerDITrader/config/ExpansionMod/Loadouts/SniperLoadout.json,whetstone,InventoryCargo[9],Body
/mnt/c/Program Files (x86)/Steam/steamapps/common/DayZServerDITrader/config/ExpansionMod/Loadouts/SniperLoadout.json,GorkaEJacket_PautRev,Items[2],Body
/mnt/c/Program Files (x86)/Steam/steamapps/common/DayZServerDITrader/config/ExpansionMod/Loadouts/SniperLoadout.json,Ammo_762x54,InventoryCargo[0],Body
/mnt/c/Program Files (x86)/Steam/steamapps/common/DayZServerDITrader/config/ExpansionMod/Loadouts/SniperLoadout.json,Ammo_762x39,InventoryCargo[1],Body
/mnt/c/Program Files (x86)/Steam/steamapps/common/DayZServerDITrader/config/ExpansionMod/Loadouts/SniperLoadout.json,Ammo_556x45,InventoryCargo[2],Body
/mnt/c/Program Files (x86)/Steam/steamapps/common/DayZServerDITrader/config/ExpansionMod/Loadouts/SniperLoadout.json,Ammo_9x19,InventoryCargo[3],Body
/mnt/c/Program Files (x86)/Steam/steamapps/common/DayZServerDITrader/config/ExpansionMod/Loadouts/SniperLoadout.json,Ammo_45ACP,InventoryCargo[4],Body
/mnt/c/Program Files (x86)/Steam/steamapps/common/DayZServerDITrader/config/ExpansionMod/Loadouts/SniperLoadout.json,Ammo_308Win,InventoryCargo[5],Body
/mnt/c/Program Files (x86)/Steam/steamapps/common/DayZServerDITrader/config/ExpansionMod/Loadouts/SniperLoadout.json,Ammo_12gaPellets,InventoryCargo[6],Body
/mnt/c/Program Files (x86)/Steam/steamapps/common/DayZServerDITrader/config/ExpansionMod/Loadouts/SniperLoadout.json,Ammo_12gaSlug,InventoryCargo[7],Body
/mnt/c/Program Files (x86)/Steam/steamapps/common/DayZServerDITrader/config/ExpansionMod/Loadouts/SniperLoadout.json,Ammo_Expansion_338,InventoryCargo[8],Body
/mnt/c/Program Files (x86)/Steam/steamapps/common/DayZServerDITrader/config/ExpansionMod/Loadouts/SniperLoadout.json,whetstone,InventoryCargo[9],Body
/mnt/c/Program Files (x86)/Steam/steamapps/common/DayZServerDITrader/config/ExpansionMod/Loadouts/SniperLoadout.json,GorkaEJacket_Summer,Items[3],Body
/mnt/c/Program Files (x86)/Steam/steamapps/common/DayZServerDITrader/config/ExpansionMod/Loadouts/SniperLoadout.json,Ammo_762x54,InventoryCargo[0],Body
/mnt/c/Program Files (x86)/Steam/steamapps/common/DayZServerDITrader/config/ExpansionMod/Loadouts/SniperLoadout.json,Ammo_762x39,InventoryCargo[1],Body
/mnt/c/Program Files (x86)/Steam/steamapps/common/DayZServerDITrader/config/ExpansionMod/Loadouts/SniperLoadout.json,Ammo_556x45,InventoryCargo[2],Body
/mnt/c/Program Files (x86)/Steam/steamapps/common/DayZServerDITrader/config/ExpansionMod/Loadouts/SniperLoadout.json,Ammo_9x19,InventoryCargo[3],Body
/mnt/c/Program Files (x86)/Steam/steamapps/common/DayZServerDITrader/config/ExpansionMod/Loadouts/SniperLoadout.json,Ammo_45ACP,InventoryCargo[4],Body
/mnt/c/Program Files (x86)/Steam/steamapps/common/DayZServerDITrader/config/ExpansionMod/Loadouts/SniperLoadout.json,Ammo_308Win,InventoryCargo[5],Body
/mnt/c/Program Files (x86)/Steam/steamapps/common/DayZServerDITrader/config/ExpansionMod/Loadouts/SniperLoadout.json,Ammo_12gaPellets,InventoryCargo[6],Body
/mnt/c/Program Files (x86)/Steam/steamapps/common/DayZServerDITrader/config/ExpansionMod/Loadouts/SniperLoadout.json,Ammo_12gaSlug,InventoryCargo[7],Body
/mnt/c/Program Files (x86)/Steam/steamapps/common/DayZServerDITrader/config/ExpansionMod/Loadouts/SniperLoadout.json,Ammo_Expansion_338,InventoryCargo[8],Body
/mnt/c/Program Files (x86)/Steam/steamapps/common/DayZServerDITrader/config/ExpansionMod/Loadouts/SniperLoadout.json,whetstone,InventoryCargo[9],Body
/mnt/c/Program Files (x86)/Steam/steamapps/common/DayZServerDITrader/config/ExpansionMod/Loadouts/SniperLoadout.json,GorkaPants_Autumn,Items[0],Legs
/mnt/c/Program Files (x86)/Steam/steamapps/common/DayZServerDITrader/config/ExpansionMod/Loadouts/SniperLoadout.json,GorkaPants_Flat,Items[1],Legs
/mnt/c/Program Files (x86)/Steam/steamapps/common/DayZServerDITrader/config/ExpansionMod/Loadouts/SniperLoadout.json,GorkaPants_PautRev,Items[2],Legs
/mnt/c/Program Files (x86)/Steam/steamapps/common/DayZServerDITrader/config/ExpansionMod/Loadouts/SniperLoadout.json,GorkaPants_Summer,Items[3],Legs
/mnt/c/Program Files (x86)/Steam/steamapps/common/DayZServerDITrader/config/ExpansionMod/Loadouts/SniperLoadout.json,CombatBoots_Beige,Items[0],Feet
/mnt/c/Program Files (x86)/Steam/steamapps/common/DayZServerDITrader/config/ExpansionMod/Loadouts/SniperLoadout.json,CombatBoots_Black,Items[1],Feet
/mnt/c/Program Files (x86)/Steam/steamapps/common/DayZServerDITrader/config/ExpansionMod/Loadouts/SniperLoadout.json,CombatBoots_Brown,Items[2],Feet
/mnt/c/Program Files (x86)/Steam/steamapps/common/DayZServerDITrader/config/ExpansionMod/Loadouts/SniperLoadout.json,CombatBoots_Green,Items[3],Feet
/mnt/c/Program Files (x86)/Steam/steamapps/common/DayZServerDITrader/config/ExpansionMod/Loadouts/SniperLoadout.json,CombatBoots_Grey,Items[4],Feet
/mnt/c/Program Files (x86)/Steam/steamapps/common/DayZServerDITrader/config/ExpansionMod/Loadouts/SniperLoadout.json,TortillaBag,Items[0],Back
/mnt/c/Program Files (x86)/Steam/steamapps/common/DayZServerDITrader/config/ExpansionMod/Loadouts/SniperLoadout.json,MakarovIJ70,InventoryCargo[0],Back
/mnt/c/Program Files (x86)/Steam/steamapps/common/DayZServerDITrader/config/ExpansionMod/Loadouts/SniperLoadout.json,Mag_IJ70_8Rnd,InventoryCargo[1],Back
/mnt/c/Program Files (x86)/Steam/steamapps/common/DayZServerDITrader/config/ExpansionMod/Loadouts/SniperLoadout.json,Mag_IJ70_8Rnd,InventoryCargo[2],Back
/mnt/c/Program Files (x86)/Steam/steamapps/common/DayZServerDITrader/config/ExpansionMod/Loadouts/SniperLoadout.json,BandageDressing,InventoryCargo[3],Back
/mnt/c/Program Files (x86)/Steam/steamapps/common/DayZServerDITrader/config/ExpansionMod/Loadouts/SniperLoadout.json,BandageDressing,InventoryCargo[4],Back
/mnt/c/Program Files (x86)/Steam/steamapps/common/DayZServerDITrader/config/ExpansionMod/Loadouts/SniperLoadout.json,Chemlight_Green,InventoryCargo[5],Back
/mnt/c/Program Files (x86)/Steam/steamapps/common/DayZServerDITrader/config/ExpansionMod/Loadouts/SniperLoadout.json,Chemlight_Green,InventoryCargo[6],Back
/mnt/c/Program Files (x86)/Steam/steamapps/common/DayZServerDITrader/config/ExpansionMod/Loadouts/SniperLoadout.json,RDG2SmokeGrenade_Black,InventoryCargo[7],Back
/mnt/c/Program Files (x86)/Steam/steamapps/common/DayZServerDITrader/config/ExpansionMod/Loadouts/SniperLoadout.json,RDG2SmokeGrenade_White,InventoryCargo[8],Back
/mnt/c/Program Files (x86)/Steam/steamapps/common/DayZServerDITrader/config/ExpansionMod/Loadouts/SniperLoadout.json,Ammo_762x39,InventoryCargo[9],Back
/mnt/c/Program Files (x86)/Steam/steamapps/common/DayZServerDITrader/config/ExpansionMod/Loadouts/SniperLoadout.json,Ammo_545x39,InventoryCargo[10],Back
/mnt/c/Program Files (x86)/Steam/steamapps/common/DayZServerDITrader/config/ExpansionMod/Loadouts/SniperLoadout.json,AmmoBox_545x39_20Rnd,InventoryCargo[11],Back
/mnt/c/Program Files (x86)/Steam/steamapps/common/DayZServerDITrader/config/ExpansionMod/Loadouts/SniperLoadout.json,Ammo_308Win,InventoryCargo[12],Back
/mnt/c/Program Files (x86)/Steam/steamapps/common/DayZServerDITrader/config/ExpansionMod/Loadouts/SniperLoadout.json,AmmoBox_308Win_20Rnd,InventoryCargo[13],Back
/mnt/c/Program Files (x86)/Steam/steamapps/common/DayZServerDITrader/config/ExpansionMod/Loadouts/SniperLoadout.json,Ammo_12gaSlug,InventoryCargo[14],Back
/mnt/c/Program Files (x86)/Steam/steamapps/common/DayZServerDITrader/config/ExpansionMod/Loadouts/SniperLoadout.json,Ammo_12gaPellets,InventoryCargo[15],Back
/mnt/c/Program Files (x86)/Steam/steamapps/common/DayZServerDITrader/config/ExpansionMod/Loadouts/SniperLoadout.json,Ammo_Expansion_338,InventoryCargo[16],Back
/mnt/c/Program Files (x86)/Steam/steamapps/common/DayZServerDITrader/config/ExpansionMod/Loadouts/SniperLoadout.json,SmershBag,Items[1],Back
/mnt/c/Program Files (x86)/Steam/steamapps/common/DayZServerDITrader/config/ExpansionMod/Loadouts/SniperLoadout.json,MakarovIJ70,InventoryCargo[0],Back
/mnt/c/Program Files (x86)/Steam/steamapps/common/DayZServerDITrader/config/ExpansionMod/Loadouts/SniperLoadout.json,Mag_IJ70_8Rnd,InventoryCargo[1],Back
/mnt/c/Program Files (x86)/Steam/steamapps/common/DayZServerDITrader/config/ExpansionMod/Loadouts/SniperLoadout.json,Mag_IJ70_8Rnd,InventoryCargo[2],Back
/mnt/c/Program Files (x86)/Steam/steamapps/common/DayZServerDITrader/config/ExpansionMod/Loadouts/SniperLoadout.json,BandageDressing,InventoryCargo[3],Back
/mnt/c/Program Files (x86)/Steam/steamapps/common/DayZServerDITrader/config/ExpansionMod/Loadouts/SniperLoadout.json,BandageDressing,InventoryCargo[4],Back
/mnt/c/Program Files (x86)/Steam/steamapps/common/DayZServerDITrader/config/ExpansionMod/Loadouts/SniperLoadout.json,Chemlight_Green,InventoryCargo[5],Back
/mnt/c/Program Files (x86)/Steam/steamapps/common/DayZServerDITrader/config/ExpansionMod/Loadouts/SniperLoadout.json,Chemlight_Green,InventoryCargo[6],Back
/mnt/c/Program Files (x86)/Steam/steamapps/common/DayZServerDITrader/config/ExpansionMod/Loadouts/SniperLoadout.json,RDG2SmokeGrenade_Black,InventoryCargo[7],Back
/mnt/c/Program Files (x86)/Steam/steamapps/common/DayZServerDITrader/config/ExpansionMod/Loadouts/SniperLoadout.json,RDG2SmokeGrenade_White,InventoryCargo[8],Back
/mnt/c/Program Files (x86)/Steam/steamapps/common/DayZServerDITrader/config/ExpansionMod/Loadouts/SniperLoadout.json,Ammo_762x39,InventoryCargo[9],Back
/mnt/c/Program Files (x86)/Steam/steamapps/common/DayZServerDITrader/config/ExpansionMod/Loadouts/SniperLoadout.json,Ammo_545x39,InventoryCargo[10],Back
/mnt/c/Program Files (x86)/Steam/steamapps/common/DayZServerDITrader/config/ExpansionMod/Loadouts/SniperLoadout.json,AmmoBox_545x39_20Rnd,InventoryCargo[11],Back
/mnt/c/Program Files (x86)/Steam/steamapps/common/DayZServerDITrader/config/ExpansionMod/Loadouts/SniperLoadout.json,Ammo_308Win,InventoryCargo[12],Back
/mnt/c/Program Files (x86)/Steam/steamapps/common/DayZServerDITrader/config/ExpansionMod/Loadouts/SniperLoadout.json,AmmoBox_308Win_20Rnd,InventoryCargo[13],Back
/mnt/c/Program Files (x86)/Steam/steamapps/common/DayZServerDITrader/config/ExpansionMod/Loadouts/SniperLoadout.json,Ammo_12gaSlug,InventoryCargo[14],Back
/mnt/c/Program Files (x86)/Steam/steamapps/common/DayZServerDITrader/config/ExpansionMod/Loadouts/SniperLoadout.json,Ammo_12gaPellets,InventoryCargo[15],Back
/mnt/c/Program Files (x86)/Steam/steamapps/common/DayZServerDITrader/config/ExpansionMod/Loadouts/SniperLoadout.json,Ammo_Expansion_338,InventoryCargo[16],Back
/mnt/c/Program Files (x86)/Steam/steamapps/common/DayZServerDITrader/config/ExpansionMod/Loadouts/SniperLoadout.json,,Items[2],Back
/mnt/c/Program Files (x86)/Steam/steamapps/common/DayZServerDITrader/config/ExpansionMod/Loadouts/SniperLoadout.json,SmershVest,Items[0],Vest
/mnt/c/Program Files (x86)/Steam/steamapps/common/DayZServerDITrader/config/ExpansionMod/Loadouts/SniperLoadout.json,SmershBag,Items[0],
/mnt/c/Program Files (x86)/Steam/steamapps/common/DayZServerDITrader/config/ExpansionMod/Loadouts/SniperLoadout.json,UKAssVest_Olive,Items[1],Vest
/mnt/c/Program Files (x86)/Steam/steamapps/common/DayZServerDITrader/config/ExpansionMod/Loadouts/SniperLoadout.json,HighCapacityVest_Olive,Items[2],Vest
/mnt/c/Program Files (x86)/Steam/steamapps/common/DayZServerDITrader/config/ExpansionMod/Loadouts/SniperLoadout.json,Ssh68Helmet,Items[0],Headgear
/mnt/c/Program Files (x86)/Steam/steamapps/common/DayZServerDITrader/config/ExpansionMod/Loadouts/SniperLoadout.json,,Items[1],Headgear
/mnt/c/Program Files (x86)/Steam/steamapps/common/DayZServerDITrader/config/ExpansionMod/Loadouts/SniperLoadout.json,TankerHelmet,Items[2],Headgear
/mnt/c/Program Files (x86)/Steam/steamapps/common/DayZServerDITrader/config/ExpansionMod/Loadouts/SniperLoadout.json,PilotkaCap,Items[3],Headgear
/mnt/c/Program Files (x86)/Steam/steamapps/common/DayZServerDITrader/config/ExpansionMod/Loadouts/SniperLoadout.json,OfficierHat,Items[4],Headgear
/mnt/c/Program Files (x86)/Steam/steamapps/common/DayZServerDITrader/config/ExpansionMod/Loadouts/SniperLoadout.json,GorkaHelmet,Items[5],Headgear
/mnt/c/Program Files (x86)/Steam/steamapps/common/DayZServerDITrader/config/ExpansionMod/Loadouts/SniperLoadout.json,GorkaHelmetVisor,Items[0],Headgear
/mnt/c/Program Files (x86)/Steam/steamapps/common/DayZServerDITrader/config/ExpansionMod/Loadouts/SniperLoadout.json,OMNOGloves_Brown,Items[0],Gloves
/mnt/c/Program Files (x86)/Steam/steamapps/common/DayZServerDITrader/config/ExpansionMod/Loadouts/SniperLoadout.json,OMNOGloves_Gray,Items[1],Gloves
/mnt/c/Program Files (x86)/Steam/steamapps/common/DayZServerDITrader/config/ExpansionMod/Loadouts/SniperLoadout.json,,Items[2],Gloves
/mnt/c/Program Files (x86)/Steam/steamapps/common/DayZServerDITrader/config/ExpansionMod/Loadouts/SniperLoadout.json,MilitaryBelt,Items[0],Hips
/mnt/c/Program Files (x86)/Steam/steamapps/common/DayZServerDITrader/config/ExpansionMod/Loadouts/SniperLoadout.json,Apple,InventoryCargo[0],none
/mnt/c/Program Files (x86)/Steam/steamapps/common/DayZServerDITrader/config/ExpansionMod/Loadouts/SniperLoadout.json,BandageDressing,InventoryCargo[1],none
/mnt/c/Program Files (x86)/Steam/steamapps/common/DayZServerDITrader/config/ExpansionMod/Loadouts/SniperLoadout.json,WEAPON,Sets[0],none
/mnt/c/Program Files (x86)/Steam/steamapps/common/DayZServerDITrader/config/ExpansionMod/Loadouts/SniperLoadout.json,SVD,Items[0],Shoulder
/mnt/c/Program Files (x86)/Steam/steamapps/common/DayZServerDITrader/config/ExpansionMod/Loadouts/SniperLoadout.json,Mag_SVD_10Rnd,Items[0],
/mnt/c/Program Files (x86)/Steam/steamapps/common/DayZServerDITrader/config/ExpansionMod/Loadouts/SniperLoadout.json,PSO1Optic,Items[1],
/mnt/c/Program Files (x86)/Steam/steamapps/common/DayZServerDITrader/config/ExpansionMod/Loadouts/SniperLoadout.json,Battery9V,Items[0],
/mnt/c/Program Files (x86)/Steam/steamapps/common/DayZServerDITrader/config/ExpansionMod/Loadouts/SniperLoadout.json,Mag_SVD_10Rnd,InventoryCargo[0],none
/mnt/c/Program Files (x86)/Steam/steamapps/common/DayZServerDITrader/config/ExpansionMod/Loadouts/SniperLoadout.json,Mag_SVD_10Rnd,InventoryCargo[1],none
/mnt/c/Program Files (x86)/Steam/steamapps/common/DayZServerDITrader/config/ExpansionMod/Loadouts/SurvivorLoadout.json,,,none
/mnt/c/Program Files (x86)/Steam/steamapps/common/DayZServerDITrader/config/ExpansionMod/Loadouts/SurvivorLoadout.json,GorkaEJacket_Autumn,Items[0],Body
/mnt/c/Program Files (x86)/Steam/steamapps/common/DayZServerDITrader/config/ExpansionMod/Loadouts/SurvivorLoadout.json,GorkaEJacket_Flat,Items[1],Body
/mnt/c/Program Files (x86)/Steam/steamapps/common/DayZServerDITrader/config/ExpansionMod/Loadouts/SurvivorLoadout.json,GorkaEJacket_PautRev,Items[2],Body
/mnt/c/Program Files (x86)/Steam/steamapps/common/DayZServerDITrader/config/ExpansionMod/Loadouts/SurvivorLoadout.json,GorkaEJacket_Summer,Items[3],Body
/mnt/c/Program Files (x86)/Steam/steamapps/common/DayZServerDITrader/config/ExpansionMod/Loadouts/SurvivorLoadout.json,TTsKOJacket_Camo,Items[4],Body
/mnt/c/Program Files (x86)/Steam/steamapps/common/DayZServerDITrader/config/ExpansionMod/Loadouts/SurvivorLoadout.json,Hoodie_Black,Items[5],Body
/mnt/c/Program Files (x86)/Steam/steamapps/common/DayZServerDITrader/config/ExpansionMod/Loadouts/SurvivorLoadout.json,Hoodie_Blue,Items[6],Body
/mnt/c/Program Files (x86)/Steam/steamapps/common/DayZServerDITrader/config/ExpansionMod/Loadouts/SurvivorLoadout.json,Hoodie_Brown,Items[7],Body
/mnt/c/Program Files (x86)/Steam/steamapps/common/DayZServerDITrader/config/ExpansionMod/Loadouts/SurvivorLoadout.json,Hoodie_Green,Items[8],Body
/mnt/c/Program Files (x86)/Steam/steamapps/common/DayZServerDITrader/config/ExpansionMod/Loadouts/SurvivorLoadout.json,Hoodie_Grey,Items[9],Body
/mnt/c/Program Files (x86)/Steam/steamapps/common/DayZServerDITrader/config/ExpansionMod/Loadouts/SurvivorLoadout.json,Hoodie_Red,Items[10],Body
/mnt/c/Program Files (x86)/Steam/steamapps/common/DayZServerDITrader/config/ExpansionMod/Loadouts/SurvivorLoadout.json,BomberJacket_Black,Items[11],Body
/mnt/c/Program Files (x86)/Steam/steamapps/common/DayZServerDITrader/config/ExpansionMod/Loadouts/SurvivorLoadout.json,BomberJacket_Blue,Items[12],Body
/mnt/c/Program Files (x86)/Steam/steamapps/common/DayZServerDITrader/config/ExpansionMod/Loadouts/SurvivorLoadout.json,BomberJacket_Brown,Items[13],Body
/mnt/c/Program Files (x86)/Steam/steamapps/common/DayZServerDITrader/config/ExpansionMod/Loadouts/SurvivorLoadout.json,BomberJacket_Grey,Items[14],Body
/mnt/c/Program Files (x86)/Steam/steamapps/common/DayZServerDITrader/config/ExpansionMod/Loadouts/SurvivorLoadout.json,BomberJacket_Maroon,Items[15],Body
/mnt/c/Program Files (x86)/Steam/steamapps/common/DayZServerDITrader/config/ExpansionMod/Loadouts/SurvivorLoadout.json,BomberJacket_Olive,Items[16],Body
/mnt/c/Program Files (x86)/Steam/steamapps/common/DayZServerDITrader/config/ExpansionMod/Loadouts/SurvivorLoadout.json,BomberJacket_SkyBlue,Items[17],Body
/mnt/c/Program Files (x86)/Steam/steamapps/common/DayZServerDITrader/config/ExpansionMod/Loadouts/SurvivorLoadout.json,DenimJacket,Items[18],Body
/mnt/c/Program Files (x86)/Steam/steamapps/common/DayZServerDITrader/config/ExpansionMod/Loadouts/SurvivorLoadout.json,HikingJacket_Black,Items[19],Body
/mnt/c/Program Files (x86)/Steam/steamapps/common/DayZServerDITrader/config/ExpansionMod/Loadouts/SurvivorLoadout.json,HikingJacket_Blue,Items[20],Body
/mnt/c/Program Files (x86)/Steam/steamapps/common/DayZServerDITrader/config/ExpansionMod/Loadouts/SurvivorLoadout.json,HikingJacket_Green,Items[21],Body
/mnt/c/Program Files (x86)/Steam/steamapps/common/DayZServerDITrader/config/ExpansionMod/Loadouts/SurvivorLoadout.json,HikingJacket_Red,Items[22],Body
/mnt/c/Program Files (x86)/Steam/steamapps/common/DayZServerDITrader/config/ExpansionMod/Loadouts/SurvivorLoadout.json,QuiltedJacket_Black,Items[23],Body
/mnt/c/Program Files (x86)/Steam/steamapps/common/DayZServerDITrader/config/ExpansionMod/Loadouts/SurvivorLoadout.json,QuiltedJacket_Blue,Items[24],Body
/mnt/c/Program Files (x86)/Steam/steamapps/common/DayZServerDITrader/config/ExpansionMod/Loadouts/SurvivorLoadout.json,QuiltedJacket_Green,Items[25],Body
/mnt/c/Program Files (x86)/Steam/steamapps/common/DayZServerDITrader/config/ExpansionMod/Loadouts/SurvivorLoadout.json,QuiltedJacket_Grey,Items[26],Body
/mnt/c/Program Files (x86)/Steam/steamapps/common/DayZServerDITrader/config/ExpansionMod/Loadouts/SurvivorLoadout.json,QuiltedJacket_Orange,Items[27],Body
/mnt/c/Program Files (x86)/Steam/steamapps/common/DayZServerDITrader/config/ExpansionMod/Loadouts/SurvivorLoadout.json,QuiltedJacket_Red,Items[28],Body
/mnt/c/Program Files (x86)/Steam/steamapps/common/DayZServerDITrader/config/ExpansionMod/Loadouts/SurvivorLoadout.json,QuiltedJacket_Violet,Items[29],Body
/mnt/c/Program Files (x86)/Steam/steamapps/common/DayZServerDITrader/config/ExpansionMod/Loadouts/SurvivorLoadout.json,QuiltedJacket_Yellow,Items[30],Body
/mnt/c/Program Files (x86)/Steam/steamapps/common/DayZServerDITrader/config/ExpansionMod/Loadouts/SurvivorLoadout.json,Shirt_BlueCheck,Items[31],Body
/mnt/c/Program Files (x86)/Steam/steamapps/common/DayZServerDITrader/config/ExpansionMod/Loadouts/SurvivorLoadout.json,Shirt_BlueCheckBright,Items[32],Body
/mnt/c/Program Files (x86)/Steam/steamapps/common/DayZServerDITrader/config/ExpansionMod/Loadouts/SurvivorLoadout.json,Shirt_GreenCheck,Items[33],Body
/mnt/c/Program Files (x86)/Steam/steamapps/common/DayZServerDITrader/config/ExpansionMod/Loadouts/SurvivorLoadout.json,Shirt_PlaneBlack,Items[34],Body
/mnt/c/Program Files (x86)/Steam/steamapps/common/DayZServerDITrader/config/ExpansionMod/Loadouts/SurvivorLoadout.json,Shirt_RedCheck,Items[35],Body
/mnt/c/Program Files (x86)/Steam/steamapps/common/DayZServerDITrader/config/ExpansionMod/Loadouts/SurvivorLoadout.json,Shirt_WhiteCheck,Items[36],Body
/mnt/c/Program Files (x86)/Steam/steamapps/common/DayZServerDITrader/config/ExpansionMod/Loadouts/SurvivorLoadout.json,GorkaPants_Autumn,Items[0],Legs
/mnt/c/Program Files (x86)/Steam/steamapps/common/DayZServerDITrader/config/ExpansionMod/Loadouts/SurvivorLoadout.json,GorkaPants_Flat,Items[1],Legs
/mnt/c/Program Files (x86)/Steam/steamapps/common/DayZServerDITrader/config/ExpansionMod/Loadouts/SurvivorLoadout.json,GorkaPants_PautRev,Items[2],Legs
/mnt/c/Program Files (x86)/Steam/steamapps/common/DayZServerDITrader/config/ExpansionMod/Loadouts/SurvivorLoadout.json,GorkaPants_Summer,Items[3],Legs
/mnt/c/Program Files (x86)/Steam/steamapps/common/DayZServerDITrader/config/ExpansionMod/Loadouts/SurvivorLoadout.json,TTSKOPants,Items[4],Legs
/mnt/c/Program Files (x86)/Steam/steamapps/common/DayZServerDITrader/config/ExpansionMod/Loadouts/SurvivorLoadout.json,Jeans_Black,Items[5],Legs
/mnt/c/Program Files (x86)/Steam/steamapps/common/DayZServerDITrader/config/ExpansionMod/Loadouts/SurvivorLoadout.json,Jeans_Blue,Items[6],Legs
/mnt/c/Program Files (x86)/Steam/steamapps/common/DayZServerDITrader/config/ExpansionMod/Loadouts/SurvivorLoadout.json,Jeans_BlueDark,Items[7],Legs
/mnt/c/Program Files (x86)/Steam/steamapps/common/DayZServerDITrader/config/ExpansionMod/Loadouts/SurvivorLoadout.json,Jeans_Brown,Items[8],Legs
/mnt/c/Program Files (x86)/Steam/steamapps/common/DayZServerDITrader/config/ExpansionMod/Loadouts/SurvivorLoadout.json,Jeans_Green,Items[9],Legs
/mnt/c/Program Files (x86)/Steam/steamapps/common/DayZServerDITrader/config/ExpansionMod/Loadouts/SurvivorLoadout.json,Jeans_Grey,Items[10],Legs
/mnt/c/Program Files (x86)/Steam/steamapps/common/DayZServerDITrader/config/ExpansionMod/Loadouts/SurvivorLoadout.json,TrackSuitPants_Black,Items[11],Legs
/mnt/c/Program Files (x86)/Steam/steamapps/common/DayZServerDITrader/config/ExpansionMod/Loadouts/SurvivorLoadout.json,TrackSuitPants_Blue,Items[12],Legs
/mnt/c/Program Files (x86)/Steam/steamapps/common/DayZServerDITrader/config/ExpansionMod/Loadouts/SurvivorLoadout.json,TrackSuitPants_Green,Items[13],Legs
/mnt/c/Program Files (x86)/Steam/steamapps/common/DayZServerDITrader/config/ExpansionMod/Loadouts/SurvivorLoadout.json,TrackSuitPants_LightBlue,Items[14],Legs
/mnt/c/Program Files (x86)/Steam/steamapps/common/DayZServerDITrader/config/ExpansionMod/Loadouts/SurvivorLoadout.json,TrackSuitPants_Red,Items[15],Legs
/mnt/c/Program Files (x86)/Steam/steamapps/common/DayZServerDITrader/config/ExpansionMod/Loadouts/SurvivorLoadout.json,CargoPants_Beige,Items[16],Legs
/mnt/c/Program Files (x86)/Steam/steamapps/common/DayZServerDITrader/config/ExpansionMod/Loadouts/SurvivorLoadout.json,CargoPants_Black,Items[17],Legs
/mnt/c/Program Files (x86)/Steam/steamapps/common/DayZServerDITrader/config/ExpansionMod/Loadouts/SurvivorLoadout.json,CargoPants_Blue,Items[18],Legs
/mnt/c/Program Files (x86)/Steam/steamapps/common/DayZServerDITrader/config/ExpansionMod/Loadouts/SurvivorLoadout.json,CargoPants_Green,Items[19],Legs
/mnt/c/Program Files (x86)/Steam/steamapps/common/DayZServerDITrader/config/ExpansionMod/Loadouts/SurvivorLoadout.json,CargoPants_Grey,Items[20],Legs
/mnt/c/Program Files (x86)/Steam/steamapps/common/DayZServerDITrader/config/ExpansionMod/Loadouts/SurvivorLoadout.json,CombatBoots_Beige,Items[0],Feet
/mnt/c/Program Files (x86)/Steam/steamapps/common/DayZServerDITrader/config/ExpansionMod/Loadouts/SurvivorLoadout.json,CombatBoots_Black,Items[1],Feet
/mnt/c/Program Files (x86)/Steam/steamapps/common/DayZServerDITrader/config/ExpansionMod/Loadouts/SurvivorLoadout.json,CombatBoots_Brown,Items[2],Feet
/mnt/c/Program Files (x86)/Steam/steamapps/common/DayZServerDITrader/config/ExpansionMod/Loadouts/SurvivorLoadout.json,CombatBoots_Green,Items[3],Feet
/mnt/c/Program Files (x86)/Steam/steamapps/common/DayZServerDITrader/config/ExpansionMod/Loadouts/SurvivorLoadout.json,CombatBoots_Grey,Items[4],Feet
/mnt/c/Program Files (x86)/Steam/steamapps/common/DayZServerDITrader/config/ExpansionMod/Loadouts/SurvivorLoadout.json,TTSKOBoots,Items[5],Feet
/mnt/c/Program Files (x86)/Steam/steamapps/common/DayZServerDITrader/config/ExpansionMod/Loadouts/SurvivorLoadout.json,WorkingBoots_Beige,Items[6],Feet
/mnt/c/Program Files (x86)/Steam/steamapps/common/DayZServerDITrader/config/ExpansionMod/Loadouts/SurvivorLoadout.json,WorkingBoots_Grey,Items[7],Feet
/mnt/c/Program Files (x86)/Steam/steamapps/common/DayZServerDITrader/config/ExpansionMod/Loadouts/SurvivorLoadout.json,WorkingBoots_Yellow,Items[8],Feet
/mnt/c/Program Files (x86)/Steam/steamapps/common/DayZServerDITrader/config/ExpansionMod/Loadouts/SurvivorLoadout.json,WorkingGloves_Beige,Items[0],Gloves
/mnt/c/Program Files (x86)/Steam/steamapps/common/DayZServerDITrader/config/ExpansionMod/Loadouts/SurvivorLoadout.json,WorkingGloves_Black,Items[1],Gloves
/mnt/c/Program Files (x86)/Steam/steamapps/common/DayZServerDITrader/config/ExpansionMod/Loadouts/SurvivorLoadout.json,WorkingGloves_Brown,Items[2],Gloves
/mnt/c/Program Files (x86)/Steam/steamapps/common/DayZServerDITrader/config/ExpansionMod/Loadouts/SurvivorLoadout.json,WorkingGloves_Yellow,Items[3],Gloves
/mnt/c/Program Files (x86)/Steam/steamapps/common/DayZServerDITrader/config/ExpansionMod/Loadouts/SurvivorLoadout.json,OMNOGloves_Brown,Items[4],Gloves
/mnt/c/Program Files (x86)/Steam/steamapps/common/DayZServerDITrader/config/ExpansionMod/Loadouts/SurvivorLoadout.json,OMNOGloves_Gray,Items[5],Gloves
/mnt/c/Program Files (x86)/Steam/steamapps/common/DayZServerDITrader/config/ExpansionMod/Loadouts/SurvivorLoadout.json,,Items[6],Gloves
/mnt/c/Program Files (x86)/Steam/steamapps/common/DayZServerDITrader/config/ExpansionMod/Loadouts/SurvivorLoadout.json,MilitaryBelt,Items[0],Hips
/mnt/c/Program Files (x86)/Steam/steamapps/common/DayZServerDITrader/config/ExpansionMod/Loadouts/SurvivorLoadout.json,CivilianBelt,Items[1],Hips
/mnt/c/Program Files (x86)/Steam/steamapps/common/DayZServerDITrader/config/ExpansionMod/Loadouts/SurvivorLoadout.json,BaseballBat,Items[0],Melee
/mnt/c/Program Files (x86)/Steam/steamapps/common/DayZServerDITrader/config/ExpansionMod/Loadouts/SurvivorLoadout.json,FirefighterAxe,Items[1],Melee
/mnt/c/Program Files (x86)/Steam/steamapps/common/DayZServerDITrader/config/ExpansionMod/Loadouts/SurvivorLoadout.json,Shovel,Items[2],Melee
/mnt/c/Program Files (x86)/Steam/steamapps/common/DayZServerDITrader/config/ExpansionMod/Loadouts/SurvivorLoadout.json,PipeWrench,Items[3],Melee
/mnt/c/Program Files (x86)/Steam/steamapps/common/DayZServerDITrader/config/ExpansionMod/Loadouts/SurvivorLoadout.json,Pipe,Items[4],Melee
/mnt/c/Program Files (x86)/Steam/steamapps/common/DayZServerDITrader/config/ExpansionMod/Loadouts/SurvivorLoadout.json,Pickaxe,Items[5],Melee
/mnt/c/Program Files (x86)/Steam/steamapps/common/DayZServerDITrader/config/ExpansionMod/Loadouts/SurvivorLoadout.json,Crowbar,Items[6],Melee
/mnt/c/Program Files (x86)/Steam/steamapps/common/DayZServerDITrader/config/ExpansionMod/Loadouts/SurvivorLoadout.json,,Items[7],Melee
/mnt/c/Program Files (x86)/Steam/steamapps/common/DayZServerDITrader/config/ExpansionMod/Loadouts/SurvivorLoadout.json,WEAPON,Sets[0],none
/mnt/c/Program Files (x86)/Steam/steamapps/common/DayZServerDITrader/config/ExpansionMod/Loadouts/SurvivorLoadout.json,AK101,Items[0],Shoulder
/mnt/c/Program Files (x86)/Steam/steamapps/common/DayZServerDITrader/config/ExpansionMod/Loadouts/SurvivorLoadout.json,Mag_AK101_30Rnd,Items[0],
/mnt/c/Program Files (x86)/Steam/steamapps/common/DayZServerDITrader/config/ExpansionMod/Loadouts/SurvivorLoadout.json,AK_PlasticBttstck,Items[1],
/mnt/c/Program Files (x86)/Steam/steamapps/common/DayZServerDITrader/config/ExpansionMod/Loadouts/SurvivorLoadout.json,AK_FoldingBttstck,Items[2],
/mnt/c/Program Files (x86)/Steam/steamapps/common/DayZServerDITrader/config/ExpansionMod/Loadouts/SurvivorLoadout.json,AK74_WoodBttstck,Items[3],
/mnt/c/Program Files (x86)/Steam/steamapps/common/DayZServerDITrader/config/ExpansionMod/Loadouts/SurvivorLoadout.json,AK_WoodBttstck,Items[4],
/mnt/c/Program Files (x86)/Steam/steamapps/common/DayZServerDITrader/config/ExpansionMod/Loadouts/SurvivorLoadout.json,AK_PlasticHndgrd,Items[5],
/mnt/c/Program Files (x86)/Steam/steamapps/common/DayZServerDITrader/config/ExpansionMod/Loadouts/SurvivorLoadout.json,AK_WoodHndgrd,Items[6],
/mnt/c/Program Files (x86)/Steam/steamapps/common/DayZServerDITrader/config/ExpansionMod/Loadouts/SurvivorLoadout.json,KashtanOptic,Items[7],
/mnt/c/Program Files (x86)/Steam/steamapps/common/DayZServerDITrader/config/ExpansionMod/Loadouts/SurvivorLoadout.json,KobraOptic,Items[8],
/mnt/c/Program Files (x86)/Steam/steamapps/common/DayZServerDITrader/config/ExpansionMod/Loadouts/SurvivorLoadout.json,Battery9V,Items[0],
/mnt/c/Program Files (x86)/Steam/steamapps/common/DayZServerDITrader/config/ExpansionMod/Loadouts/SurvivorLoadout.json,PSO1Optic,Items[9],
/mnt/c/Program Files (x86)/Steam/steamapps/common/DayZServerDITrader/config/ExpansionMod/Loadouts/SurvivorLoadout.json,Battery9V,Items[0],
/mnt/c/Program Files (x86)/Steam/steamapps/common/DayZServerDITrader/config/ExpansionMod/Loadouts/SurvivorLoadout.json,Mag_AK101_30Rnd,InventoryCargo[0],none
/mnt/c/Program Files (x86)/Steam/steamapps/common/DayZServerDITrader/config/ExpansionMod/Loadouts/SurvivorLoadout.json,Mag_AK101_30Rnd,InventoryCargo[1],none
/mnt/c/Program Files (x86)/Steam/steamapps/common/DayZServerDITrader/config/ExpansionMod/Loadouts/SurvivorLoadout.json,WEAPON,Sets[1],none
/mnt/c/Program Files (x86)/Steam/steamapps/common/DayZServerDITrader/config/ExpansionMod/Loadouts/SurvivorLoadout.json,AK74,Items[0],Shoulder
/mnt/c/Program Files (x86)/Steam/steamapps/common/DayZServerDITrader/config/ExpansionMod/Loadouts/SurvivorLoadout.json,Mag_AK74_30Rnd,Items[0],
/mnt/c/Program Files (x86)/Steam/steamapps/common/DayZServerDITrader/config/ExpansionMod/Loadouts/SurvivorLoadout.json,AK_PlasticBttstck,Items[1],
/mnt/c/Program Files (x86)/Steam/steamapps/common/DayZServerDITrader/config/ExpansionMod/Loadouts/SurvivorLoadout.json,AK_FoldingBttstck,Items[2],
/mnt/c/Program Files (x86)/Steam/steamapps/common/DayZServerDITrader/config/ExpansionMod/Loadouts/SurvivorLoadout.json,AK74_WoodBttstck,Items[3],
/mnt/c/Program Files (x86)/Steam/steamapps/common/DayZServerDITrader/config/ExpansionMod/Loadouts/SurvivorLoadout.json,AK_WoodBttstck,Items[4],
/mnt/c/Program Files (x86)/Steam/steamapps/common/DayZServerDITrader/config/ExpansionMod/Loadouts/SurvivorLoadout.json,AK74_Hndgrd,Items[5],
/mnt/c/Program Files (x86)/Steam/steamapps/common/DayZServerDITrader/config/ExpansionMod/Loadouts/SurvivorLoadout.json,AK_PlasticHndgrd,Items[6],
/mnt/c/Program Files (x86)/Steam/steamapps/common/DayZServerDITrader/config/ExpansionMod/Loadouts/SurvivorLoadout.json,AK_WoodHndgrd,Items[7],
/mnt/c/Program Files (x86)/Steam/steamapps/common/DayZServerDITrader/config/ExpansionMod/Loadouts/SurvivorLoadout.json,KashtanOptic,Items[8],
/mnt/c/Program Files (x86)/Steam/steamapps/common/DayZServerDITrader/config/ExpansionMod/Loadouts/SurvivorLoadout.json,KobraOptic,Items[9],
/mnt/c/Program Files (x86)/Steam/steamapps/common/DayZServerDITrader/config/ExpansionMod/Loadouts/SurvivorLoadout.json,Battery9V,Items[0],
/mnt/c/Program Files (x86)/Steam/steamapps/common/DayZServerDITrader/config/ExpansionMod/Loadouts/SurvivorLoadout.json,PSO1Optic,Items[10],
/mnt/c/Program Files (x86)/Steam/steamapps/common/DayZServerDITrader/config/ExpansionMod/Loadouts/SurvivorLoadout.json,Battery9V,Items[0],
/mnt/c/Program Files (x86)/Steam/steamapps/common/DayZServerDITrader/config/ExpansionMod/Loadouts/SurvivorLoadout.json,Mag_AK74_30Rnd,InventoryCargo[0],none
/mnt/c/Program Files (x86)/Steam/steamapps/common/DayZServerDITrader/config/ExpansionMod/Loadouts/SurvivorLoadout.json,Mag_AK74_30Rnd,InventoryCargo[1],none
/mnt/c/Program Files (x86)/Steam/steamapps/common/DayZServerDITrader/config/ExpansionMod/Loadouts/SurvivorLoadout.json,WEAPON,Sets[2],none
/mnt/c/Program Files (x86)/Steam/steamapps/common/DayZServerDITrader/config/ExpansionMod/Loadouts/SurvivorLoadout.json,AKS74U,Items[0],Shoulder
/mnt/c/Program Files (x86)/Steam/steamapps/common/DayZServerDITrader/config/ExpansionMod/Loadouts/SurvivorLoadout.json,Mag_AK74_30Rnd,Items[0],
/mnt/c/Program Files (x86)/Steam/steamapps/common/DayZServerDITrader/config/ExpansionMod/Loadouts/SurvivorLoadout.json,AKS74U_Bttstck,Items[1],
/mnt/c/Program Files (x86)/Steam/steamapps/common/DayZServerDITrader/config/ExpansionMod/Loadouts/SurvivorLoadout.json,KobraOptic,Items[2],
/mnt/c/Program Files (x86)/Steam/steamapps/common/DayZServerDITrader/config/ExpansionMod/Loadouts/SurvivorLoadout.json,Battery9V,Items[0],
/mnt/c/Program Files (x86)/Steam/steamapps/common/DayZServerDITrader/config/ExpansionMod/Loadouts/SurvivorLoadout.json,Mag_AK74_30Rnd,InventoryCargo[0],none
/mnt/c/Program Files (x86)/Steam/steamapps/common/DayZServerDITrader/config/ExpansionMod/Loadouts/SurvivorLoadout.json,Mag_AK74_30Rnd,InventoryCargo[1],none
/mnt/c/Program Files (x86)/Steam/steamapps/common/DayZServerDITrader/config/ExpansionMod/Loadouts/SurvivorLoadout.json,WEAPON,Sets[3],none
/mnt/c/Program Files (x86)/Steam/steamapps/common/DayZServerDITrader/config/ExpansionMod/Loadouts/SurvivorLoadout.json,AKM,Items[0],Shoulder
/mnt/c/Program Files (x86)/Steam/steamapps/common/DayZServerDITrader/config/ExpansionMod/Loadouts/SurvivorLoadout.json,Mag_AKM_30Rnd,Items[0],
/mnt/c/Program Files (x86)/Steam/steamapps/common/DayZServerDITrader/config/ExpansionMod/Loadouts/SurvivorLoadout.json,Mag_AKM_Drum75Rnd,Items[1],
/mnt/c/Program Files (x86)/Steam/steamapps/common/DayZServerDITrader/config/ExpansionMod/Loadouts/SurvivorLoadout.json,AK_PlasticBttstck,Items[2],
/mnt/c/Program Files (x86)/Steam/steamapps/common/DayZServerDITrader/config/ExpansionMod/Loadouts/SurvivorLoadout.json,AK_FoldingBttstck,Items[3],
/mnt/c/Program Files (x86)/Steam/steamapps/common/DayZServerDITrader/config/ExpansionMod/Loadouts/SurvivorLoadout.json,AK74_WoodBttstck,Items[4],
/mnt/c/Program Files (x86)/Steam/steamapps/common/DayZServerDITrader/config/ExpansionMod/Loadouts/SurvivorLoadout.json,AK_WoodBttstck,Items[5],
/mnt/c/Program Files (x86)/Steam/steamapps/common/DayZServerDITrader/config/ExpansionMod/Loadouts/SurvivorLoadout.json,AK_PlasticHndgrd,Items[6],
/mnt/c/Program Files (x86)/Steam/steamapps/common/DayZServerDITrader/config/ExpansionMod/Loadouts/SurvivorLoadout.json,AK_WoodHndgrd,Items[7],
/mnt/c/Program Files (x86)/Steam/steamapps/common/DayZServerDITrader/config/ExpansionMod/Loadouts/SurvivorLoadout.json,KashtanOptic,Items[8],
/mnt/c/Program Files (x86)/Steam/steamapps/common/DayZServerDITrader/config/ExpansionMod/Loadouts/SurvivorLoadout.json,KobraOptic,Items[9],
/mnt/c/Program Files (x86)/Steam/steamapps/common/DayZServerDITrader/config/ExpansionMod/Loadouts/SurvivorLoadout.json,Battery9V,Items[0],
/mnt/c/Program Files (x86)/Steam/steamapps/common/DayZServerDITrader/config/ExpansionMod/Loadouts/SurvivorLoadout.json,PSO1Optic,Items[10],
/mnt/c/Program Files (x86)/Steam/steamapps/common/DayZServerDITrader/config/ExpansionMod/Loadouts/SurvivorLoadout.json,Battery9V,Items[0],
/mnt/c/Program Files (x86)/Steam/steamapps/common/DayZServerDITrader/config/ExpansionMod/Loadouts/SurvivorLoadout.json,Mag_AKM_30Rnd,InventoryCargo[0],none
/mnt/c/Program Files (x86)/Steam/steamapps/common/DayZServerDITrader/config/ExpansionMod/Loadouts/SurvivorLoadout.json,Mag_AKM_30Rnd,InventoryCargo[1],none
/mnt/c/Program Files (x86)/Steam/steamapps/common/DayZServerDITrader/config/ExpansionMod/Loadouts/SurvivorLoadout.json,WEAPON,Sets[4],none
/mnt/c/Program Files (x86)/Steam/steamapps/common/DayZServerDITrader/config/ExpansionMod/Loadouts/SurvivorLoadout.json,MP5K,Items[0],Shoulder
/mnt/c/Program Files (x86)/Steam/steamapps/common/DayZServerDITrader/config/ExpansionMod/Loadouts/SurvivorLoadout.json,Mag_MP5_30Rnd,Items[0],
/mnt/c/Program Files (x86)/Steam/steamapps/common/DayZServerDITrader/config/ExpansionMod/Loadouts/SurvivorLoadout.json,Mag_MP5_15Rnd,Items[1],
/mnt/c/Program Files (x86)/Steam/steamapps/common/DayZServerDITrader/config/ExpansionMod/Loadouts/SurvivorLoadout.json,MP5k_StockBttstck,Items[2],
/mnt/c/Program Files (x86)/Steam/steamapps/common/DayZServerDITrader/config/ExpansionMod/Loadouts/SurvivorLoadout.json,MP5_PlasticHndgrd,Items[3],
/mnt/c/Program Files (x86)/Steam/steamapps/common/DayZServerDITrader/config/ExpansionMod/Loadouts/SurvivorLoadout.json,MP5_RailHndgrd,Items[4],
/mnt/c/Program Files (x86)/Steam/steamapps/common/DayZServerDITrader/config/ExpansionMod/Loadouts/SurvivorLoadout.json,MP5_Compensator,Items[5],
/mnt/c/Program Files (x86)/Steam/steamapps/common/DayZServerDITrader/config/ExpansionMod/Loadouts/SurvivorLoadout.json,ReflexOptic,Items[6],
/mnt/c/Program Files (x86)/Steam/steamapps/common/DayZServerDITrader/config/ExpansionMod/Loadouts/SurvivorLoadout.json,Battery9V,Items[0],
/mnt/c/Program Files (x86)/Steam/steamapps/common/DayZServerDITrader/config/ExpansionMod/Loadouts/SurvivorLoadout.json,Mag_MP5_15Rnd,InventoryCargo[0],none
/mnt/c/Program Files (x86)/Steam/steamapps/common/DayZServerDITrader/config/ExpansionMod/Loadouts/SurvivorLoadout.json,Mag_MP5_15Rnd,InventoryCargo[1],none
/mnt/c/Program Files (x86)/Steam/steamapps/common/DayZServerDITrader/config/ExpansionMod/Loadouts/SurvivorLoadout.json,Mag_MP5_30Rnd,InventoryCargo[2],none
/mnt/c/Program Files (x86)/Steam/steamapps/common/DayZServerDITrader/config/ExpansionMod/Loadouts/SurvivorLoadout.json,WEAPON,Sets[5],none
/mnt/c/Program Files (x86)/Steam/steamapps/common/DayZServerDITrader/config/ExpansionMod/Loadouts/SurvivorLoadout.json,Mosin9130,Items[0],Shoulder
/mnt/c/Program Files (x86)/Steam/steamapps/common/DayZServerDITrader/config/ExpansionMod/Loadouts/SurvivorLoadout.json,PUScopeOptic,Items[0],
/mnt/c/Program Files (x86)/Steam/steamapps/common/DayZServerDITrader/config/ExpansionMod/Loadouts/SurvivorLoadout.json,Ammo_762x54,InventoryCargo[0],none
/mnt/c/Program Files (x86)/Steam/steamapps/common/DayZServerDITrader/config/ExpansionMod/Loadouts/SurvivorLoadout.json,Ammo_762x54,InventoryCargo[1],none
/mnt/c/Program Files (x86)/Steam/steamapps/common/DayZServerDITrader/config/ExpansionMod/Loadouts/SurvivorLoadout.json,Ammo_762x54,InventoryCargo[2],none
/mnt/c/Program Files (x86)/Steam/steamapps/common/DayZServerDITrader/config/ExpansionMod/Loadouts/SurvivorLoadout.json,Ammo_545x39,InventoryCargo[3],none
/mnt/c/Program Files (x86)/Steam/steamapps/common/DayZServerDITrader/config/ExpansionMod/Loadouts/SurvivorLoadout.json,AmmoBox_545x39_20Rnd,InventoryCargo[4],none
/mnt/c/Program Files (x86)/Steam/steamapps/common/DayZServerDITrader/config/ExpansionMod/Loadouts/SurvivorLoadout.json,Ammo_308Win,InventoryCargo[5],none
/mnt/c/Program Files (x86)/Steam/steamapps/common/DayZServerDITrader/config/ExpansionMod/Loadouts/SurvivorLoadout.json,AmmoBox_308Win_20Rnd,InventoryCargo[6],none
/mnt/c/Program Files (x86)/Steam/steamapps/common/DayZServerDITrader/config/ExpansionMod/Loadouts/SurvivorLoadout.json,Ammo_12gaSlug,InventoryCargo[7],none
/mnt/c/Program Files (x86)/Steam/steamapps/common/DayZServerDITrader/config/ExpansionMod/Loadouts/SurvivorLoadout.json,Ammo_12gaPellets,InventoryCargo[8],none
/mnt/c/Program Files (x86)/Steam/steamapps/common/DayZServerDITrader/config/ExpansionMod/Loadouts/SurvivorLoadout.json,Ammo_Expansion_338,InventoryCargo[9],none
/mnt/c/Program Files (x86)/Steam/steamapps/common/DayZServerDITrader/config/ExpansionMod/Loadouts/SurvivorLoadout.json,WEAPON,Sets[6],none
/mnt/c/Program Files (x86)/Steam/steamapps/common/DayZServerDITrader/config/ExpansionMod/Loadouts/SurvivorLoadout.json,SKS,Items[0],Shoulder
/mnt/c/Program Files (x86)/Steam/steamapps/common/DayZServerDITrader/config/ExpansionMod/Loadouts/SurvivorLoadout.json,PUScopeOptic,Items[0],
/mnt/c/Program Files (x86)/Steam/steamapps/common/DayZServerDITrader/config/ExpansionMod/Loadouts/SurvivorLoadout.json,Ammo_762x39,InventoryCargo[0],none
/mnt/c/Program Files (x86)/Steam/steamapps/common/DayZServerDITrader/config/ExpansionMod/Loadouts/SurvivorLoadout.json,Ammo_762x39,InventoryCargo[1],none
/mnt/c/Program Files (x86)/Steam/steamapps/common/DayZServerDITrader/config/ExpansionMod/Loadouts/SurvivorLoadout.json,Ammo_762x39,InventoryCargo[2],none
/mnt/c/Program Files (x86)/Steam/steamapps/common/DayZServerDITrader/config/ExpansionMod/Loadouts/SurvivorLoadout.json,Ammo_545x39,InventoryCargo[3],none
/mnt/c/Program Files (x86)/Steam/steamapps/common/DayZServerDITrader/config/ExpansionMod/Loadouts/SurvivorLoadout.json,AmmoBox_545x39_20Rnd,InventoryCargo[4],none
/mnt/c/Program Files (x86)/Steam/steamapps/common/DayZServerDITrader/config/ExpansionMod/Loadouts/SurvivorLoadout.json,Ammo_308Win,InventoryCargo[5],none
/mnt/c/Program Files (x86)/Steam/steamapps/common/DayZServerDITrader/config/ExpansionMod/Loadouts/SurvivorLoadout.json,AmmoBox_308Win_20Rnd,InventoryCargo[6],none
/mnt/c/Program Files (x86)/Steam/steamapps/common/DayZServerDITrader/config/ExpansionMod/Loadouts/SurvivorLoadout.json,Ammo_12gaSlug,InventoryCargo[7],none
/mnt/c/Program Files (x86)/Steam/steamapps/common/DayZServerDITrader/config/ExpansionMod/Loadouts/SurvivorLoadout.json,Ammo_12gaPellets,InventoryCargo[8],none
/mnt/c/Program Files (x86)/Steam/steamapps/common/DayZServerDITrader/config/ExpansionMod/Loadouts/SurvivorLoadout.json,Ammo_Expansion_338,InventoryCargo[9],none
/mnt/c/Program Files (x86)/Steam/steamapps/common/DayZServerDITrader/config/ExpansionMod/Loadouts/SurvivorLoadout.json,WEAPON,Sets[7],none
/mnt/c/Program Files (x86)/Steam/steamapps/common/DayZServerDITrader/config/ExpansionMod/Loadouts/SurvivorLoadout.json,Ruger1022,Items[0],Shoulder
/mnt/c/Program Files (x86)/Steam/steamapps/common/DayZServerDITrader/config/ExpansionMod/Loadouts/SurvivorLoadout.json,Mag_Ruger1022_30Rnd,Items[0],
/mnt/c/Program Files (x86)/Steam/steamapps/common/DayZServerDITrader/config/ExpansionMod/Loadouts/SurvivorLoadout.json,Mag_Ruger1022_15Rnd,Items[1],
/mnt/c/Program Files (x86)/Steam/steamapps/common/DayZServerDITrader/config/ExpansionMod/Loadouts/SurvivorLoadout.json,Mag_Ruger1022_15Rnd,InventoryCargo[0],none
/mnt/c/Program Files (x86)/Steam/steamapps/common/DayZServerDITrader/config/ExpansionMod/Loadouts/SurvivorLoadout.json,Mag_Ruger1022_15Rnd,InventoryCargo[1],none
/mnt/c/Program Files (x86)/Steam/steamapps/common/DayZServerDITrader/config/ExpansionMod/Loadouts/SurvivorLoadout.json,Mag_Ruger1022_30Rnd,InventoryCargo[2],none
/mnt/c/Program Files (x86)/Steam/steamapps/common/DayZServerDITrader/config/ExpansionMod/Loadouts/SurvivorLoadout.json,WEAPON,Sets[8],none
/mnt/c/Program Files (x86)/Steam/steamapps/common/DayZServerDITrader/config/ExpansionMod/Loadouts/SurvivorLoadout.json,CZ550,Items[0],Shoulder
/mnt/c/Program Files (x86)/Steam/steamapps/common/DayZServerDITrader/config/ExpansionMod/Loadouts/SurvivorLoadout.json,Mag_CZ550_4rnd,Items[0],
/mnt/c/Program Files (x86)/Steam/steamapps/common/DayZServerDITrader/config/ExpansionMod/Loadouts/SurvivorLoadout.json,Mag_CZ550_10rnd,Items[1],
/mnt/c/Program Files (x86)/Steam/steamapps/common/DayZServerDITrader/config/ExpansionMod/Loadouts/SurvivorLoadout.json,HuntingOptic,Items[2],
/mnt/c/Program Files (x86)/Steam/steamapps/common/DayZServerDITrader/config/ExpansionMod/Loadouts/SurvivorLoadout.json,Mag_CZ550_10rnd,InventoryCargo[0],none
/mnt/c/Program Files (x86)/Steam/steamapps/common/DayZServerDITrader/config/ExpansionMod/Loadouts/SurvivorLoadout.json,Mag_CZ550_10rnd,InventoryCargo[1],none
/mnt/c/Program Files (x86)/Steam/steamapps/common/DayZServerDITrader/config/ExpansionMod/Loadouts/SurvivorLoadout.json,WEAPON,Sets[9],none
/mnt/c/Program Files (x86)/Steam/steamapps/common/DayZServerDITrader/config/ExpansionMod/Loadouts/SurvivorLoadout.json,P1,Items[0],Hands
/mnt/c/Program Files (x86)/Steam/steamapps/common/DayZServerDITrader/config/ExpansionMod/Loadouts/SurvivorLoadout.json,Mag_P1_8Rnd,Items[0],
/mnt/c/Program Files (x86)/Steam/steamapps/common/DayZServerDITrader/config/ExpansionMod/Loadouts/SurvivorLoadout.json,Mag_P1_8Rnd,InventoryCargo[0],none
/mnt/c/Program Files (x86)/Steam/steamapps/common/DayZServerDITrader/config/ExpansionMod/Loadouts/SurvivorLoadout.json,Mag_P1_8Rnd,InventoryCargo[1],none
/mnt/c/Program Files (x86)/Steam/steamapps/common/DayZServerDITrader/config/ExpansionMod/Loadouts/SurvivorLoadout.json,WEAPON,Sets[10],none
/mnt/c/Program Files (x86)/Steam/steamapps/common/DayZServerDITrader/config/ExpansionMod/Loadouts/SurvivorLoadout.json,Mp133Shotgun,Items[0],Shoulder
/mnt/c/Program Files (x86)/Steam/steamapps/common/DayZServerDITrader/config/ExpansionMod/Loadouts/SurvivorLoadout.json,Ammo_12gaSlug,InventoryCargo[0],none
/mnt/c/Program Files (x86)/Steam/steamapps/common/DayZServerDITrader/config/ExpansionMod/Loadouts/SurvivorLoadout.json,Ammo_12gaPellets,InventoryCargo[1],none
/mnt/c/Program Files (x86)/Steam/steamapps/common/DayZServerDITrader/config/ExpansionMod/Loadouts/SurvivorLoadout.json,Ammo_12gaSlug,InventoryCargo[2],none
/mnt/c/Program Files (x86)/Steam/steamapps/common/DayZServerDITrader/config/ExpansionMod/Loadouts/SurvivorLoadout.json,Ammo_12gaPellets,InventoryCargo[3],none
/mnt/c/Program Files (x86)/Steam/steamapps/common/DayZServerDITrader/config/ExpansionMod/Loadouts/SurvivorLoadout.json,Ammo_545x39,InventoryCargo[4],none
/mnt/c/Program Files (x86)/Steam/steamapps/common/DayZServerDITrader/config/ExpansionMod/Loadouts/SurvivorLoadout.json,AmmoBox_545x39_20Rnd,InventoryCargo[5],none
/mnt/c/Program Files (x86)/Steam/steamapps/common/DayZServerDITrader/config/ExpansionMod/Loadouts/SurvivorLoadout.json,Ammo_308Win,InventoryCargo[6],none
/mnt/c/Program Files (x86)/Steam/steamapps/common/DayZServerDITrader/config/ExpansionMod/Loadouts/SurvivorLoadout.json,AmmoBox_308Win_20Rnd,InventoryCargo[7],none
/mnt/c/Program Files (x86)/Steam/steamapps/common/DayZServerDITrader/config/ExpansionMod/Loadouts/SurvivorLoadout.json,Ammo_12gaSlug,InventoryCargo[8],none
/mnt/c/Program Files (x86)/Steam/steamapps/common/DayZServerDITrader/config/ExpansionMod/Loadouts/SurvivorLoadout.json,Ammo_12gaPellets,InventoryCargo[9],none
/mnt/c/Program Files (x86)/Steam/steamapps/common/DayZServerDITrader/config/ExpansionMod/Loadouts/SurvivorLoadout.json,Ammo_Expansion_338,InventoryCargo[10],none
/mnt/c/Program Files (x86)/Steam/steamapps/common/DayZServerDITrader/config/ExpansionMod/Loadouts/SurvivorLoadout.json,WEAPON,Sets[11],none
/mnt/c/Program Files (x86)/Steam/steamapps/common/DayZServerDITrader/config/ExpansionMod/Loadouts/SurvivorLoadout.json,CZ527,Items[0],Shoulder
/mnt/c/Program Files (x86)/Steam/steamapps/common/DayZServerDITrader/config/ExpansionMod/Loadouts/SurvivorLoadout.json,Mag_CZ527_5rnd,Items[0],
/mnt/c/Program Files (x86)/Steam/steamapps/common/DayZServerDITrader/config/ExpansionMod/Loadouts/SurvivorLoadout.json,HuntingOptic,Items[1],
/mnt/c/Program Files (x86)/Steam/steamapps/common/DayZServerDITrader/config/ExpansionMod/Loadouts/SurvivorLoadout.json,Mag_CZ527_5rnd,InventoryCargo[0],none
/mnt/c/Program Files (x86)/Steam/steamapps/common/DayZServerDITrader/config/ExpansionMod/Loadouts/SurvivorLoadout.json,Mag_CZ527_5rnd,InventoryCargo[1],none
/mnt/c/Program Files (x86)/Steam/steamapps/common/DayZServerDITrader/config/ExpansionMod/Loadouts/SurvivorLoadout.json,WEAPON,Sets[12],none
/mnt/c/Program Files (x86)/Steam/steamapps/common/DayZServerDITrader/config/ExpansionMod/Loadouts/SurvivorLoadout.json,UMP45,Items[0],Shoulder
/mnt/c/Program Files (x86)/Steam/steamapps/common/DayZServerDITrader/config/ExpansionMod/Loadouts/SurvivorLoadout.json,Mag_UMP_25Rnd,Items[0],
/mnt/c/Program Files (x86)/Steam/steamapps/common/DayZServerDITrader/config/ExpansionMod/Loadouts/SurvivorLoadout.json,ReflexOptic,Items[1],
/mnt/c/Program Files (x86)/Steam/steamapps/common/DayZServerDITrader/config/ExpansionMod/Loadouts/SurvivorLoadout.json,Battery9V,Items[0],
/mnt/c/Program Files (x86)/Steam/steamapps/common/DayZServerDITrader/config/ExpansionMod/Loadouts/SurvivorLoadout.json,Mag_UMP_25Rnd,InventoryCargo[0],none
/mnt/c/Program Files (x86)/Steam/steamapps/common/DayZServerDITrader/config/ExpansionMod/Loadouts/SurvivorLoadout.json,Mag_UMP_25Rnd,InventoryCargo[1],none
/mnt/c/Program Files (x86)/Steam/steamapps/common/DayZServerDITrader/config/ExpansionMod/Loadouts/SurvivorLoadout.json,WEAPON,Sets[13],none
/mnt/c/Program Files (x86)/Steam/steamapps/common/DayZServerDITrader/config/ExpansionMod/Loadouts/SurvivorLoadout.json,CZ61,Items[0],Shoulder
/mnt/c/Program Files (x86)/Steam/steamapps/common/DayZServerDITrader/config/ExpansionMod/Loadouts/SurvivorLoadout.json,Mag_CZ61_20Rnd,Items[0],
/mnt/c/Program Files (x86)/Steam/steamapps/common/DayZServerDITrader/config/ExpansionMod/Loadouts/SurvivorLoadout.json,Mag_CZ61_20Rnd,InventoryCargo[0],none
/mnt/c/Program Files (x86)/Steam/steamapps/common/DayZServerDITrader/config/ExpansionMod/Loadouts/SurvivorLoadout.json,Mag_CZ61_20Rnd,InventoryCargo[1],none
/mnt/c/Program Files (x86)/Steam/steamapps/common/DayZServerDITrader/config/ExpansionMod/Loadouts/SurvivorLoadout.json,WEAPON,Sets[14],none
/mnt/c/Program Files (x86)/Steam/steamapps/common/DayZServerDITrader/config/ExpansionMod/Loadouts/SurvivorLoadout.json,FNX45,Items[0],Hands
/mnt/c/Program Files (x86)/Steam/steamapps/common/DayZServerDITrader/config/ExpansionMod/Loadouts/SurvivorLoadout.json,Mag_FNX45_15Rnd,Items[0],
/mnt/c/Program Files (x86)/Steam/steamapps/common/DayZServerDITrader/config/ExpansionMod/Loadouts/SurvivorLoadout.json,Mag_FNX45_15Rnd,InventoryCargo[0],none
/mnt/c/Program Files (x86)/Steam/steamapps/common/DayZServerDITrader/config/ExpansionMod/Loadouts/SurvivorLoadout.json,Mag_FNX45_15Rnd,InventoryCargo[1],none
/mnt/c/Program Files (x86)/Steam/steamapps/common/DayZServerDITrader/config/ExpansionMod/Loadouts/SurvivorLoadout.json,WEAPON,Sets[15],none
/mnt/c/Program Files (x86)/Steam/steamapps/common/DayZServerDITrader/config/ExpansionMod/Loadouts/SurvivorLoadout.json,MKII,Items[0],Hands
/mnt/c/Program Files (x86)/Steam/steamapps/common/DayZServerDITrader/config/ExpansionMod/Loadouts/SurvivorLoadout.json,Mag_MKII_10Rnd,Items[0],
/mnt/c/Program Files (x86)/Steam/steamapps/common/DayZServerDITrader/config/ExpansionMod/Loadouts/SurvivorLoadout.json,Mag_MKII_10Rnd,InventoryCargo[0],none
/mnt/c/Program Files (x86)/Steam/steamapps/common/DayZServerDITrader/config/ExpansionMod/Loadouts/SurvivorLoadout.json,Mag_MKII_10Rnd,InventoryCargo[1],none
/mnt/c/Program Files (x86)/Steam/steamapps/common/DayZServerDITrader/config/ExpansionMod/Loadouts/SurvivorLoadout.json,WEAPON,Sets[16],none
/mnt/c/Program Files (x86)/Steam/steamapps/common/DayZServerDITrader/config/ExpansionMod/Loadouts/SurvivorLoadout.json,CZ75,Items[0],Hands
/mnt/c/Program Files (x86)/Steam/steamapps/common/DayZServerDITrader/config/ExpansionMod/Loadouts/SurvivorLoadout.json,Mag_CZ75_15Rnd,Items[0],
/mnt/c/Program Files (x86)/Steam/steamapps/common/DayZServerDITrader/config/ExpansionMod/Loadouts/SurvivorLoadout.json,Mag_CZ75_15Rnd,InventoryCargo[0],none
/mnt/c/Program Files (x86)/Steam/steamapps/common/DayZServerDITrader/config/ExpansionMod/Loadouts/SurvivorLoadout.json,Mag_CZ75_15Rnd,InventoryCargo[1],none
/mnt/c/Program Files (x86)/Steam/steamapps/common/DayZServerDITrader/config/ExpansionMod/Loadouts/SurvivorLoadout.json,WEAPON,Sets[17],none
/mnt/c/Program Files (x86)/Steam/steamapps/common/DayZServerDITrader/config/ExpansionMod/Loadouts/SurvivorLoadout.json,MakarovIJ70,Items[0],Hands
/mnt/c/Program Files (x86)/Steam/steamapps/common/DayZServerDITrader/config/ExpansionMod/Loadouts/SurvivorLoadout.json,Mag_IJ70_8Rnd,Items[0],
/mnt/c/Program Files (x86)/Steam/steamapps/common/DayZServerDITrader/config/ExpansionMod/Loadouts/SurvivorLoadout.json,Mag_IJ70_8Rnd,InventoryCargo[0],none
/mnt/c/Program Files (x86)/Steam/steamapps/common/DayZServerDITrader/config/ExpansionMod/Loadouts/SurvivorLoadout.json,Mag_IJ70_8Rnd,InventoryCargo[1],none
/mnt/c/Program Files (x86)/Steam/steamapps/common/DayZServerDITrader/config/ExpansionMod/Loadouts/SurvivorLoadout.json,WEAPON,Sets[18],none
/mnt/c/Program Files (x86)/Steam/steamapps/common/DayZServerDITrader/config/ExpansionMod/Loadouts/SurvivorLoadout.json,Glock19,Items[0],Hands
/mnt/c/Program Files (x86)/Steam/steamapps/common/DayZServerDITrader/config/ExpansionMod/Loadouts/SurvivorLoadout.json,Mag_Glock_15Rnd,Items[0],
/mnt/c/Program Files (x86)/Steam/steamapps/common/DayZServerDITrader/config/ExpansionMod/Loadouts/SurvivorLoadout.json,Mag_Glock_15Rnd,InventoryCargo[0],none
/mnt/c/Program Files (x86)/Steam/steamapps/common/DayZServerDITrader/config/ExpansionMod/Loadouts/SurvivorLoadout.json,Mag_Glock_15Rnd,InventoryCargo[1],none
/mnt/c/Program Files (x86)/Steam/steamapps/common/DayZServerDITrader/config/ExpansionMod/Loadouts/TTSKOLoadout.json,,,none
/mnt/c/Program Files (x86)/Steam/steamapps/common/DayZServerDITrader/config/ExpansionMod/Loadouts/TTSKOLoadout.json,TTsKOJacket_Camo,Items[0],Body
/mnt/c/Program Files (x86)/Steam/steamapps/common/DayZServerDITrader/config/ExpansionMod/Loadouts/TTSKOLoadout.json,Ammo_762x54,InventoryCargo[0],Body
/mnt/c/Program Files (x86)/Steam/steamapps/common/DayZServerDITrader/config/ExpansionMod/Loadouts/TTSKOLoadout.json,Ammo_762x39,InventoryCargo[1],Body
/mnt/c/Program Files (x86)/Steam/steamapps/common/DayZServerDITrader/config/ExpansionMod/Loadouts/TTSKOLoadout.json,Ammo_556x45,InventoryCargo[2],Body
/mnt/c/Program Files (x86)/Steam/steamapps/common/DayZServerDITrader/config/ExpansionMod/Loadouts/TTSKOLoadout.json,Ammo_9x19,InventoryCargo[3],Body
/mnt/c/Program Files (x86)/Steam/steamapps/common/DayZServerDITrader/config/ExpansionMod/Loadouts/TTSKOLoadout.json,Ammo_45ACP,InventoryCargo[4],Body
/mnt/c/Program Files (x86)/Steam/steamapps/common/DayZServerDITrader/config/ExpansionMod/Loadouts/TTSKOLoadout.json,Ammo_308Win,InventoryCargo[5],Body
/mnt/c/Program Files (x86)/Steam/steamapps/common/DayZServerDITrader/config/ExpansionMod/Loadouts/TTSKOLoadout.json,Ammo_12gaPellets,InventoryCargo[6],Body
/mnt/c/Program Files (x86)/Steam/steamapps/common/DayZServerDITrader/config/ExpansionMod/Loadouts/TTSKOLoadout.json,Ammo_12gaSlug,InventoryCargo[7],Body
/mnt/c/Program Files (x86)/Steam/steamapps/common/DayZServerDITrader/config/ExpansionMod/Loadouts/TTSKOLoadout.json,Ammo_Expansion_338,InventoryCargo[8],Body
/mnt/c/Program Files (x86)/Steam/steamapps/common/DayZServerDITrader/config/ExpansionMod/Loadouts/TTSKOLoadout.json,whetstone,InventoryCargo[9],Body
/mnt/c/Program Files (x86)/Steam/steamapps/common/DayZServerDITrader/config/ExpansionMod/Loadouts/TTSKOLoadout.json,TTSKOPants,Items[0],Legs
/mnt/c/Program Files (x86)/Steam/steamapps/common/DayZServerDITrader/config/ExpansionMod/Loadouts/TTSKOLoadout.json,Ammo_545x39,InventoryCargo[0],Legs
/mnt/c/Program Files (x86)/Steam/steamapps/common/DayZServerDITrader/config/ExpansionMod/Loadouts/TTSKOLoadout.json,AmmoBox_545x39_20Rnd,InventoryCargo[1],Legs
/mnt/c/Program Files (x86)/Steam/steamapps/common/DayZServerDITrader/config/ExpansionMod/Loadouts/TTSKOLoadout.json,Ammo_308Win,InventoryCargo[2],Legs
/mnt/c/Program Files (x86)/Steam/steamapps/common/DayZServerDITrader/config/ExpansionMod/Loadouts/TTSKOLoadout.json,AmmoBox_308Win_20Rnd,InventoryCargo[3],Legs
/mnt/c/Program Files (x86)/Steam/steamapps/common/DayZServerDITrader/config/ExpansionMod/Loadouts/TTSKOLoadout.json,Ammo_12gaSlug,InventoryCargo[4],Legs
/mnt/c/Program Files (x86)/Steam/steamapps/common/DayZServerDITrader/config/ExpansionMod/Loadouts/TTSKOLoadout.json,Ammo_12gaPellets,InventoryCargo[5],Legs
/mnt/c/Program Files (x86)/Steam/steamapps/common/DayZServerDITrader/config/ExpansionMod/Loadouts/TTSKOLoadout.json,Ammo_Expansion_338,InventoryCargo[6],Legs
/mnt/c/Program Files (x86)/Steam/steamapps/common/DayZServerDITrader/config/ExpansionMod/Loadouts/TTSKOLoadout.json,TTSKOBoots,Items[0],Feet
/mnt/c/Program Files (x86)/Steam/steamapps/common/DayZServerDITrader/config/ExpansionMod/Loadouts/TTSKOLoadout.json,AssaultBag_Ttsko,Items[0],Back
/mnt/c/Program Files (x86)/Steam/steamapps/common/DayZServerDITrader/config/ExpansionMod/Loadouts/TTSKOLoadout.json,MakarovIJ70,InventoryCargo[0],Back
/mnt/c/Program Files (x86)/Steam/steamapps/common/DayZServerDITrader/config/ExpansionMod/Loadouts/TTSKOLoadout.json,Mag_IJ70_8Rnd,InventoryCargo[1],Back
/mnt/c/Program Files (x86)/Steam/steamapps/common/DayZServerDITrader/config/ExpansionMod/Loadouts/TTSKOLoadout.json,Mag_IJ70_8Rnd,InventoryCargo[2],Back
/mnt/c/Program Files (x86)/Steam/steamapps/common/DayZServerDITrader/config/ExpansionMod/Loadouts/TTSKOLoadout.json,BandageDressing,InventoryCargo[3],Back
/mnt/c/Program Files (x86)/Steam/steamapps/common/DayZServerDITrader/config/ExpansionMod/Loadouts/TTSKOLoadout.json,BandageDressing,InventoryCargo[4],Back
/mnt/c/Program Files (x86)/Steam/steamapps/common/DayZServerDITrader/config/ExpansionMod/Loadouts/TTSKOLoadout.json,Chemlight_Green,InventoryCargo[5],Back
/mnt/c/Program Files (x86)/Steam/steamapps/common/DayZServerDITrader/config/ExpansionMod/Loadouts/TTSKOLoadout.json,Chemlight_Green,InventoryCargo[6],Back
/mnt/c/Program Files (x86)/Steam/steamapps/common/DayZServerDITrader/config/ExpansionMod/Loadouts/TTSKOLoadout.json,RDG2SmokeGrenade_Black,InventoryCargo[7],Back
/mnt/c/Program Files (x86)/Steam/steamapps/common/DayZServerDITrader/config/ExpansionMod/Loadouts/TTSKOLoadout.json,RDG2SmokeGrenade_White,InventoryCargo[8],Back
/mnt/c/Program Files (x86)/Steam/steamapps/common/DayZServerDITrader/config/ExpansionMod/Loadouts/TTSKOLoadout.json,Ammo_762x39,InventoryCargo[9],Back
/mnt/c/Program Files (x86)/Steam/steamapps/common/DayZServerDITrader/config/ExpansionMod/Loadouts/TTSKOLoadout.json,UKAssVest_Camo,Items[0],Vest
/mnt/c/Program Files (x86)/Steam/steamapps/common/DayZServerDITrader/config/ExpansionMod/Loadouts/TTSKOLoadout.json,UKAssVest_Olive,Items[1],Vest
/mnt/c/Program Files (x86)/Steam/steamapps/common/DayZServerDITrader/config/ExpansionMod/Loadouts/TTSKOLoadout.json,Ssh68Helmet,Items[0],Headgear
/mnt/c/Program Files (x86)/Steam/steamapps/common/DayZServerDITrader/config/ExpansionMod/Loadouts/TTSKOLoadout.json,TankerHelmet,Items[1],Headgear
/mnt/c/Program Files (x86)/Steam/steamapps/common/DayZServerDITrader/config/ExpansionMod/Loadouts/TTSKOLoadout.json,PilotkaCap,Items[2],Headgear
/mnt/c/Program Files (x86)/Steam/steamapps/common/DayZServerDITrader/config/ExpansionMod/Loadouts/TTSKOLoadout.json,OfficerHat,Items[3],Headgear
/mnt/c/Program Files (x86)/Steam/steamapps/common/DayZServerDITrader/config/ExpansionMod/Loadouts/TTSKOLoadout.json,OMNOGloves_Brown,Items[0],Gloves
/mnt/c/Program Files (x86)/Steam/steamapps/common/DayZServerDITrader/config/ExpansionMod/Loadouts/TTSKOLoadout.json,OMNOGloves_Gray,Items[1],Gloves
/mnt/c/Program Files (x86)/Steam/steamapps/common/DayZServerDITrader/config/ExpansionMod/Loadouts/TTSKOLoadout.json,MilitaryBelt,Items[0],Hips
/mnt/c/Program Files (x86)/Steam/steamapps/common/DayZServerDITrader/config/ExpansionMod/Loadouts/TTSKOLoadout.json,Apple,InventoryCargo[0],none
/mnt/c/Program Files (x86)/Steam/steamapps/common/DayZServerDITrader/config/ExpansionMod/Loadouts/TTSKOLoadout.json,BandageDressing,InventoryCargo[1],none
/mnt/c/Program Files (x86)/Steam/steamapps/common/DayZServerDITrader/config/ExpansionMod/Loadouts/TTSKOLoadout.json,WEAPON,Sets[0],none
/mnt/c/Program Files (x86)/Steam/steamapps/common/DayZServerDITrader/config/ExpansionMod/Loadouts/TTSKOLoadout.json,AKS74U,Items[0],Shoulder
/mnt/c/Program Files (x86)/Steam/steamapps/common/DayZServerDITrader/config/ExpansionMod/Loadouts/TTSKOLoadout.json,Mag_AK74_30Rnd,Items[0],
/mnt/c/Program Files (x86)/Steam/steamapps/common/DayZServerDITrader/config/ExpansionMod/Loadouts/TTSKOLoadout.json,AKS74U_Bttstck,Items[1],
/mnt/c/Program Files (x86)/Steam/steamapps/common/DayZServerDITrader/config/ExpansionMod/Loadouts/TTSKOLoadout.json,KobraOptic,Items[2],
/mnt/c/Program Files (x86)/Steam/steamapps/common/DayZServerDITrader/config/ExpansionMod/Loadouts/TTSKOLoadout.json,Battery9V,Items[0],
/mnt/c/Program Files (x86)/Steam/steamapps/common/DayZServerDITrader/config/ExpansionMod/Loadouts/TTSKOLoadout.json,Mag_AK74_30Rnd,InventoryCargo[0],none
/mnt/c/Program Files (x86)/Steam/steamapps/common/DayZServerDITrader/config/ExpansionMod/Loadouts/TTSKOLoadout.json,Mag_AK74_30Rnd,InventoryCargo[1],none
/mnt/c/Program Files (x86)/Steam/steamapps/common/DayZServerDITrader/config/ExpansionMod/Loadouts/TTSKOLoadout.json,WEAPON,Sets[1],none
/mnt/c/Program Files (x86)/Steam/steamapps/common/DayZServerDITrader/config/ExpansionMod/Loadouts/TTSKOLoadout.json,AKM,Items[0],Shoulder
/mnt/c/Program Files (x86)/Steam/steamapps/common/DayZServerDITrader/config/ExpansionMod/Loadouts/TTSKOLoadout.json,Mag_AKM_30Rnd,Items[0],
/mnt/c/Program Files (x86)/Steam/steamapps/common/DayZServerDITrader/config/ExpansionMod/Loadouts/TTSKOLoadout.json,Mag_AKM_Drum75Rnd,Items[1],
/mnt/c/Program Files (x86)/Steam/steamapps/common/DayZServerDITrader/config/ExpansionMod/Loadouts/TTSKOLoadout.json,AK_PlasticBttstck,Items[2],
/mnt/c/Program Files (x86)/Steam/steamapps/common/DayZServerDITrader/config/ExpansionMod/Loadouts/TTSKOLoadout.json,AK_FoldingBttstck,Items[3],
/mnt/c/Program Files (x86)/Steam/steamapps/common/DayZServerDITrader/config/ExpansionMod/Loadouts/TTSKOLoadout.json,AK74_WoodBttstck,Items[4],
/mnt/c/Program Files (x86)/Steam/steamapps/common/DayZServerDITrader/config/ExpansionMod/Loadouts/TTSKOLoadout.json,AK_WoodBttstck,Items[5],
/mnt/c/Program Files (x86)/Steam/steamapps/common/DayZServerDITrader/config/ExpansionMod/Loadouts/TTSKOLoadout.json,AK_PlasticHndgrd,Items[6],
/mnt/c/Program Files (x86)/Steam/steamapps/common/DayZServerDITrader/config/ExpansionMod/Loadouts/TTSKOLoadout.json,AK_WoodHndgrd,Items[7],
/mnt/c/Program Files (x86)/Steam/steamapps/common/DayZServerDITrader/config/ExpansionMod/Loadouts/TTSKOLoadout.json,KashtanOptic,Items[8],
/mnt/c/Program Files (x86)/Steam/steamapps/common/DayZServerDITrader/config/ExpansionMod/Loadouts/TTSKOLoadout.json,KobraOptic,Items[9],
/mnt/c/Program Files (x86)/Steam/steamapps/common/DayZServerDITrader/config/ExpansionMod/Loadouts/TTSKOLoadout.json,Battery9V,Items[0],
/mnt/c/Program Files (x86)/Steam/steamapps/common/DayZServerDITrader/config/ExpansionMod/Loadouts/TTSKOLoadout.json,PSO1Optic,Items[10],
/mnt/c/Program Files (x86)/Steam/steamapps/common/DayZServerDITrader/config/ExpansionMod/Loadouts/TTSKOLoadout.json,Battery9V,Items[0],
/mnt/c/Program Files (x86)/Steam/steamapps/common/DayZServerDITrader/config/ExpansionMod/Loadouts/TTSKOLoadout.json,Mag_AKM_30Rnd,InventoryCargo[0],none
/mnt/c/Program Files (x86)/Steam/steamapps/common/DayZServerDITrader/config/ExpansionMod/Loadouts/TTSKOLoadout.json,Mag_AKM_30Rnd,InventoryCargo[1],none
/mnt/c/Program Files (x86)/Steam/steamapps/common/DayZServerDITrader/config/ExpansionMod/Loadouts/TTSKOLoadout.json,WEAPON,Sets[2],none
/mnt/c/Program Files (x86)/Steam/steamapps/common/DayZServerDITrader/config/ExpansionMod/Loadouts/TTSKOLoadout.json,PP19,Items[0],Shoulder
/mnt/c/Program Files (x86)/Steam/steamapps/common/DayZServerDITrader/config/ExpansionMod/Loadouts/TTSKOLoadout.json,Mag_PP19_64Rnd,Items[0],
/mnt/c/Program Files (x86)/Steam/steamapps/common/DayZServerDITrader/config/ExpansionMod/Loadouts/TTSKOLoadout.json,PP19_Bttstck,Items[1],
/mnt/c/Program Files (x86)/Steam/steamapps/common/DayZServerDITrader/config/ExpansionMod/Loadouts/TTSKOLoadout.json,PistolSuppressor,Items[2],
/mnt/c/Program Files (x86)/Steam/steamapps/common/DayZServerDITrader/config/ExpansionMod/Loadouts/TTSKOLoadout.json,KobraOptic,Items[3],
/mnt/c/Program Files (x86)/Steam/steamapps/common/DayZServerDITrader/config/ExpansionMod/Loadouts/TTSKOLoadout.json,Battery9V,Items[0],
/mnt/c/Program Files (x86)/Steam/steamapps/common/DayZServerDITrader/config/ExpansionMod/Loadouts/TTSKOLoadout.json,Mag_PP19_64Rnd,InventoryCargo[0],none
/mnt/c/Program Files (x86)/Steam/steamapps/common/DayZServerDITrader/config/ExpansionMod/Loadouts/TTSKOLoadout.json,Mag_PP19_64Rnd,InventoryCargo[1],none
/mnt/c/Program Files (x86)/Steam/steamapps/common/DayZServerDITrader/config/ExpansionMod/Loadouts/TTSKOLoadout.json,WEAPON,Sets[3],none
/mnt/c/Program Files (x86)/Steam/steamapps/common/DayZServerDITrader/config/ExpansionMod/Loadouts/TTSKOLoadout.json,SKS,Items[0],Shoulder
/mnt/c/Program Files (x86)/Steam/steamapps/common/DayZServerDITrader/config/ExpansionMod/Loadouts/TTSKOLoadout.json,Ammo_762x39,InventoryCargo[0],none
/mnt/c/Program Files (x86)/Steam/steamapps/common/DayZServerDITrader/config/ExpansionMod/Loadouts/TTSKOLoadout.json,Ammo_762x39,InventoryCargo[1],none
/mnt/c/Program Files (x86)/Steam/steamapps/common/DayZServerDITrader/config/ExpansionMod/Loadouts/TTSKOLoadout.json,Ammo_762x39,InventoryCargo[2],none
/mnt/c/Program Files (x86)/Steam/steamapps/common/DayZServerDITrader/config/ExpansionMod/Loadouts/UnarmedLoadout.json,,,none
/mnt/c/Program Files (x86)/Steam/steamapps/common/DayZServerDITrader/config/ExpansionMod/Loadouts/UnarmedLoadout.json,GorkaEJacket_Autumn,Items[0],Body
/mnt/c/Program Files (x86)/Steam/steamapps/common/DayZServerDITrader/config/ExpansionMod/Loadouts/UnarmedLoadout.json,Ammo_12gaPellets,InventoryCargo[0],Body
/mnt/c/Program Files (x86)/Steam/steamapps/common/DayZServerDITrader/config/ExpansionMod/Loadouts/UnarmedLoadout.json,Ammo_12gaSlug,InventoryCargo[1],Body
/mnt/c/Program Files (x86)/Steam/steamapps/common/DayZServerDITrader/config/ExpansionMod/Loadouts/UnarmedLoadout.json,Ammo_308Win,InventoryCargo[2],Body
/mnt/c/Program Files (x86)/Steam/steamapps/common/DayZServerDITrader/config/ExpansionMod/Loadouts/UnarmedLoadout.json,Ammo_545x39,InventoryCargo[3],Body
/mnt/c/Program Files (x86)/Steam/steamapps/common/DayZServerDITrader/config/ExpansionMod/Loadouts/UnarmedLoadout.json,Ammo_762x39,InventoryCargo[4],Body
/mnt/c/Program Files (x86)/Steam/steamapps/common/DayZServerDITrader/config/ExpansionMod/Loadouts/UnarmedLoadout.json,Ammo_762x54,InventoryCargo[5],Body
/mnt/c/Program Files (x86)/Steam/steamapps/common/DayZServerDITrader/config/ExpansionMod/Loadouts/UnarmedLoadout.json,Ammo_9x19,InventoryCargo[6],Body
/mnt/c/Program Files (x86)/Steam/steamapps/common/DayZServerDITrader/config/ExpansionMod/Loadouts/UnarmedLoadout.json,Ammo_45ACP,InventoryCargo[7],Body
/mnt/c/Program Files (x86)/Steam/steamapps/common/DayZServerDITrader/config/ExpansionMod/Loadouts/UnarmedLoadout.json,GorkaEJacket_Flat,Items[1],Body
/mnt/c/Program Files (x86)/Steam/steamapps/common/DayZServerDITrader/config/ExpansionMod/Loadouts/UnarmedLoadout.json,Ammo_12gaPellets,InventoryCargo[0],Body
/mnt/c/Program Files (x86)/Steam/steamapps/common/DayZServerDITrader/config/ExpansionMod/Loadouts/UnarmedLoadout.json,Ammo_12gaSlug,InventoryCargo[1],Body
/mnt/c/Program Files (x86)/Steam/steamapps/common/DayZServerDITrader/config/ExpansionMod/Loadouts/UnarmedLoadout.json,Ammo_308Win,InventoryCargo[2],Body
/mnt/c/Program Files (x86)/Steam/steamapps/common/DayZServerDITrader/config/ExpansionMod/Loadouts/UnarmedLoadout.json,Ammo_545x39,InventoryCargo[3],Body
/mnt/c/Program Files (x86)/Steam/steamapps/common/DayZServerDITrader/config/ExpansionMod/Loadouts/UnarmedLoadout.json,Ammo_762x39,InventoryCargo[4],Body
/mnt/c/Program Files (x86)/Steam/steamapps/common/DayZServerDITrader/config/ExpansionMod/Loadouts/UnarmedLoadout.json,Ammo_762x54,InventoryCargo[5],Body
/mnt/c/Program Files (x86)/Steam/steamapps/common/DayZServerDITrader/config/ExpansionMod/Loadouts/UnarmedLoadout.json,Ammo_9x19,InventoryCargo[6],Body
/mnt/c/Program Files (x86)/Steam/steamapps/common/DayZServerDITrader/config/ExpansionMod/Loadouts/UnarmedLoadout.json,Ammo_45ACP,InventoryCargo[7],Body
/mnt/c/Program Files (x86)/Steam/steamapps/common/DayZServerDITrader/config/ExpansionMod/Loadouts/UnarmedLoadout.json,GorkaEJacket_PautRev,Items[2],Body
/mnt/c/Program Files (x86)/Steam/steamapps/common/DayZServerDITrader/config/ExpansionMod/Loadouts/UnarmedLoadout.json,Ammo_12gaPellets,InventoryCargo[0],Body
/mnt/c/Program Files (x86)/Steam/steamapps/common/DayZServerDITrader/config/ExpansionMod/Loadouts/UnarmedLoadout.json,Ammo_12gaSlug,InventoryCargo[1],Body
/mnt/c/Program Files (x86)/Steam/steamapps/common/DayZServerDITrader/config/ExpansionMod/Loadouts/UnarmedLoadout.json,Ammo_308Win,InventoryCargo[2],Body
/mnt/c/Program Files (x86)/Steam/steamapps/common/DayZServerDITrader/config/ExpansionMod/Loadouts/UnarmedLoadout.json,Ammo_545x39,InventoryCargo[3],Body
/mnt/c/Program Files (x86)/Steam/steamapps/common/DayZServerDITrader/config/ExpansionMod/Loadouts/UnarmedLoadout.json,Ammo_762x39,InventoryCargo[4],Body
/mnt/c/Program Files (x86)/Steam/steamapps/common/DayZServerDITrader/config/ExpansionMod/Loadouts/UnarmedLoadout.json,Ammo_762x54,InventoryCargo[5],Body
/mnt/c/Program Files (x86)/Steam/steamapps/common/DayZServerDITrader/config/ExpansionMod/Loadouts/UnarmedLoadout.json,Ammo_9x19,InventoryCargo[6],Body
/mnt/c/Program Files (x86)/Steam/steamapps/common/DayZServerDITrader/config/ExpansionMod/Loadouts/UnarmedLoadout.json,Ammo_45ACP,InventoryCargo[7],Body
/mnt/c/Program Files (x86)/Steam/steamapps/common/DayZServerDITrader/config/ExpansionMod/Loadouts/UnarmedLoadout.json,GorkaEJacket_Summer,Items[3],Body
/mnt/c/Program Files (x86)/Steam/steamapps/common/DayZServerDITrader/config/ExpansionMod/Loadouts/UnarmedLoadout.json,Ammo_12gaPellets,InventoryCargo[0],Body
/mnt/c/Program Files (x86)/Steam/steamapps/common/DayZServerDITrader/config/ExpansionMod/Loadouts/UnarmedLoadout.json,Ammo_12gaSlug,InventoryCargo[1],Body
/mnt/c/Program Files (x86)/Steam/steamapps/common/DayZServerDITrader/config/ExpansionMod/Loadouts/UnarmedLoadout.json,Ammo_308Win,InventoryCargo[2],Body
/mnt/c/Program Files (x86)/Steam/steamapps/common/DayZServerDITrader/config/ExpansionMod/Loadouts/UnarmedLoadout.json,Ammo_545x39,InventoryCargo[3],Body
/mnt/c/Program Files (x86)/Steam/steamapps/common/DayZServerDITrader/config/ExpansionMod/Loadouts/UnarmedLoadout.json,Ammo_762x39,InventoryCargo[4],Body
/mnt/c/Program Files (x86)/Steam/steamapps/common/DayZServerDITrader/config/ExpansionMod/Loadouts/UnarmedLoadout.json,Ammo_762x54,InventoryCargo[5],Body
/mnt/c/Program Files (x86)/Steam/steamapps/common/DayZServerDITrader/config/ExpansionMod/Loadouts/UnarmedLoadout.json,Ammo_9x19,InventoryCargo[6],Body
/mnt/c/Program Files (x86)/Steam/steamapps/common/DayZServerDITrader/config/ExpansionMod/Loadouts/UnarmedLoadout.json,Ammo_45ACP,InventoryCargo[7],Body
/mnt/c/Program Files (x86)/Steam/steamapps/common/DayZServerDITrader/config/ExpansionMod/Loadouts/UnarmedLoadout.json,TTsKOJacket_Camo,Items[4],Body
/mnt/c/Program Files (x86)/Steam/steamapps/common/DayZServerDITrader/config/ExpansionMod/Loadouts/UnarmedLoadout.json,Ammo_12gaPellets,InventoryCargo[0],Body
/mnt/c/Program Files (x86)/Steam/steamapps/common/DayZServerDITrader/config/ExpansionMod/Loadouts/UnarmedLoadout.json,Ammo_12gaSlug,InventoryCargo[1],Body
/mnt/c/Program Files (x86)/Steam/steamapps/common/DayZServerDITrader/config/ExpansionMod/Loadouts/UnarmedLoadout.json,Ammo_308Win,InventoryCargo[2],Body
/mnt/c/Program Files (x86)/Steam/steamapps/common/DayZServerDITrader/config/ExpansionMod/Loadouts/UnarmedLoadout.json,Ammo_545x39,InventoryCargo[3],Body
/mnt/c/Program Files (x86)/Steam/steamapps/common/DayZServerDITrader/config/ExpansionMod/Loadouts/UnarmedLoadout.json,Ammo_762x39,InventoryCargo[4],Body
/mnt/c/Program Files (x86)/Steam/steamapps/common/DayZServerDITrader/config/ExpansionMod/Loadouts/UnarmedLoadout.json,Ammo_762x54,InventoryCargo[5],Body
/mnt/c/Program Files (x86)/Steam/steamapps/common/DayZServerDITrader/config/ExpansionMod/Loadouts/UnarmedLoadout.json,Ammo_9x19,InventoryCargo[6],Body
/mnt/c/Program Files (x86)/Steam/steamapps/common/DayZServerDITrader/config/ExpansionMod/Loadouts/UnarmedLoadout.json,Ammo_45ACP,InventoryCargo[7],Body
/mnt/c/Program Files (x86)/Steam/steamapps/common/DayZServerDITrader/config/ExpansionMod/Loadouts/UnarmedLoadout.json,Hoodie_Black,Items[5],Body
/mnt/c/Program Files (x86)/Steam/steamapps/common/DayZServerDITrader/config/ExpansionMod/Loadouts/UnarmedLoadout.json,Ammo_12gaPellets,InventoryCargo[0],Body
/mnt/c/Program Files (x86)/Steam/steamapps/common/DayZServerDITrader/config/ExpansionMod/Loadouts/UnarmedLoadout.json,Ammo_12gaSlug,InventoryCargo[1],Body
/mnt/c/Program Files (x86)/Steam/steamapps/common/DayZServerDITrader/config/ExpansionMod/Loadouts/UnarmedLoadout.json,Ammo_308Win,InventoryCargo[2],Body
/mnt/c/Program Files (x86)/Steam/steamapps/common/DayZServerDITrader/config/ExpansionMod/Loadouts/UnarmedLoadout.json,Ammo_545x39,InventoryCargo[3],Body
/mnt/c/Program Files (x86)/Steam/steamapps/common/DayZServerDITrader/config/ExpansionMod/Loadouts/UnarmedLoadout.json,Ammo_762x39,InventoryCargo[4],Body
/mnt/c/Program Files (x86)/Steam/steamapps/common/DayZServerDITrader/config/ExpansionMod/Loadouts/UnarmedLoadout.json,Ammo_762x54,InventoryCargo[5],Body
/mnt/c/Program Files (x86)/Steam/steamapps/common/DayZServerDITrader/config/ExpansionMod/Loadouts/UnarmedLoadout.json,Ammo_9x19,InventoryCargo[6],Body
/mnt/c/Program Files (x86)/Steam/steamapps/common/DayZServerDITrader/config/ExpansionMod/Loadouts/UnarmedLoadout.json,Ammo_45ACP,InventoryCargo[7],Body
/mnt/c/Program Files (x86)/Steam/steamapps/common/DayZServerDITrader/config/ExpansionMod/Loadouts/UnarmedLoadout.json,Hoodie_Blue,Items[6],Body
/mnt/c/Program Files (x86)/Steam/steamapps/common/DayZServerDITrader/config/ExpansionMod/Loadouts/UnarmedLoadout.json,Ammo_12gaPellets,InventoryCargo[0],Body
/mnt/c/Program Files (x86)/Steam/steamapps/common/DayZServerDITrader/config/ExpansionMod/Loadouts/UnarmedLoadout.json,Ammo_12gaSlug,InventoryCargo[1],Body
/mnt/c/Program Files (x86)/Steam/steamapps/common/DayZServerDITrader/config/ExpansionMod/Loadouts/UnarmedLoadout.json,Ammo_308Win,InventoryCargo[2],Body
/mnt/c/Program Files (x86)/Steam/steamapps/common/DayZServerDITrader/config/ExpansionMod/Loadouts/UnarmedLoadout.json,Ammo_545x39,InventoryCargo[3],Body
/mnt/c/Program Files (x86)/Steam/steamapps/common/DayZServerDITrader/config/ExpansionMod/Loadouts/UnarmedLoadout.json,Ammo_762x39,InventoryCargo[4],Body
/mnt/c/Program Files (x86)/Steam/steamapps/common/DayZServerDITrader/config/ExpansionMod/Loadouts/UnarmedLoadout.json,Ammo_762x54,InventoryCargo[5],Body
/mnt/c/Program Files (x86)/Steam/steamapps/common/DayZServerDITrader/config/ExpansionMod/Loadouts/UnarmedLoadout.json,Ammo_9x19,InventoryCargo[6],Body
/mnt/c/Program Files (x86)/Steam/steamapps/common/DayZServerDITrader/config/ExpansionMod/Loadouts/UnarmedLoadout.json,Ammo_45ACP,InventoryCargo[7],Body
/mnt/c/Program Files (x86)/Steam/steamapps/common/DayZServerDITrader/config/ExpansionMod/Loadouts/UnarmedLoadout.json,Hoodie_Brown,Items[7],Body
/mnt/c/Program Files (x86)/Steam/steamapps/common/DayZServerDITrader/config/ExpansionMod/Loadouts/UnarmedLoadout.json,Ammo_12gaPellets,InventoryCargo[0],Body
/mnt/c/Program Files (x86)/Steam/steamapps/common/DayZServerDITrader/config/ExpansionMod/Loadouts/UnarmedLoadout.json,Ammo_12gaSlug,InventoryCargo[1],Body
/mnt/c/Program Files (x86)/Steam/steamapps/common/DayZServerDITrader/config/ExpansionMod/Loadouts/UnarmedLoadout.json,Ammo_308Win,InventoryCargo[2],Body
/mnt/c/Program Files (x86)/Steam/steamapps/common/DayZServerDITrader/config/ExpansionMod/Loadouts/UnarmedLoadout.json,Ammo_545x39,InventoryCargo[3],Body
/mnt/c/Program Files (x86)/Steam/steamapps/common/DayZServerDITrader/config/ExpansionMod/Loadouts/UnarmedLoadout.json,Ammo_762x39,InventoryCargo[4],Body
/mnt/c/Program Files (x86)/Steam/steamapps/common/DayZServerDITrader/config/ExpansionMod/Loadouts/UnarmedLoadout.json,Ammo_762x54,InventoryCargo[5],Body
/mnt/c/Program Files (x86)/Steam/steamapps/common/DayZServerDITrader/config/ExpansionMod/Loadouts/UnarmedLoadout.json,Ammo_9x19,InventoryCargo[6],Body
/mnt/c/Program Files (x86)/Steam/steamapps/common/DayZServerDITrader/config/ExpansionMod/Loadouts/UnarmedLoadout.json,Ammo_45ACP,InventoryCargo[7],Body
/mnt/c/Program Files (x86)/Steam/steamapps/common/DayZServerDITrader/config/ExpansionMod/Loadouts/UnarmedLoadout.json,Hoodie_Green,Items[8],Body
/mnt/c/Program Files (x86)/Steam/steamapps/common/DayZServerDITrader/config/ExpansionMod/Loadouts/UnarmedLoadout.json,Ammo_12gaPellets,InventoryCargo[0],Body
/mnt/c/Program Files (x86)/Steam/steamapps/common/DayZServerDITrader/config/ExpansionMod/Loadouts/UnarmedLoadout.json,Ammo_12gaSlug,InventoryCargo[1],Body
/mnt/c/Program Files (x86)/Steam/steamapps/common/DayZServerDITrader/config/ExpansionMod/Loadouts/UnarmedLoadout.json,Ammo_308Win,InventoryCargo[2],Body
/mnt/c/Program Files (x86)/Steam/steamapps/common/DayZServerDITrader/config/ExpansionMod/Loadouts/UnarmedLoadout.json,Ammo_545x39,InventoryCargo[3],Body
/mnt/c/Program Files (x86)/Steam/steamapps/common/DayZServerDITrader/config/ExpansionMod/Loadouts/UnarmedLoadout.json,Ammo_762x39,InventoryCargo[4],Body
/mnt/c/Program Files (x86)/Steam/steamapps/common/DayZServerDITrader/config/ExpansionMod/Loadouts/UnarmedLoadout.json,Ammo_762x54,InventoryCargo[5],Body
/mnt/c/Program Files (x86)/Steam/steamapps/common/DayZServerDITrader/config/ExpansionMod/Loadouts/UnarmedLoadout.json,Ammo_9x19,InventoryCargo[6],Body
/mnt/c/Program Files (x86)/Steam/steamapps/common/DayZServerDITrader/config/ExpansionMod/Loadouts/UnarmedLoadout.json,Ammo_45ACP,InventoryCargo[7],Body
/mnt/c/Program Files (x86)/Steam/steamapps/common/DayZServerDITrader/config/ExpansionMod/Loadouts/UnarmedLoadout.json,Hoodie_Grey,Items[9],Body
/mnt/c/Program Files (x86)/Steam/steamapps/common/DayZServerDITrader/config/ExpansionMod/Loadouts/UnarmedLoadout.json,Ammo_12gaPellets,InventoryCargo[0],Body
/mnt/c/Program Files (x86)/Steam/steamapps/common/DayZServerDITrader/config/ExpansionMod/Loadouts/UnarmedLoadout.json,Ammo_12gaSlug,InventoryCargo[1],Body
/mnt/c/Program Files (x86)/Steam/steamapps/common/DayZServerDITrader/config/ExpansionMod/Loadouts/UnarmedLoadout.json,Ammo_308Win,InventoryCargo[2],Body
/mnt/c/Program Files (x86)/Steam/steamapps/common/DayZServerDITrader/config/ExpansionMod/Loadouts/UnarmedLoadout.json,Ammo_545x39,InventoryCargo[3],Body
/mnt/c/Program Files (x86)/Steam/steamapps/common/DayZServerDITrader/config/ExpansionMod/Loadouts/UnarmedLoadout.json,Ammo_762x39,InventoryCargo[4],Body
/mnt/c/Program Files (x86)/Steam/steamapps/common/DayZServerDITrader/config/ExpansionMod/Loadouts/UnarmedLoadout.json,Ammo_762x54,InventoryCargo[5],Body
/mnt/c/Program Files (x86)/Steam/steamapps/common/DayZServerDITrader/config/ExpansionMod/Loadouts/UnarmedLoadout.json,Ammo_9x19,InventoryCargo[6],Body
/mnt/c/Program Files (x86)/Steam/steamapps/common/DayZServerDITrader/config/ExpansionMod/Loadouts/UnarmedLoadout.json,Ammo_45ACP,InventoryCargo[7],Body
/mnt/c/Program Files (x86)/Steam/steamapps/common/DayZServerDITrader/config/ExpansionMod/Loadouts/UnarmedLoadout.json,Hoodie_Red,Items[10],Body
/mnt/c/Program Files (x86)/Steam/steamapps/common/DayZServerDITrader/config/ExpansionMod/Loadouts/UnarmedLoadout.json,Ammo_12gaPellets,InventoryCargo[0],Body
/mnt/c/Program Files (x86)/Steam/steamapps/common/DayZServerDITrader/config/ExpansionMod/Loadouts/UnarmedLoadout.json,Ammo_12gaSlug,InventoryCargo[1],Body
/mnt/c/Program Files (x86)/Steam/steamapps/common/DayZServerDITrader/config/ExpansionMod/Loadouts/UnarmedLoadout.json,Ammo_308Win,InventoryCargo[2],Body
/mnt/c/Program Files (x86)/Steam/steamapps/common/DayZServerDITrader/config/ExpansionMod/Loadouts/UnarmedLoadout.json,Ammo_545x39,InventoryCargo[3],Body
/mnt/c/Program Files (x86)/Steam/steamapps/common/DayZServerDITrader/config/ExpansionMod/Loadouts/UnarmedLoadout.json,Ammo_762x39,InventoryCargo[4],Body
/mnt/c/Program Files (x86)/Steam/steamapps/common/DayZServerDITrader/config/ExpansionMod/Loadouts/UnarmedLoadout.json,Ammo_762x54,InventoryCargo[5],Body
/mnt/c/Program Files (x86)/Steam/steamapps/common/DayZServerDITrader/config/ExpansionMod/Loadouts/UnarmedLoadout.json,Ammo_9x19,InventoryCargo[6],Body
/mnt/c/Program Files (x86)/Steam/steamapps/common/DayZServerDITrader/config/ExpansionMod/Loadouts/UnarmedLoadout.json,Ammo_45ACP,InventoryCargo[7],Body
/mnt/c/Program Files (x86)/Steam/steamapps/common/DayZServerDITrader/config/ExpansionMod/Loadouts/UnarmedLoadout.json,BomberJacket_Black,Items[11],Body
/mnt/c/Program Files (x86)/Steam/steamapps/common/DayZServerDITrader/config/ExpansionMod/Loadouts/UnarmedLoadout.json,Ammo_12gaPellets,InventoryCargo[0],Body
/mnt/c/Program Files (x86)/Steam/steamapps/common/DayZServerDITrader/config/ExpansionMod/Loadouts/UnarmedLoadout.json,Ammo_12gaSlug,InventoryCargo[1],Body
/mnt/c/Program Files (x86)/Steam/steamapps/common/DayZServerDITrader/config/ExpansionMod/Loadouts/UnarmedLoadout.json,Ammo_308Win,InventoryCargo[2],Body
/mnt/c/Program Files (x86)/Steam/steamapps/common/DayZServerDITrader/config/ExpansionMod/Loadouts/UnarmedLoadout.json,Ammo_545x39,InventoryCargo[3],Body
/mnt/c/Program Files (x86)/Steam/steamapps/common/DayZServerDITrader/config/ExpansionMod/Loadouts/UnarmedLoadout.json,Ammo_762x39,InventoryCargo[4],Body
/mnt/c/Program Files (x86)/Steam/steamapps/common/DayZServerDITrader/config/ExpansionMod/Loadouts/UnarmedLoadout.json,Ammo_762x54,InventoryCargo[5],Body
/mnt/c/Program Files (x86)/Steam/steamapps/common/DayZServerDITrader/config/ExpansionMod/Loadouts/UnarmedLoadout.json,Ammo_9x19,InventoryCargo[6],Body
/mnt/c/Program Files (x86)/Steam/steamapps/common/DayZServerDITrader/config/ExpansionMod/Loadouts/UnarmedLoadout.json,Ammo_45ACP,InventoryCargo[7],Body
/mnt/c/Program Files (x86)/Steam/steamapps/common/DayZServerDITrader/config/ExpansionMod/Loadouts/UnarmedLoadout.json,BomberJacket_Blue,Items[12],Body
/mnt/c/Program Files (x86)/Steam/steamapps/common/DayZServerDITrader/config/ExpansionMod/Loadouts/UnarmedLoadout.json,Ammo_12gaPellets,InventoryCargo[0],Body
/mnt/c/Program Files (x86)/Steam/steamapps/common/DayZServerDITrader/config/ExpansionMod/Loadouts/UnarmedLoadout.json,Ammo_12gaSlug,InventoryCargo[1],Body
/mnt/c/Program Files (x86)/Steam/steamapps/common/DayZServerDITrader/config/ExpansionMod/Loadouts/UnarmedLoadout.json,Ammo_308Win,InventoryCargo[2],Body
/mnt/c/Program Files (x86)/Steam/steamapps/common/DayZServerDITrader/config/ExpansionMod/Loadouts/UnarmedLoadout.json,Ammo_545x39,InventoryCargo[3],Body
/mnt/c/Program Files (x86)/Steam/steamapps/common/DayZServerDITrader/config/ExpansionMod/Loadouts/UnarmedLoadout.json,Ammo_762x39,InventoryCargo[4],Body
/mnt/c/Program Files (x86)/Steam/steamapps/common/DayZServerDITrader/config/ExpansionMod/Loadouts/UnarmedLoadout.json,Ammo_762x54,InventoryCargo[5],Body
/mnt/c/Program Files (x86)/Steam/steamapps/common/DayZServerDITrader/config/ExpansionMod/Loadouts/UnarmedLoadout.json,Ammo_9x19,InventoryCargo[6],Body
/mnt/c/Program Files (x86)/Steam/steamapps/common/DayZServerDITrader/config/ExpansionMod/Loadouts/UnarmedLoadout.json,Ammo_45ACP,InventoryCargo[7],Body
/mnt/c/Program Files (x86)/Steam/steamapps/common/DayZServerDITrader/config/ExpansionMod/Loadouts/UnarmedLoadout.json,BomberJacket_Brown,Items[13],Body
/mnt/c/Program Files (x86)/Steam/steamapps/common/DayZServerDITrader/config/ExpansionMod/Loadouts/UnarmedLoadout.json,Ammo_12gaPellets,InventoryCargo[0],Body
/mnt/c/Program Files (x86)/Steam/steamapps/common/DayZServerDITrader/config/ExpansionMod/Loadouts/UnarmedLoadout.json,Ammo_12gaSlug,InventoryCargo[1],Body
/mnt/c/Program Files (x86)/Steam/steamapps/common/DayZServerDITrader/config/ExpansionMod/Loadouts/UnarmedLoadout.json,Ammo_308Win,InventoryCargo[2],Body
/mnt/c/Program Files (x86)/Steam/steamapps/common/DayZServerDITrader/config/ExpansionMod/Loadouts/UnarmedLoadout.json,Ammo_545x39,InventoryCargo[3],Body
/mnt/c/Program Files (x86)/Steam/steamapps/common/DayZServerDITrader/config/ExpansionMod/Loadouts/UnarmedLoadout.json,Ammo_762x39,InventoryCargo[4],Body
/mnt/c/Program Files (x86)/Steam/steamapps/common/DayZServerDITrader/config/ExpansionMod/Loadouts/UnarmedLoadout.json,Ammo_762x54,InventoryCargo[5],Body
/mnt/c/Program Files (x86)/Steam/steamapps/common/DayZServerDITrader/config/ExpansionMod/Loadouts/UnarmedLoadout.json,Ammo_9x19,InventoryCargo[6],Body
/mnt/c/Program Files (x86)/Steam/steamapps/common/DayZServerDITrader/config/ExpansionMod/Loadouts/UnarmedLoadout.json,Ammo_45ACP,InventoryCargo[7],Body
/mnt/c/Program Files (x86)/Steam/steamapps/common/DayZServerDITrader/config/ExpansionMod/Loadouts/UnarmedLoadout.json,BomberJacket_Grey,Items[14],Body
/mnt/c/Program Files (x86)/Steam/steamapps/common/DayZServerDITrader/config/ExpansionMod/Loadouts/UnarmedLoadout.json,Ammo_12gaPellets,InventoryCargo[0],Body
/mnt/c/Program Files (x86)/Steam/steamapps/common/DayZServerDITrader/config/ExpansionMod/Loadouts/UnarmedLoadout.json,Ammo_12gaSlug,InventoryCargo[1],Body
/mnt/c/Program Files (x86)/Steam/steamapps/common/DayZServerDITrader/config/ExpansionMod/Loadouts/UnarmedLoadout.json,Ammo_308Win,InventoryCargo[2],Body
/mnt/c/Program Files (x86)/Steam/steamapps/common/DayZServerDITrader/config/ExpansionMod/Loadouts/UnarmedLoadout.json,Ammo_545x39,InventoryCargo[3],Body
/mnt/c/Program Files (x86)/Steam/steamapps/common/DayZServerDITrader/config/ExpansionMod/Loadouts/UnarmedLoadout.json,Ammo_762x39,InventoryCargo[4],Body
/mnt/c/Program Files (x86)/Steam/steamapps/common/DayZServerDITrader/config/ExpansionMod/Loadouts/UnarmedLoadout.json,Ammo_762x54,InventoryCargo[5],Body
/mnt/c/Program Files (x86)/Steam/steamapps/common/DayZServerDITrader/config/ExpansionMod/Loadouts/UnarmedLoadout.json,Ammo_9x19,InventoryCargo[6],Body
/mnt/c/Program Files (x86)/Steam/steamapps/common/DayZServerDITrader/config/ExpansionMod/Loadouts/UnarmedLoadout.json,Ammo_45ACP,InventoryCargo[7],Body
/mnt/c/Program Files (x86)/Steam/steamapps/common/DayZServerDITrader/config/ExpansionMod/Loadouts/UnarmedLoadout.json,BomberJacket_Maroon,Items[15],Body
/mnt/c/Program Files (x86)/Steam/steamapps/common/DayZServerDITrader/config/ExpansionMod/Loadouts/UnarmedLoadout.json,Ammo_12gaPellets,InventoryCargo[0],Body
/mnt/c/Program Files (x86)/Steam/steamapps/common/DayZServerDITrader/config/ExpansionMod/Loadouts/UnarmedLoadout.json,Ammo_12gaSlug,InventoryCargo[1],Body
/mnt/c/Program Files (x86)/Steam/steamapps/common/DayZServerDITrader/config/ExpansionMod/Loadouts/UnarmedLoadout.json,Ammo_308Win,InventoryCargo[2],Body
/mnt/c/Program Files (x86)/Steam/steamapps/common/DayZServerDITrader/config/ExpansionMod/Loadouts/UnarmedLoadout.json,Ammo_545x39,InventoryCargo[3],Body
/mnt/c/Program Files (x86)/Steam/steamapps/common/DayZServerDITrader/config/ExpansionMod/Loadouts/UnarmedLoadout.json,Ammo_762x39,InventoryCargo[4],Body
/mnt/c/Program Files (x86)/Steam/steamapps/common/DayZServerDITrader/config/ExpansionMod/Loadouts/UnarmedLoadout.json,Ammo_762x54,InventoryCargo[5],Body
/mnt/c/Program Files (x86)/Steam/steamapps/common/DayZServerDITrader/config/ExpansionMod/Loadouts/UnarmedLoadout.json,Ammo_9x19,InventoryCargo[6],Body
/mnt/c/Program Files (x86)/Steam/steamapps/common/DayZServerDITrader/config/ExpansionMod/Loadouts/UnarmedLoadout.json,Ammo_45ACP,InventoryCargo[7],Body
/mnt/c/Program Files (x86)/Steam/steamapps/common/DayZServerDITrader/config/ExpansionMod/Loadouts/UnarmedLoadout.json,BomberJacket_Olive,Items[16],Body
/mnt/c/Program Files (x86)/Steam/steamapps/common/DayZServerDITrader/config/ExpansionMod/Loadouts/UnarmedLoadout.json,Ammo_12gaPellets,InventoryCargo[0],Body
/mnt/c/Program Files (x86)/Steam/steamapps/common/DayZServerDITrader/config/ExpansionMod/Loadouts/UnarmedLoadout.json,Ammo_12gaSlug,InventoryCargo[1],Body
/mnt/c/Program Files (x86)/Steam/steamapps/common/DayZServerDITrader/config/ExpansionMod/Loadouts/UnarmedLoadout.json,Ammo_308Win,InventoryCargo[2],Body
/mnt/c/Program Files (x86)/Steam/steamapps/common/DayZServerDITrader/config/ExpansionMod/Loadouts/UnarmedLoadout.json,Ammo_545x39,InventoryCargo[3],Body
/mnt/c/Program Files (x86)/Steam/steamapps/common/DayZServerDITrader/config/ExpansionMod/Loadouts/UnarmedLoadout.json,Ammo_762x39,InventoryCargo[4],Body
/mnt/c/Program Files (x86)/Steam/steamapps/common/DayZServerDITrader/config/ExpansionMod/Loadouts/UnarmedLoadout.json,Ammo_762x54,InventoryCargo[5],Body
/mnt/c/Program Files (x86)/Steam/steamapps/common/DayZServerDITrader/config/ExpansionMod/Loadouts/UnarmedLoadout.json,Ammo_9x19,InventoryCargo[6],Body
/mnt/c/Program Files (x86)/Steam/steamapps/common/DayZServerDITrader/config/ExpansionMod/Loadouts/UnarmedLoadout.json,Ammo_45ACP,InventoryCargo[7],Body
/mnt/c/Program Files (x86)/Steam/steamapps/common/DayZServerDITrader/config/ExpansionMod/Loadouts/UnarmedLoadout.json,BomberJacket_SkyBlue,Items[17],Body
/mnt/c/Program Files (x86)/Steam/steamapps/common/DayZServerDITrader/config/ExpansionMod/Loadouts/UnarmedLoadout.json,Ammo_12gaPellets,InventoryCargo[0],Body
/mnt/c/Program Files (x86)/Steam/steamapps/common/DayZServerDITrader/config/ExpansionMod/Loadouts/UnarmedLoadout.json,Ammo_12gaSlug,InventoryCargo[1],Body
/mnt/c/Program Files (x86)/Steam/steamapps/common/DayZServerDITrader/config/ExpansionMod/Loadouts/UnarmedLoadout.json,Ammo_308Win,InventoryCargo[2],Body
/mnt/c/Program Files (x86)/Steam/steamapps/common/DayZServerDITrader/config/ExpansionMod/Loadouts/UnarmedLoadout.json,Ammo_545x39,InventoryCargo[3],Body
/mnt/c/Program Files (x86)/Steam/steamapps/common/DayZServerDITrader/config/ExpansionMod/Loadouts/UnarmedLoadout.json,Ammo_762x39,InventoryCargo[4],Body
/mnt/c/Program Files (x86)/Steam/steamapps/common/DayZServerDITrader/config/ExpansionMod/Loadouts/UnarmedLoadout.json,Ammo_762x54,InventoryCargo[5],Body
/mnt/c/Program Files (x86)/Steam/steamapps/common/DayZServerDITrader/config/ExpansionMod/Loadouts/UnarmedLoadout.json,Ammo_9x19,InventoryCargo[6],Body
/mnt/c/Program Files (x86)/Steam/steamapps/common/DayZServerDITrader/config/ExpansionMod/Loadouts/UnarmedLoadout.json,Ammo_45ACP,InventoryCargo[7],Body
/mnt/c/Program Files (x86)/Steam/steamapps/common/DayZServerDITrader/config/ExpansionMod/Loadouts/UnarmedLoadout.json,DenimJacket,Items[18],Body
/mnt/c/Program Files (x86)/Steam/steamapps/common/DayZServerDITrader/config/ExpansionMod/Loadouts/UnarmedLoadout.json,Ammo_12gaPellets,InventoryCargo[0],Body
/mnt/c/Program Files (x86)/Steam/steamapps/common/DayZServerDITrader/config/ExpansionMod/Loadouts/UnarmedLoadout.json,Ammo_12gaSlug,InventoryCargo[1],Body
/mnt/c/Program Files (x86)/Steam/steamapps/common/DayZServerDITrader/config/ExpansionMod/Loadouts/UnarmedLoadout.json,Ammo_308Win,InventoryCargo[2],Body
/mnt/c/Program Files (x86)/Steam/steamapps/common/DayZServerDITrader/config/ExpansionMod/Loadouts/UnarmedLoadout.json,Ammo_545x39,InventoryCargo[3],Body
/mnt/c/Program Files (x86)/Steam/steamapps/common/DayZServerDITrader/config/ExpansionMod/Loadouts/UnarmedLoadout.json,Ammo_762x39,InventoryCargo[4],Body
/mnt/c/Program Files (x86)/Steam/steamapps/common/DayZServerDITrader/config/ExpansionMod/Loadouts/UnarmedLoadout.json,Ammo_762x54,InventoryCargo[5],Body
/mnt/c/Program Files (x86)/Steam/steamapps/common/DayZServerDITrader/config/ExpansionMod/Loadouts/UnarmedLoadout.json,Ammo_9x19,InventoryCargo[6],Body
/mnt/c/Program Files (x86)/Steam/steamapps/common/DayZServerDITrader/config/ExpansionMod/Loadouts/UnarmedLoadout.json,Ammo_45ACP,InventoryCargo[7],Body
/mnt/c/Program Files (x86)/Steam/steamapps/common/DayZServerDITrader/config/ExpansionMod/Loadouts/UnarmedLoadout.json,HikingJacket_Black,Items[19],Body
/mnt/c/Program Files (x86)/Steam/steamapps/common/DayZServerDITrader/config/ExpansionMod/Loadouts/UnarmedLoadout.json,Ammo_12gaPellets,InventoryCargo[0],Body
/mnt/c/Program Files (x86)/Steam/steamapps/common/DayZServerDITrader/config/ExpansionMod/Loadouts/UnarmedLoadout.json,Ammo_12gaSlug,InventoryCargo[1],Body
/mnt/c/Program Files (x86)/Steam/steamapps/common/DayZServerDITrader/config/ExpansionMod/Loadouts/UnarmedLoadout.json,Ammo_308Win,InventoryCargo[2],Body
/mnt/c/Program Files (x86)/Steam/steamapps/common/DayZServerDITrader/config/ExpansionMod/Loadouts/UnarmedLoadout.json,Ammo_545x39,InventoryCargo[3],Body
/mnt/c/Program Files (x86)/Steam/steamapps/common/DayZServerDITrader/config/ExpansionMod/Loadouts/UnarmedLoadout.json,Ammo_762x39,InventoryCargo[4],Body
/mnt/c/Program Files (x86)/Steam/steamapps/common/DayZServerDITrader/config/ExpansionMod/Loadouts/UnarmedLoadout.json,Ammo_762x54,InventoryCargo[5],Body
/mnt/c/Program Files (x86)/Steam/steamapps/common/DayZServerDITrader/config/ExpansionMod/Loadouts/UnarmedLoadout.json,Ammo_9x19,InventoryCargo[6],Body
/mnt/c/Program Files (x86)/Steam/steamapps/common/DayZServerDITrader/config/ExpansionMod/Loadouts/UnarmedLoadout.json,Ammo_45ACP,InventoryCargo[7],Body
/mnt/c/Program Files (x86)/Steam/steamapps/common/DayZServerDITrader/config/ExpansionMod/Loadouts/UnarmedLoadout.json,HikingJacket_Blue,Items[20],Body
/mnt/c/Program Files (x86)/Steam/steamapps/common/DayZServerDITrader/config/ExpansionMod/Loadouts/UnarmedLoadout.json,Ammo_12gaPellets,InventoryCargo[0],Body
/mnt/c/Program Files (x86)/Steam/steamapps/common/DayZServerDITrader/config/ExpansionMod/Loadouts/UnarmedLoadout.json,Ammo_12gaSlug,InventoryCargo[1],Body
/mnt/c/Program Files (x86)/Steam/steamapps/common/DayZServerDITrader/config/ExpansionMod/Loadouts/UnarmedLoadout.json,Ammo_308Win,InventoryCargo[2],Body
/mnt/c/Program Files (x86)/Steam/steamapps/common/DayZServerDITrader/config/ExpansionMod/Loadouts/UnarmedLoadout.json,Ammo_545x39,InventoryCargo[3],Body
/mnt/c/Program Files (x86)/Steam/steamapps/common/DayZServerDITrader/config/ExpansionMod/Loadouts/UnarmedLoadout.json,Ammo_762x39,InventoryCargo[4],Body
/mnt/c/Program Files (x86)/Steam/steamapps/common/DayZServerDITrader/config/ExpansionMod/Loadouts/UnarmedLoadout.json,Ammo_762x54,InventoryCargo[5],Body
/mnt/c/Program Files (x86)/Steam/steamapps/common/DayZServerDITrader/config/ExpansionMod/Loadouts/UnarmedLoadout.json,Ammo_9x19,InventoryCargo[6],Body
/mnt/c/Program Files (x86)/Steam/steamapps/common/DayZServerDITrader/config/ExpansionMod/Loadouts/UnarmedLoadout.json,Ammo_45ACP,InventoryCargo[7],Body
/mnt/c/Program Files (x86)/Steam/steamapps/common/DayZServerDITrader/config/ExpansionMod/Loadouts/UnarmedLoadout.json,HikingJacket_Green,Items[21],Body
/mnt/c/Program Files (x86)/Steam/steamapps/common/DayZServerDITrader/config/ExpansionMod/Loadouts/UnarmedLoadout.json,Ammo_12gaPellets,InventoryCargo[0],Body
/mnt/c/Program Files (x86)/Steam/steamapps/common/DayZServerDITrader/config/ExpansionMod/Loadouts/UnarmedLoadout.json,Ammo_12gaSlug,InventoryCargo[1],Body
/mnt/c/Program Files (x86)/Steam/steamapps/common/DayZServerDITrader/config/ExpansionMod/Loadouts/UnarmedLoadout.json,Ammo_308Win,InventoryCargo[2],Body
/mnt/c/Program Files (x86)/Steam/steamapps/common/DayZServerDITrader/config/ExpansionMod/Loadouts/UnarmedLoadout.json,Ammo_545x39,InventoryCargo[3],Body
/mnt/c/Program Files (x86)/Steam/steamapps/common/DayZServerDITrader/config/ExpansionMod/Loadouts/UnarmedLoadout.json,Ammo_762x39,InventoryCargo[4],Body
/mnt/c/Program Files (x86)/Steam/steamapps/common/DayZServerDITrader/config/ExpansionMod/Loadouts/UnarmedLoadout.json,Ammo_762x54,InventoryCargo[5],Body
/mnt/c/Program Files (x86)/Steam/steamapps/common/DayZServerDITrader/config/ExpansionMod/Loadouts/UnarmedLoadout.json,Ammo_9x19,InventoryCargo[6],Body
/mnt/c/Program Files (x86)/Steam/steamapps/common/DayZServerDITrader/config/ExpansionMod/Loadouts/UnarmedLoadout.json,Ammo_45ACP,InventoryCargo[7],Body
/mnt/c/Program Files (x86)/Steam/steamapps/common/DayZServerDITrader/config/ExpansionMod/Loadouts/UnarmedLoadout.json,HikingJacket_Red,Items[22],Body
/mnt/c/Program Files (x86)/Steam/steamapps/common/DayZServerDITrader/config/ExpansionMod/Loadouts/UnarmedLoadout.json,Ammo_12gaPellets,InventoryCargo[0],Body
/mnt/c/Program Files (x86)/Steam/steamapps/common/DayZServerDITrader/config/ExpansionMod/Loadouts/UnarmedLoadout.json,Ammo_12gaSlug,InventoryCargo[1],Body
/mnt/c/Program Files (x86)/Steam/steamapps/common/DayZServerDITrader/config/ExpansionMod/Loadouts/UnarmedLoadout.json,Ammo_308Win,InventoryCargo[2],Body
/mnt/c/Program Files (x86)/Steam/steamapps/common/DayZServerDITrader/config/ExpansionMod/Loadouts/UnarmedLoadout.json,Ammo_545x39,InventoryCargo[3],Body
/mnt/c/Program Files (x86)/Steam/steamapps/common/DayZServerDITrader/config/ExpansionMod/Loadouts/UnarmedLoadout.json,Ammo_762x39,InventoryCargo[4],Body
/mnt/c/Program Files (x86)/Steam/steamapps/common/DayZServerDITrader/config/ExpansionMod/Loadouts/UnarmedLoadout.json,Ammo_762x54,InventoryCargo[5],Body
/mnt/c/Program Files (x86)/Steam/steamapps/common/DayZServerDITrader/config/ExpansionMod/Loadouts/UnarmedLoadout.json,Ammo_9x19,InventoryCargo[6],Body
/mnt/c/Program Files (x86)/Steam/steamapps/common/DayZServerDITrader/config/ExpansionMod/Loadouts/UnarmedLoadout.json,Ammo_45ACP,InventoryCargo[7],Body
/mnt/c/Program Files (x86)/Steam/steamapps/common/DayZServerDITrader/config/ExpansionMod/Loadouts/UnarmedLoadout.json,QuiltedJacket_Black,Items[23],Body
/mnt/c/Program Files (x86)/Steam/steamapps/common/DayZServerDITrader/config/ExpansionMod/Loadouts/UnarmedLoadout.json,Ammo_12gaPellets,InventoryCargo[0],Body
/mnt/c/Program Files (x86)/Steam/steamapps/common/DayZServerDITrader/config/ExpansionMod/Loadouts/UnarmedLoadout.json,Ammo_12gaSlug,InventoryCargo[1],Body
/mnt/c/Program Files (x86)/Steam/steamapps/common/DayZServerDITrader/config/ExpansionMod/Loadouts/UnarmedLoadout.json,Ammo_308Win,InventoryCargo[2],Body
/mnt/c/Program Files (x86)/Steam/steamapps/common/DayZServerDITrader/config/ExpansionMod/Loadouts/UnarmedLoadout.json,Ammo_545x39,InventoryCargo[3],Body
/mnt/c/Program Files (x86)/Steam/steamapps/common/DayZServerDITrader/config/ExpansionMod/Loadouts/UnarmedLoadout.json,Ammo_762x39,InventoryCargo[4],Body
/mnt/c/Program Files (x86)/Steam/steamapps/common/DayZServerDITrader/config/ExpansionMod/Loadouts/UnarmedLoadout.json,Ammo_762x54,InventoryCargo[5],Body
/mnt/c/Program Files (x86)/Steam/steamapps/common/DayZServerDITrader/config/ExpansionMod/Loadouts/UnarmedLoadout.json,Ammo_9x19,InventoryCargo[6],Body
/mnt/c/Program Files (x86)/Steam/steamapps/common/DayZServerDITrader/config/ExpansionMod/Loadouts/UnarmedLoadout.json,Ammo_45ACP,InventoryCargo[7],Body
/mnt/c/Program Files (x86)/Steam/steamapps/common/DayZServerDITrader/config/ExpansionMod/Loadouts/UnarmedLoadout.json,QuiltedJacket_Blue,Items[24],Body
/mnt/c/Program Files (x86)/Steam/steamapps/common/DayZServerDITrader/config/ExpansionMod/Loadouts/UnarmedLoadout.json,Ammo_12gaPellets,InventoryCargo[0],Body
/mnt/c/Program Files (x86)/Steam/steamapps/common/DayZServerDITrader/config/ExpansionMod/Loadouts/UnarmedLoadout.json,Ammo_12gaSlug,InventoryCargo[1],Body
/mnt/c/Program Files (x86)/Steam/steamapps/common/DayZServerDITrader/config/ExpansionMod/Loadouts/UnarmedLoadout.json,Ammo_308Win,InventoryCargo[2],Body
/mnt/c/Program Files (x86)/Steam/steamapps/common/DayZServerDITrader/config/ExpansionMod/Loadouts/UnarmedLoadout.json,Ammo_545x39,InventoryCargo[3],Body
/mnt/c/Program Files (x86)/Steam/steamapps/common/DayZServerDITrader/config/ExpansionMod/Loadouts/UnarmedLoadout.json,Ammo_762x39,InventoryCargo[4],Body
/mnt/c/Program Files (x86)/Steam/steamapps/common/DayZServerDITrader/config/ExpansionMod/Loadouts/UnarmedLoadout.json,Ammo_762x54,InventoryCargo[5],Body
/mnt/c/Program Files (x86)/Steam/steamapps/common/DayZServerDITrader/config/ExpansionMod/Loadouts/UnarmedLoadout.json,Ammo_9x19,InventoryCargo[6],Body
/mnt/c/Program Files (x86)/Steam/steamapps/common/DayZServerDITrader/config/ExpansionMod/Loadouts/UnarmedLoadout.json,Ammo_45ACP,InventoryCargo[7],Body
/mnt/c/Program Files (x86)/Steam/steamapps/common/DayZServerDITrader/config/ExpansionMod/Loadouts/UnarmedLoadout.json,QuiltedJacket_Green,Items[25],Body
/mnt/c/Program Files (x86)/Steam/steamapps/common/DayZServerDITrader/config/ExpansionMod/Loadouts/UnarmedLoadout.json,Ammo_12gaPellets,InventoryCargo[0],Body
/mnt/c/Program Files (x86)/Steam/steamapps/common/DayZServerDITrader/config/ExpansionMod/Loadouts/UnarmedLoadout.json,Ammo_12gaSlug,InventoryCargo[1],Body
/mnt/c/Program Files (x86)/Steam/steamapps/common/DayZServerDITrader/config/ExpansionMod/Loadouts/UnarmedLoadout.json,Ammo_308Win,InventoryCargo[2],Body
/mnt/c/Program Files (x86)/Steam/steamapps/common/DayZServerDITrader/config/ExpansionMod/Loadouts/UnarmedLoadout.json,Ammo_545x39,InventoryCargo[3],Body
/mnt/c/Program Files (x86)/Steam/steamapps/common/DayZServerDITrader/config/ExpansionMod/Loadouts/UnarmedLoadout.json,Ammo_762x39,InventoryCargo[4],Body
/mnt/c/Program Files (x86)/Steam/steamapps/common/DayZServerDITrader/config/ExpansionMod/Loadouts/UnarmedLoadout.json,Ammo_762x54,InventoryCargo[5],Body
/mnt/c/Program Files (x86)/Steam/steamapps/common/DayZServerDITrader/config/ExpansionMod/Loadouts/UnarmedLoadout.json,Ammo_9x19,InventoryCargo[6],Body
/mnt/c/Program Files (x86)/Steam/steamapps/common/DayZServerDITrader/config/ExpansionMod/Loadouts/UnarmedLoadout.json,Ammo_45ACP,InventoryCargo[7],Body
/mnt/c/Program Files (x86)/Steam/steamapps/common/DayZServerDITrader/config/ExpansionMod/Loadouts/UnarmedLoadout.json,QuiltedJacket_Grey,Items[26],Body
/mnt/c/Program Files (x86)/Steam/steamapps/common/DayZServerDITrader/config/ExpansionMod/Loadouts/UnarmedLoadout.json,Ammo_12gaPellets,InventoryCargo[0],Body
/mnt/c/Program Files (x86)/Steam/steamapps/common/DayZServerDITrader/config/ExpansionMod/Loadouts/UnarmedLoadout.json,Ammo_12gaSlug,InventoryCargo[1],Body
/mnt/c/Program Files (x86)/Steam/steamapps/common/DayZServerDITrader/config/ExpansionMod/Loadouts/UnarmedLoadout.json,Ammo_308Win,InventoryCargo[2],Body
/mnt/c/Program Files (x86)/Steam/steamapps/common/DayZServerDITrader/config/ExpansionMod/Loadouts/UnarmedLoadout.json,Ammo_545x39,InventoryCargo[3],Body
/mnt/c/Program Files (x86)/Steam/steamapps/common/DayZServerDITrader/config/ExpansionMod/Loadouts/UnarmedLoadout.json,Ammo_762x39,InventoryCargo[4],Body
/mnt/c/Program Files (x86)/Steam/steamapps/common/DayZServerDITrader/config/ExpansionMod/Loadouts/UnarmedLoadout.json,Ammo_762x54,InventoryCargo[5],Body
/mnt/c/Program Files (x86)/Steam/steamapps/common/DayZServerDITrader/config/ExpansionMod/Loadouts/UnarmedLoadout.json,Ammo_9x19,InventoryCargo[6],Body
/mnt/c/Program Files (x86)/Steam/steamapps/common/DayZServerDITrader/config/ExpansionMod/Loadouts/UnarmedLoadout.json,Ammo_45ACP,InventoryCargo[7],Body
/mnt/c/Program Files (x86)/Steam/steamapps/common/DayZServerDITrader/config/ExpansionMod/Loadouts/UnarmedLoadout.json,QuiltedJacket_Orange,Items[27],Body
/mnt/c/Program Files (x86)/Steam/steamapps/common/DayZServerDITrader/config/ExpansionMod/Loadouts/UnarmedLoadout.json,Ammo_12gaPellets,InventoryCargo[0],Body
/mnt/c/Program Files (x86)/Steam/steamapps/common/DayZServerDITrader/config/ExpansionMod/Loadouts/UnarmedLoadout.json,Ammo_12gaSlug,InventoryCargo[1],Body
/mnt/c/Program Files (x86)/Steam/steamapps/common/DayZServerDITrader/config/ExpansionMod/Loadouts/UnarmedLoadout.json,Ammo_308Win,InventoryCargo[2],Body
/mnt/c/Program Files (x86)/Steam/steamapps/common/DayZServerDITrader/config/ExpansionMod/Loadouts/UnarmedLoadout.json,Ammo_545x39,InventoryCargo[3],Body
/mnt/c/Program Files (x86)/Steam/steamapps/common/DayZServerDITrader/config/ExpansionMod/Loadouts/UnarmedLoadout.json,Ammo_762x39,InventoryCargo[4],Body
/mnt/c/Program Files (x86)/Steam/steamapps/common/DayZServerDITrader/config/ExpansionMod/Loadouts/UnarmedLoadout.json,Ammo_762x54,InventoryCargo[5],Body
/mnt/c/Program Files (x86)/Steam/steamapps/common/DayZServerDITrader/config/ExpansionMod/Loadouts/UnarmedLoadout.json,Ammo_9x19,InventoryCargo[6],Body
/mnt/c/Program Files (x86)/Steam/steamapps/common/DayZServerDITrader/config/ExpansionMod/Loadouts/UnarmedLoadout.json,Ammo_45ACP,InventoryCargo[7],Body
/mnt/c/Program Files (x86)/Steam/steamapps/common/DayZServerDITrader/config/ExpansionMod/Loadouts/UnarmedLoadout.json,QuiltedJacket_Red,Items[28],Body
/mnt/c/Program Files (x86)/Steam/steamapps/common/DayZServerDITrader/config/ExpansionMod/Loadouts/UnarmedLoadout.json,Ammo_12gaPellets,InventoryCargo[0],Body
/mnt/c/Program Files (x86)/Steam/steamapps/common/DayZServerDITrader/config/ExpansionMod/Loadouts/UnarmedLoadout.json,Ammo_12gaSlug,InventoryCargo[1],Body
/mnt/c/Program Files (x86)/Steam/steamapps/common/DayZServerDITrader/config/ExpansionMod/Loadouts/UnarmedLoadout.json,Ammo_308Win,InventoryCargo[2],Body
/mnt/c/Program Files (x86)/Steam/steamapps/common/DayZServerDITrader/config/ExpansionMod/Loadouts/UnarmedLoadout.json,Ammo_545x39,InventoryCargo[3],Body
/mnt/c/Program Files (x86)/Steam/steamapps/common/DayZServerDITrader/config/ExpansionMod/Loadouts/UnarmedLoadout.json,Ammo_762x39,InventoryCargo[4],Body
/mnt/c/Program Files (x86)/Steam/steamapps/common/DayZServerDITrader/config/ExpansionMod/Loadouts/UnarmedLoadout.json,Ammo_762x54,InventoryCargo[5],Body
/mnt/c/Program Files (x86)/Steam/steamapps/common/DayZServerDITrader/config/ExpansionMod/Loadouts/UnarmedLoadout.json,Ammo_9x19,InventoryCargo[6],Body
/mnt/c/Program Files (x86)/Steam/steamapps/common/DayZServerDITrader/config/ExpansionMod/Loadouts/UnarmedLoadout.json,Ammo_45ACP,InventoryCargo[7],Body
/mnt/c/Program Files (x86)/Steam/steamapps/common/DayZServerDITrader/config/ExpansionMod/Loadouts/UnarmedLoadout.json,QuiltedJacket_Violet,Items[29],Body
/mnt/c/Program Files (x86)/Steam/steamapps/common/DayZServerDITrader/config/ExpansionMod/Loadouts/UnarmedLoadout.json,Ammo_12gaPellets,InventoryCargo[0],Body
/mnt/c/Program Files (x86)/Steam/steamapps/common/DayZServerDITrader/config/ExpansionMod/Loadouts/UnarmedLoadout.json,Ammo_12gaSlug,InventoryCargo[1],Body
/mnt/c/Program Files (x86)/Steam/steamapps/common/DayZServerDITrader/config/ExpansionMod/Loadouts/UnarmedLoadout.json,Ammo_308Win,InventoryCargo[2],Body
/mnt/c/Program Files (x86)/Steam/steamapps/common/DayZServerDITrader/config/ExpansionMod/Loadouts/UnarmedLoadout.json,Ammo_545x39,InventoryCargo[3],Body
/mnt/c/Program Files (x86)/Steam/steamapps/common/DayZServerDITrader/config/ExpansionMod/Loadouts/UnarmedLoadout.json,Ammo_762x39,InventoryCargo[4],Body
/mnt/c/Program Files (x86)/Steam/steamapps/common/DayZServerDITrader/config/ExpansionMod/Loadouts/UnarmedLoadout.json,Ammo_762x54,InventoryCargo[5],Body
/mnt/c/Program Files (x86)/Steam/steamapps/common/DayZServerDITrader/config/ExpansionMod/Loadouts/UnarmedLoadout.json,Ammo_9x19,InventoryCargo[6],Body
/mnt/c/Program Files (x86)/Steam/steamapps/common/DayZServerDITrader/config/ExpansionMod/Loadouts/UnarmedLoadout.json,Ammo_45ACP,InventoryCargo[7],Body
/mnt/c/Program Files (x86)/Steam/steamapps/common/DayZServerDITrader/config/ExpansionMod/Loadouts/UnarmedLoadout.json,QuiltedJacket_Yellow,Items[30],Body
/mnt/c/Program Files (x86)/Steam/steamapps/common/DayZServerDITrader/config/ExpansionMod/Loadouts/UnarmedLoadout.json,Ammo_12gaPellets,InventoryCargo[0],Body
/mnt/c/Program Files (x86)/Steam/steamapps/common/DayZServerDITrader/config/ExpansionMod/Loadouts/UnarmedLoadout.json,Ammo_12gaSlug,InventoryCargo[1],Body
/mnt/c/Program Files (x86)/Steam/steamapps/common/DayZServerDITrader/config/ExpansionMod/Loadouts/UnarmedLoadout.json,Ammo_308Win,InventoryCargo[2],Body
/mnt/c/Program Files (x86)/Steam/steamapps/common/DayZServerDITrader/config/ExpansionMod/Loadouts/UnarmedLoadout.json,Ammo_545x39,InventoryCargo[3],Body
/mnt/c/Program Files (x86)/Steam/steamapps/common/DayZServerDITrader/config/ExpansionMod/Loadouts/UnarmedLoadout.json,Ammo_762x39,InventoryCargo[4],Body
/mnt/c/Program Files (x86)/Steam/steamapps/common/DayZServerDITrader/config/ExpansionMod/Loadouts/UnarmedLoadout.json,Ammo_762x54,InventoryCargo[5],Body
/mnt/c/Program Files (x86)/Steam/steamapps/common/DayZServerDITrader/config/ExpansionMod/Loadouts/UnarmedLoadout.json,Ammo_9x19,InventoryCargo[6],Body
/mnt/c/Program Files (x86)/Steam/steamapps/common/DayZServerDITrader/config/ExpansionMod/Loadouts/UnarmedLoadout.json,Ammo_45ACP,InventoryCargo[7],Body
/mnt/c/Program Files (x86)/Steam/steamapps/common/DayZServerDITrader/config/ExpansionMod/Loadouts/UnarmedLoadout.json,Shirt_BlueCheck,Items[31],Body
/mnt/c/Program Files (x86)/Steam/steamapps/common/DayZServerDITrader/config/ExpansionMod/Loadouts/UnarmedLoadout.json,Ammo_12gaPellets,InventoryCargo[0],Body
/mnt/c/Program Files (x86)/Steam/steamapps/common/DayZServerDITrader/config/ExpansionMod/Loadouts/UnarmedLoadout.json,Ammo_12gaSlug,InventoryCargo[1],Body
/mnt/c/Program Files (x86)/Steam/steamapps/common/DayZServerDITrader/config/ExpansionMod/Loadouts/UnarmedLoadout.json,Ammo_308Win,InventoryCargo[2],Body
/mnt/c/Program Files (x86)/Steam/steamapps/common/DayZServerDITrader/config/ExpansionMod/Loadouts/UnarmedLoadout.json,Ammo_545x39,InventoryCargo[3],Body
/mnt/c/Program Files (x86)/Steam/steamapps/common/DayZServerDITrader/config/ExpansionMod/Loadouts/UnarmedLoadout.json,Ammo_762x39,InventoryCargo[4],Body
/mnt/c/Program Files (x86)/Steam/steamapps/common/DayZServerDITrader/config/ExpansionMod/Loadouts/UnarmedLoadout.json,Ammo_762x54,InventoryCargo[5],Body
/mnt/c/Program Files (x86)/Steam/steamapps/common/DayZServerDITrader/config/ExpansionMod/Loadouts/UnarmedLoadout.json,Ammo_9x19,InventoryCargo[6],Body
/mnt/c/Program Files (x86)/Steam/steamapps/common/DayZServerDITrader/config/ExpansionMod/Loadouts/UnarmedLoadout.json,Ammo_45ACP,InventoryCargo[7],Body
/mnt/c/Program Files (x86)/Steam/steamapps/common/DayZServerDITrader/config/ExpansionMod/Loadouts/UnarmedLoadout.json,Shirt_BlueCheckBright,Items[32],Body
/mnt/c/Program Files (x86)/Steam/steamapps/common/DayZServerDITrader/config/ExpansionMod/Loadouts/UnarmedLoadout.json,Ammo_12gaPellets,InventoryCargo[0],Body
/mnt/c/Program Files (x86)/Steam/steamapps/common/DayZServerDITrader/config/ExpansionMod/Loadouts/UnarmedLoadout.json,Ammo_12gaSlug,InventoryCargo[1],Body
/mnt/c/Program Files (x86)/Steam/steamapps/common/DayZServerDITrader/config/ExpansionMod/Loadouts/UnarmedLoadout.json,Ammo_308Win,InventoryCargo[2],Body
/mnt/c/Program Files (x86)/Steam/steamapps/common/DayZServerDITrader/config/ExpansionMod/Loadouts/UnarmedLoadout.json,Ammo_545x39,InventoryCargo[3],Body
/mnt/c/Program Files (x86)/Steam/steamapps/common/DayZServerDITrader/config/ExpansionMod/Loadouts/UnarmedLoadout.json,Ammo_762x39,InventoryCargo[4],Body
/mnt/c/Program Files (x86)/Steam/steamapps/common/DayZServerDITrader/config/ExpansionMod/Loadouts/UnarmedLoadout.json,Ammo_762x54,InventoryCargo[5],Body
/mnt/c/Program Files (x86)/Steam/steamapps/common/DayZServerDITrader/config/ExpansionMod/Loadouts/UnarmedLoadout.json,Ammo_9x19,InventoryCargo[6],Body
/mnt/c/Program Files (x86)/Steam/steamapps/common/DayZServerDITrader/config/ExpansionMod/Loadouts/UnarmedLoadout.json,Ammo_45ACP,InventoryCargo[7],Body
/mnt/c/Program Files (x86)/Steam/steamapps/common/DayZServerDITrader/config/ExpansionMod/Loadouts/UnarmedLoadout.json,Shirt_GreenCheck,Items[33],Body
/mnt/c/Program Files (x86)/Steam/steamapps/common/DayZServerDITrader/config/ExpansionMod/Loadouts/UnarmedLoadout.json,Ammo_12gaPellets,InventoryCargo[0],Body
/mnt/c/Program Files (x86)/Steam/steamapps/common/DayZServerDITrader/config/ExpansionMod/Loadouts/UnarmedLoadout.json,Ammo_12gaSlug,InventoryCargo[1],Body
/mnt/c/Program Files (x86)/Steam/steamapps/common/DayZServerDITrader/config/ExpansionMod/Loadouts/UnarmedLoadout.json,Ammo_308Win,InventoryCargo[2],Body
/mnt/c/Program Files (x86)/Steam/steamapps/common/DayZServerDITrader/config/ExpansionMod/Loadouts/UnarmedLoadout.json,Ammo_545x39,InventoryCargo[3],Body
/mnt/c/Program Files (x86)/Steam/steamapps/common/DayZServerDITrader/config/ExpansionMod/Loadouts/UnarmedLoadout.json,Ammo_762x39,InventoryCargo[4],Body
/mnt/c/Program Files (x86)/Steam/steamapps/common/DayZServerDITrader/config/ExpansionMod/Loadouts/UnarmedLoadout.json,Ammo_762x54,InventoryCargo[5],Body
/mnt/c/Program Files (x86)/Steam/steamapps/common/DayZServerDITrader/config/ExpansionMod/Loadouts/UnarmedLoadout.json,Ammo_9x19,InventoryCargo[6],Body
/mnt/c/Program Files (x86)/Steam/steamapps/common/DayZServerDITrader/config/ExpansionMod/Loadouts/UnarmedLoadout.json,Ammo_45ACP,InventoryCargo[7],Body
/mnt/c/Program Files (x86)/Steam/steamapps/common/DayZServerDITrader/config/ExpansionMod/Loadouts/UnarmedLoadout.json,Shirt_PlaneBlack,Items[34],Body
/mnt/c/Program Files (x86)/Steam/steamapps/common/DayZServerDITrader/config/ExpansionMod/Loadouts/UnarmedLoadout.json,Ammo_12gaPellets,InventoryCargo[0],Body
/mnt/c/Program Files (x86)/Steam/steamapps/common/DayZServerDITrader/config/ExpansionMod/Loadouts/UnarmedLoadout.json,Ammo_12gaSlug,InventoryCargo[1],Body
/mnt/c/Program Files (x86)/Steam/steamapps/common/DayZServerDITrader/config/ExpansionMod/Loadouts/UnarmedLoadout.json,Ammo_308Win,InventoryCargo[2],Body
/mnt/c/Program Files (x86)/Steam/steamapps/common/DayZServerDITrader/config/ExpansionMod/Loadouts/UnarmedLoadout.json,Ammo_545x39,InventoryCargo[3],Body
/mnt/c/Program Files (x86)/Steam/steamapps/common/DayZServerDITrader/config/ExpansionMod/Loadouts/UnarmedLoadout.json,Ammo_762x39,InventoryCargo[4],Body
/mnt/c/Program Files (x86)/Steam/steamapps/common/DayZServerDITrader/config/ExpansionMod/Loadouts/UnarmedLoadout.json,Ammo_762x54,InventoryCargo[5],Body
/mnt/c/Program Files (x86)/Steam/steamapps/common/DayZServerDITrader/config/ExpansionMod/Loadouts/UnarmedLoadout.json,Ammo_9x19,InventoryCargo[6],Body
/mnt/c/Program Files (x86)/Steam/steamapps/common/DayZServerDITrader/config/ExpansionMod/Loadouts/UnarmedLoadout.json,Ammo_45ACP,InventoryCargo[7],Body
/mnt/c/Program Files (x86)/Steam/steamapps/common/DayZServerDITrader/config/ExpansionMod/Loadouts/UnarmedLoadout.json,Shirt_RedCheck,Items[35],Body
/mnt/c/Program Files (x86)/Steam/steamapps/common/DayZServerDITrader/config/ExpansionMod/Loadouts/UnarmedLoadout.json,Ammo_12gaPellets,InventoryCargo[0],Body
/mnt/c/Program Files (x86)/Steam/steamapps/common/DayZServerDITrader/config/ExpansionMod/Loadouts/UnarmedLoadout.json,Ammo_12gaSlug,InventoryCargo[1],Body
/mnt/c/Program Files (x86)/Steam/steamapps/common/DayZServerDITrader/config/ExpansionMod/Loadouts/UnarmedLoadout.json,Ammo_308Win,InventoryCargo[2],Body
/mnt/c/Program Files (x86)/Steam/steamapps/common/DayZServerDITrader/config/ExpansionMod/Loadouts/UnarmedLoadout.json,Ammo_545x39,InventoryCargo[3],Body
/mnt/c/Program Files (x86)/Steam/steamapps/common/DayZServerDITrader/config/ExpansionMod/Loadouts/UnarmedLoadout.json,Ammo_762x39,InventoryCargo[4],Body
/mnt/c/Program Files (x86)/Steam/steamapps/common/DayZServerDITrader/config/ExpansionMod/Loadouts/UnarmedLoadout.json,Ammo_762x54,InventoryCargo[5],Body
/mnt/c/Program Files (x86)/Steam/steamapps/common/DayZServerDITrader/config/ExpansionMod/Loadouts/UnarmedLoadout.json,Ammo_9x19,InventoryCargo[6],Body
/mnt/c/Program Files (x86)/Steam/steamapps/common/DayZServerDITrader/config/ExpansionMod/Loadouts/UnarmedLoadout.json,Ammo_45ACP,InventoryCargo[7],Body
/mnt/c/Program Files (x86)/Steam/steamapps/common/DayZServerDITrader/config/ExpansionMod/Loadouts/UnarmedLoadout.json,Shirt_WhiteCheck,Items[36],Body
/mnt/c/Program Files (x86)/Steam/steamapps/common/DayZServerDITrader/config/ExpansionMod/Loadouts/UnarmedLoadout.json,Ammo_12gaPellets,InventoryCargo[0],Body
/mnt/c/Program Files (x86)/Steam/steamapps/common/DayZServerDITrader/config/ExpansionMod/Loadouts/UnarmedLoadout.json,Ammo_12gaSlug,InventoryCargo[1],Body
/mnt/c/Program Files (x86)/Steam/steamapps/common/DayZServerDITrader/config/ExpansionMod/Loadouts/UnarmedLoadout.json,Ammo_308Win,InventoryCargo[2],Body
/mnt/c/Program Files (x86)/Steam/steamapps/common/DayZServerDITrader/config/ExpansionMod/Loadouts/UnarmedLoadout.json,Ammo_545x39,InventoryCargo[3],Body
/mnt/c/Program Files (x86)/Steam/steamapps/common/DayZServerDITrader/config/ExpansionMod/Loadouts/UnarmedLoadout.json,Ammo_762x39,InventoryCargo[4],Body
/mnt/c/Program Files (x86)/Steam/steamapps/common/DayZServerDITrader/config/ExpansionMod/Loadouts/UnarmedLoadout.json,Ammo_762x54,InventoryCargo[5],Body
/mnt/c/Program Files (x86)/Steam/steamapps/common/DayZServerDITrader/config/ExpansionMod/Loadouts/UnarmedLoadout.json,Ammo_9x19,InventoryCargo[6],Body
/mnt/c/Program Files (x86)/Steam/steamapps/common/DayZServerDITrader/config/ExpansionMod/Loadouts/UnarmedLoadout.json,Ammo_45ACP,InventoryCargo[7],Body
/mnt/c/Program Files (x86)/Steam/steamapps/common/DayZServerDITrader/config/ExpansionMod/Loadouts/UnarmedLoadout.json,GorkaPants_Autumn,Items[0],Legs
/mnt/c/Program Files (x86)/Steam/steamapps/common/DayZServerDITrader/config/ExpansionMod/Loadouts/UnarmedLoadout.json,GorkaPants_Flat,Items[1],Legs
/mnt/c/Program Files (x86)/Steam/steamapps/common/DayZServerDITrader/config/ExpansionMod/Loadouts/UnarmedLoadout.json,GorkaPants_PautRev,Items[2],Legs
/mnt/c/Program Files (x86)/Steam/steamapps/common/DayZServerDITrader/config/ExpansionMod/Loadouts/UnarmedLoadout.json,GorkaPants_Summer,Items[3],Legs
/mnt/c/Program Files (x86)/Steam/steamapps/common/DayZServerDITrader/config/ExpansionMod/Loadouts/UnarmedLoadout.json,TTSKOPants,Items[4],Legs
/mnt/c/Program Files (x86)/Steam/steamapps/common/DayZServerDITrader/config/ExpansionMod/Loadouts/UnarmedLoadout.json,Jeans_Black,Items[5],Legs
/mnt/c/Program Files (x86)/Steam/steamapps/common/DayZServerDITrader/config/ExpansionMod/Loadouts/UnarmedLoadout.json,Jeans_Blue,Items[6],Legs
/mnt/c/Program Files (x86)/Steam/steamapps/common/DayZServerDITrader/config/ExpansionMod/Loadouts/UnarmedLoadout.json,Jeans_BlueDark,Items[7],Legs
/mnt/c/Program Files (x86)/Steam/steamapps/common/DayZServerDITrader/config/ExpansionMod/Loadouts/UnarmedLoadout.json,Jeans_Brown,Items[8],Legs
/mnt/c/Program Files (x86)/Steam/steamapps/common/DayZServerDITrader/config/ExpansionMod/Loadouts/UnarmedLoadout.json,Jeans_Green,Items[9],Legs
/mnt/c/Program Files (x86)/Steam/steamapps/common/DayZServerDITrader/config/ExpansionMod/Loadouts/UnarmedLoadout.json,Jeans_Grey,Items[10],Legs
/mnt/c/Program Files (x86)/Steam/steamapps/common/DayZServerDITrader/config/ExpansionMod/Loadouts/UnarmedLoadout.json,TrackSuitPants_Black,Items[11],Legs
/mnt/c/Program Files (x86)/Steam/steamapps/common/DayZServerDITrader/config/ExpansionMod/Loadouts/UnarmedLoadout.json,TrackSuitPants_Blue,Items[12],Legs
/mnt/c/Program Files (x86)/Steam/steamapps/common/DayZServerDITrader/config/ExpansionMod/Loadouts/UnarmedLoadout.json,TrackSuitPants_Green,Items[13],Legs
/mnt/c/Program Files (x86)/Steam/steamapps/common/DayZServerDITrader/config/ExpansionMod/Loadouts/UnarmedLoadout.json,TrackSuitPants_LightBlue,Items[14],Legs
/mnt/c/Program Files (x86)/Steam/steamapps/common/DayZServerDITrader/config/ExpansionMod/Loadouts/UnarmedLoadout.json,TrackSuitPants_Red,Items[15],Legs
/mnt/c/Program Files (x86)/Steam/steamapps/common/DayZServerDITrader/config/ExpansionMod/Loadouts/UnarmedLoadout.json,CargoPants_Beige,Items[16],Legs
/mnt/c/Program Files (x86)/Steam/steamapps/common/DayZServerDITrader/config/ExpansionMod/Loadouts/UnarmedLoadout.json,CargoPants_Black,Items[17],Legs
/mnt/c/Program Files (x86)/Steam/steamapps/common/DayZServerDITrader/config/ExpansionMod/Loadouts/UnarmedLoadout.json,CargoPants_Blue,Items[18],Legs
/mnt/c/Program Files (x86)/Steam/steamapps/common/DayZServerDITrader/config/ExpansionMod/Loadouts/UnarmedLoadout.json,CargoPants_Green,Items[19],Legs
/mnt/c/Program Files (x86)/Steam/steamapps/common/DayZServerDITrader/config/ExpansionMod/Loadouts/UnarmedLoadout.json,CargoPants_Grey,Items[20],Legs
/mnt/c/Program Files (x86)/Steam/steamapps/common/DayZServerDITrader/config/ExpansionMod/Loadouts/UnarmedLoadout.json,CombatBoots_Beige,Items[0],Feet
/mnt/c/Program Files (x86)/Steam/steamapps/common/DayZServerDITrader/config/ExpansionMod/Loadouts/UnarmedLoadout.json,CombatBoots_Black,Items[1],Feet
/mnt/c/Program Files (x86)/Steam/steamapps/common/DayZServerDITrader/config/ExpansionMod/Loadouts/UnarmedLoadout.json,CombatBoots_Brown,Items[2],Feet
/mnt/c/Program Files (x86)/Steam/steamapps/common/DayZServerDITrader/config/ExpansionMod/Loadouts/UnarmedLoadout.json,CombatBoots_Green,Items[3],Feet
/mnt/c/Program Files (x86)/Steam/steamapps/common/DayZServerDITrader/config/ExpansionMod/Loadouts/UnarmedLoadout.json,CombatBoots_Grey,Items[4],Feet
/mnt/c/Program Files (x86)/Steam/steamapps/common/DayZServerDITrader/config/ExpansionMod/Loadouts/UnarmedLoadout.json,TTSKOBoots,Items[5],Feet
/mnt/c/Program Files (x86)/Steam/steamapps/common/DayZServerDITrader/config/ExpansionMod/Loadouts/UnarmedLoadout.json,WorkingBoots_Beige,Items[6],Feet
/mnt/c/Program Files (x86)/Steam/steamapps/common/DayZServerDITrader/config/ExpansionMod/Loadouts/UnarmedLoadout.json,WorkingBoots_Grey,Items[7],Feet
/mnt/c/Program Files (x86)/Steam/steamapps/common/DayZServerDITrader/config/ExpansionMod/Loadouts/UnarmedLoadout.json,WorkingBoots_Yellow,Items[8],Feet
/mnt/c/Program Files (x86)/Steam/steamapps/common/DayZServerDITrader/config/ExpansionMod/Loadouts/UnarmedLoadout.json,WorkingGloves_Beige,Items[0],Gloves
/mnt/c/Program Files (x86)/Steam/steamapps/common/DayZServerDITrader/config/ExpansionMod/Loadouts/UnarmedLoadout.json,WorkingGloves_Black,Items[1],Gloves
/mnt/c/Program Files (x86)/Steam/steamapps/common/DayZServerDITrader/config/ExpansionMod/Loadouts/UnarmedLoadout.json,WorkingGloves_Brown,Items[2],Gloves
/mnt/c/Program Files (x86)/Steam/steamapps/common/DayZServerDITrader/config/ExpansionMod/Loadouts/UnarmedLoadout.json,WorkingGloves_Yellow,Items[3],Gloves
/mnt/c/Program Files (x86)/Steam/steamapps/common/DayZServerDITrader/config/ExpansionMod/Loadouts/UnarmedLoadout.json,OMNOGloves_Brown,Items[4],Gloves
/mnt/c/Program Files (x86)/Steam/steamapps/common/DayZServerDITrader/config/ExpansionMod/Loadouts/UnarmedLoadout.json,OMNOGloves_Gray,Items[5],Gloves
/mnt/c/Program Files (x86)/Steam/steamapps/common/DayZServerDITrader/config/ExpansionMod/Loadouts/UnarmedLoadout.json,,Items[6],Gloves
/mnt/c/Program Files (x86)/Steam/steamapps/common/DayZServerDITrader/config/ExpansionMod/Loadouts/UnarmedLoadout.json,Balaclava3Holes_Black,Items[0],MASK
/mnt/c/Program Files (x86)/Steam/steamapps/common/DayZServerDITrader/config/ExpansionMod/Loadouts/UnarmedLoadout.json,Balaclava3Holes_Beige,Items[1],MASK
/mnt/c/Program Files (x86)/Steam/steamapps/common/DayZServerDITrader/config/ExpansionMod/Loadouts/UnarmedLoadout.json,Balaclava3Holes_Blue,Items[2],MASK
/mnt/c/Program Files (x86)/Steam/steamapps/common/DayZServerDITrader/config/ExpansionMod/Loadouts/UnarmedLoadout.json,Balaclava3Holes_Green,Items[3],MASK
/mnt/c/Program Files (x86)/Steam/steamapps/common/DayZServerDITrader/config/ExpansionMod/Loadouts/UnarmedLoadout.json,BalaclavaMask_Beige,Items[4],MASK
/mnt/c/Program Files (x86)/Steam/steamapps/common/DayZServerDITrader/config/ExpansionMod/Loadouts/UnarmedLoadout.json,BalaclavaMask_Black,Items[5],MASK
/mnt/c/Program Files (x86)/Steam/steamapps/common/DayZServerDITrader/config/ExpansionMod/Loadouts/UnarmedLoadout.json,BalaclavaMask_Blackskull,Items[6],MASK
/mnt/c/Program Files (x86)/Steam/steamapps/common/DayZServerDITrader/config/ExpansionMod/Loadouts/UnarmedLoadout.json,BalaclavaMask_Blue,Items[7],MASK
/mnt/c/Program Files (x86)/Steam/steamapps/common/DayZServerDITrader/config/ExpansionMod/Loadouts/UnarmedLoadout.json,BalaclavaMask_Green,Items[8],MASK
/mnt/c/Program Files (x86)/Steam/steamapps/common/DayZServerDITrader/config/ExpansionMod/Loadouts/UnarmedLoadout.json,BalaclavaMask_Pink,Items[9],MASK
/mnt/c/Program Files (x86)/Steam/steamapps/common/DayZServerDITrader/config/ExpansionMod/Loadouts/UnarmedLoadout.json,BalaclavaMask_White,Items[10],MASK
/mnt/c/Program Files (x86)/Steam/steamapps/common/DayZServerDITrader/config/ExpansionMod/Loadouts/UnarmedLoadout.json,WeldingMask,Items[11],MASK
/mnt/c/Program Files (x86)/Steam/steamapps/common/DayZServerDITrader/config/ExpansionMod/Loadouts/UnarmedLoadout.json,Bandana_Blackpattern,Items[12],MASK
/mnt/c/Program Files (x86)/Steam/steamapps/common/DayZServerDITrader/config/ExpansionMod/Loadouts/UnarmedLoadout.json,Bandana_Camopattern,Items[13],MASK
/mnt/c/Program Files (x86)/Steam/steamapps/common/DayZServerDITrader/config/ExpansionMod/Loadouts/UnarmedLoadout.json,Bandana_Greenpattern,Items[14],MASK
/mnt/c/Program Files (x86)/Steam/steamapps/common/DayZServerDITrader/config/ExpansionMod/Loadouts/UnarmedLoadout.json,Bandana_Polkapattern,Items[15],MASK
/mnt/c/Program Files (x86)/Steam/steamapps/common/DayZServerDITrader/config/ExpansionMod/Loadouts/UnarmedLoadout.json,Bandana_Redpattern,Items[16],MASK
/mnt/c/Program Files (x86)/Steam/steamapps/common/DayZServerDITrader/config/ExpansionMod/Loadouts/UnarmedLoadout.json,PoliceVest,Items[0],Vest
/mnt/c/Program Files (x86)/Steam/steamapps/common/DayZServerDITrader/config/ExpansionMod/Loadouts/UnarmedLoadout.json,UKAssVest_Olive,Items[1],Vest
/mnt/c/Program Files (x86)/Steam/steamapps/common/DayZServerDITrader/config/ExpansionMod/Loadouts/UnarmedLoadout.json,UKAssVest_Camo,Items[2],Vest
/mnt/c/Program Files (x86)/Steam/steamapps/common/DayZServerDITrader/config/ExpansionMod/Loadouts/UnarmedLoadout.json,HighCapacityVest_Olive,Items[3],Vest
/mnt/c/Program Files (x86)/Steam/steamapps/common/DayZServerDITrader/config/ExpansionMod/Loadouts/UnarmedLoadout.json,MilitaryBelt,Items[0],Hips
/mnt/c/Program Files (x86)/Steam/steamapps/common/DayZServerDITrader/config/ExpansionMod/Loadouts/UnarmedLoadout.json,CivilianBelt,Items[1],Hips
/mnt/c/Program Files (x86)/Steam/steamapps/common/DayZServerDITrader/config/ExpansionMod/Loadouts/UnarmedLoadout.json,BaseballBat,Items[0],Melee
/mnt/c/Program Files (x86)/Steam/steamapps/common/DayZServerDITrader/config/ExpansionMod/Loadouts/UnarmedLoadout.json,FirefighterAxe,Items[1],Melee
/mnt/c/Program Files (x86)/Steam/steamapps/common/DayZServerDITrader/config/ExpansionMod/Loadouts/UnarmedLoadout.json,Shovel,Items[2],Melee
/mnt/c/Program Files (x86)/Steam/steamapps/common/DayZServerDITrader/config/ExpansionMod/Loadouts/UnarmedLoadout.json,PipeWrench,Items[3],Melee
/mnt/c/Program Files (x86)/Steam/steamapps/common/DayZServerDITrader/config/ExpansionMod/Loadouts/UnarmedLoadout.json,Pipe,Items[4],Melee
/mnt/c/Program Files (x86)/Steam/steamapps/common/DayZServerDITrader/config/ExpansionMod/Loadouts/UnarmedLoadout.json,Pickaxe,Items[5],Melee
/mnt/c/Program Files (x86)/Steam/steamapps/common/DayZServerDITrader/config/ExpansionMod/Loadouts/UnarmedLoadout.json,Crowbar,Items[6],Melee
/mnt/c/Program Files (x86)/Steam/steamapps/common/DayZServerDITrader/config/ExpansionMod/Loadouts/UnarmedLoadout.json,,Items[7],Melee
/mnt/c/Program Files (x86)/Steam/steamapps/common/DayZServerDITrader/config/ExpansionMod/Loadouts/WestLoadout.json,,,none
/mnt/c/Program Files (x86)/Steam/steamapps/common/DayZServerDITrader/config/ExpansionMod/Loadouts/WestLoadout.json,USMCJacket_Desert,Items[0],Body
/mnt/c/Program Files (x86)/Steam/steamapps/common/DayZServerDITrader/config/ExpansionMod/Loadouts/WestLoadout.json,Ammo_762x54,InventoryCargo[0],Body
/mnt/c/Program Files (x86)/Steam/steamapps/common/DayZServerDITrader/config/ExpansionMod/Loadouts/WestLoadout.json,Ammo_762x39,InventoryCargo[1],Body
/mnt/c/Program Files (x86)/Steam/steamapps/common/DayZServerDITrader/config/ExpansionMod/Loadouts/WestLoadout.json,Ammo_556x45,InventoryCargo[2],Body
/mnt/c/Program Files (x86)/Steam/steamapps/common/DayZServerDITrader/config/ExpansionMod/Loadouts/WestLoadout.json,Ammo_9x19,InventoryCargo[3],Body
/mnt/c/Program Files (x86)/Steam/steamapps/common/DayZServerDITrader/config/ExpansionMod/Loadouts/WestLoadout.json,Ammo_45ACP,InventoryCargo[4],Body
/mnt/c/Program Files (x86)/Steam/steamapps/common/DayZServerDITrader/config/ExpansionMod/Loadouts/WestLoadout.json,Ammo_308Win,InventoryCargo[5],Body
/mnt/c/Program Files (x86)/Steam/steamapps/common/DayZServerDITrader/config/ExpansionMod/Loadouts/WestLoadout.json,Ammo_12gaPellets,InventoryCargo[6],Body
/mnt/c/Program Files (x86)/Steam/steamapps/common/DayZServerDITrader/config/ExpansionMod/Loadouts/WestLoadout.json,Ammo_12gaSlug,InventoryCargo[7],Body
/mnt/c/Program Files (x86)/Steam/steamapps/common/DayZServerDITrader/config/ExpansionMod/Loadouts/WestLoadout.json,Ammo_Expansion_338,InventoryCargo[8],Body
/mnt/c/Program Files (x86)/Steam/steamapps/common/DayZServerDITrader/config/ExpansionMod/Loadouts/WestLoadout.json,whetstone,InventoryCargo[9],Body
/mnt/c/Program Files (x86)/Steam/steamapps/common/DayZServerDITrader/config/ExpansionMod/Loadouts/WestLoadout.json,USMCJacket_Woodland,Items[1],Body
/mnt/c/Program Files (x86)/Steam/steamapps/common/DayZServerDITrader/config/ExpansionMod/Loadouts/WestLoadout.json,Ammo_762x54,InventoryCargo[0],Body
/mnt/c/Program Files (x86)/Steam/steamapps/common/DayZServerDITrader/config/ExpansionMod/Loadouts/WestLoadout.json,Ammo_762x39,InventoryCargo[1],Body
/mnt/c/Program Files (x86)/Steam/steamapps/common/DayZServerDITrader/config/ExpansionMod/Loadouts/WestLoadout.json,Ammo_556x45,InventoryCargo[2],Body
/mnt/c/Program Files (x86)/Steam/steamapps/common/DayZServerDITrader/config/ExpansionMod/Loadouts/WestLoadout.json,Ammo_9x19,InventoryCargo[3],Body
/mnt/c/Program Files (x86)/Steam/steamapps/common/DayZServerDITrader/config/ExpansionMod/Loadouts/WestLoadout.json,Ammo_45ACP,InventoryCargo[4],Body
/mnt/c/Program Files (x86)/Steam/steamapps/common/DayZServerDITrader/config/ExpansionMod/Loadouts/WestLoadout.json,Ammo_308Win,InventoryCargo[5],Body
/mnt/c/Program Files (x86)/Steam/steamapps/common/DayZServerDITrader/config/ExpansionMod/Loadouts/WestLoadout.json,Ammo_12gaPellets,InventoryCargo[6],Body
/mnt/c/Program Files (x86)/Steam/steamapps/common/DayZServerDITrader/config/ExpansionMod/Loadouts/WestLoadout.json,Ammo_12gaSlug,InventoryCargo[7],Body
/mnt/c/Program Files (x86)/Steam/steamapps/common/DayZServerDITrader/config/ExpansionMod/Loadouts/WestLoadout.json,Ammo_Expansion_338,InventoryCargo[8],Body
/mnt/c/Program Files (x86)/Steam/steamapps/common/DayZServerDITrader/config/ExpansionMod/Loadouts/WestLoadout.json,whetstone,InventoryCargo[9],Body
/mnt/c/Program Files (x86)/Steam/steamapps/common/DayZServerDITrader/config/ExpansionMod/Loadouts/WestLoadout.json,USMCPants_Desert,Items[0],Legs
/mnt/c/Program Files (x86)/Steam/steamapps/common/DayZServerDITrader/config/ExpansionMod/Loadouts/WestLoadout.json,USMCPants_Woodland,Items[1],Legs
/mnt/c/Program Files (x86)/Steam/steamapps/common/DayZServerDITrader/config/ExpansionMod/Loadouts/WestLoadout.json,CombatBoots_Beige,Items[0],Feet
/mnt/c/Program Files (x86)/Steam/steamapps/common/DayZServerDITrader/config/ExpansionMod/Loadouts/WestLoadout.json,CombatBoots_Black,Items[1],Feet
/mnt/c/Program Files (x86)/Steam/steamapps/common/DayZServerDITrader/config/ExpansionMod/Loadouts/WestLoadout.json,CombatBoots_Brown,Items[2],Feet
/mnt/c/Program Files (x86)/Steam/steamapps/common/DayZServerDITrader/config/ExpansionMod/Loadouts/WestLoadout.json,CombatBoots_Green,Items[3],Feet
/mnt/c/Program Files (x86)/Steam/steamapps/common/DayZServerDITrader/config/ExpansionMod/Loadouts/WestLoadout.json,CombatBoots_Grey,Items[4],Feet
/mnt/c/Program Files (x86)/Steam/steamapps/common/DayZServerDITrader/config/ExpansionMod/Loadouts/WestLoadout.json,CoyoteBag_Brown,Items[0],Back
/mnt/c/Program Files (x86)/Steam/steamapps/common/DayZServerDITrader/config/ExpansionMod/Loadouts/WestLoadout.json,BandageDressing,InventoryCargo[0],Back
/mnt/c/Program Files (x86)/Steam/steamapps/common/DayZServerDITrader/config/ExpansionMod/Loadouts/WestLoadout.json,BandageDressing,InventoryCargo[1],Back
/mnt/c/Program Files (x86)/Steam/steamapps/common/DayZServerDITrader/config/ExpansionMod/Loadouts/WestLoadout.json,Chemlight_Green,InventoryCargo[2],Back
/mnt/c/Program Files (x86)/Steam/steamapps/common/DayZServerDITrader/config/ExpansionMod/Loadouts/WestLoadout.json,Chemlight_Green,InventoryCargo[3],Back
/mnt/c/Program Files (x86)/Steam/steamapps/common/DayZServerDITrader/config/ExpansionMod/Loadouts/WestLoadout.json,CoyoteBag_Green,Items[1],Back
/mnt/c/Program Files (x86)/Steam/steamapps/common/DayZServerDITrader/config/ExpansionMod/Loadouts/WestLoadout.json,BandageDressing,InventoryCargo[0],Back
/mnt/c/Program Files (x86)/Steam/steamapps/common/DayZServerDITrader/config/ExpansionMod/Loadouts/WestLoadout.json,BandageDressing,InventoryCargo[1],Back
/mnt/c/Program Files (x86)/Steam/steamapps/common/DayZServerDITrader/config/ExpansionMod/Loadouts/WestLoadout.json,Chemlight_Green,InventoryCargo[2],Back
/mnt/c/Program Files (x86)/Steam/steamapps/common/DayZServerDITrader/config/ExpansionMod/Loadouts/WestLoadout.json,Chemlight_Green,InventoryCargo[3],Back
/mnt/c/Program Files (x86)/Steam/steamapps/common/DayZServerDITrader/config/ExpansionMod/Loadouts/WestLoadout.json,,Items[2],Back
/mnt/c/Program Files (x86)/Steam/steamapps/common/DayZServerDITrader/config/ExpansionMod/Loadouts/WestLoadout.json,PlateCarrierVest,Items[0],Vest
/mnt/c/Program Files (x86)/Steam/steamapps/common/DayZServerDITrader/config/ExpansionMod/Loadouts/WestLoadout.json,PlateCarrierPouches,Items[0],
/mnt/c/Program Files (x86)/Steam/steamapps/common/DayZServerDITrader/config/ExpansionMod/Loadouts/WestLoadout.json,PlateCarrierHolster,Items[1],
/mnt/c/Program Files (x86)/Steam/steamapps/common/DayZServerDITrader/config/ExpansionMod/Loadouts/WestLoadout.json,HighCapacityVest_Olive,Items[1],Vest
/mnt/c/Program Files (x86)/Steam/steamapps/common/DayZServerDITrader/config/ExpansionMod/Loadouts/WestLoadout.json,,Items[0],Headgear
/mnt/c/Program Files (x86)/Steam/steamapps/common/DayZServerDITrader/config/ExpansionMod/Loadouts/WestLoadout.json,BallisticHelmet_Black,Items[1],Headgear
/mnt/c/Program Files (x86)/Steam/steamapps/common/DayZServerDITrader/config/ExpansionMod/Loadouts/WestLoadout.json,BallisticHelmet_Green,Items[2],Headgear
/mnt/c/Program Files (x86)/Steam/steamapps/common/DayZServerDITrader/config/ExpansionMod/Loadouts/WestLoadout.json,Mich2001Helmet,Items[3],Headgear
/mnt/c/Program Files (x86)/Steam/steamapps/common/DayZServerDITrader/config/ExpansionMod/Loadouts/WestLoadout.json,NVGoggles,Items[0],Headgear
/mnt/c/Program Files (x86)/Steam/steamapps/common/DayZServerDITrader/config/ExpansionMod/Loadouts/WestLoadout.json,Battery9V,Items[0],
/mnt/c/Program Files (x86)/Steam/steamapps/common/DayZServerDITrader/config/ExpansionMod/Loadouts/WestLoadout.json,TacticalGloves_Beige,Items[0],Gloves
/mnt/c/Program Files (x86)/Steam/steamapps/common/DayZServerDITrader/config/ExpansionMod/Loadouts/WestLoadout.json,TacticalGloves_Black,Items[1],Gloves
/mnt/c/Program Files (x86)/Steam/steamapps/common/DayZServerDITrader/config/ExpansionMod/Loadouts/WestLoadout.json,TacticalGloves_Green,Items[2],Gloves
/mnt/c/Program Files (x86)/Steam/steamapps/common/DayZServerDITrader/config/ExpansionMod/Loadouts/WestLoadout.json,,Items[3],Gloves
/mnt/c/Program Files (x86)/Steam/steamapps/common/DayZServerDITrader/config/ExpansionMod/Loadouts/WestLoadout.json,MilitaryBelt,Items[0],Hips
/mnt/c/Program Files (x86)/Steam/steamapps/common/DayZServerDITrader/config/ExpansionMod/Loadouts/WestLoadout.json,Apple,InventoryCargo[0],none
/mnt/c/Program Files (x86)/Steam/steamapps/common/DayZServerDITrader/config/ExpansionMod/Loadouts/WestLoadout.json,BandageDressing,InventoryCargo[1],none
/mnt/c/Program Files (x86)/Steam/steamapps/common/DayZServerDITrader/config/ExpansionMod/Loadouts/WestLoadout.json,WEAPON,Sets[0],none
/mnt/c/Program Files (x86)/Steam/steamapps/common/DayZServerDITrader/config/ExpansionMod/Loadouts/WestLoadout.json,Scout,Items[0],Shoulder
/mnt/c/Program Files (x86)/Steam/steamapps/common/DayZServerDITrader/config/ExpansionMod/Loadouts/WestLoadout.json,Mag_Scout_5Rnd,Items[0],
/mnt/c/Program Files (x86)/Steam/steamapps/common/DayZServerDITrader/config/ExpansionMod/Loadouts/WestLoadout.json,ACOGOptic,Items[1],
/mnt/c/Program Files (x86)/Steam/steamapps/common/DayZServerDITrader/config/ExpansionMod/Loadouts/WestLoadout.json,ACOGOptic_6x,Items[2],
/mnt/c/Program Files (x86)/Steam/steamapps/common/DayZServerDITrader/config/ExpansionMod/Loadouts/WestLoadout.json,ReflexOptic,Items[3],
/mnt/c/Program Files (x86)/Steam/steamapps/common/DayZServerDITrader/config/ExpansionMod/Loadouts/WestLoadout.json,Battery9V,Items[0],
/mnt/c/Program Files (x86)/Steam/steamapps/common/DayZServerDITrader/config/ExpansionMod/Loadouts/WestLoadout.json,M68Optic,Items[4],
/mnt/c/Program Files (x86)/Steam/steamapps/common/DayZServerDITrader/config/ExpansionMod/Loadouts/WestLoadout.json,Battery9V,Items[0],
/mnt/c/Program Files (x86)/Steam/steamapps/common/DayZServerDITrader/config/ExpansionMod/Loadouts/WestLoadout.json,StarlightOptic,Items[5],
/mnt/c/Program Files (x86)/Steam/steamapps/common/DayZServerDITrader/config/ExpansionMod/Loadouts/WestLoadout.json,Battery9V,Items[0],
/mnt/c/Program Files (x86)/Steam/steamapps/common/DayZServerDITrader/config/ExpansionMod/Loadouts/WestLoadout.json,Mag_Scout_5Rnd,InventoryCargo[0],none
/mnt/c/Program Files (x86)/Steam/steamapps/common/DayZServerDITrader/config/ExpansionMod/Loadouts/WestLoadout.json,Mag_Scout_5Rnd,InventoryCargo[1],none
/mnt/c/Program Files (x86)/Steam/steamapps/common/DayZServerDITrader/config/ExpansionMod/Loadouts/WestLoadout.json,WEAPON,Sets[1],none
/mnt/c/Program Files (x86)/Steam/steamapps/common/DayZServerDITrader/config/ExpansionMod/Loadouts/WestLoadout.json,FAMAS,Items[0],Shoulder
/mnt/c/Program Files (x86)/Steam/steamapps/common/DayZServerDITrader/config/ExpansionMod/Loadouts/WestLoadout.json,Mag_FAMAS_25Rnd,Items[0],
/mnt/c/Program Files (x86)/Steam/steamapps/common/DayZServerDITrader/config/ExpansionMod/Loadouts/WestLoadout.json,Mag_FAMAS_25Rnd,InventoryCargo[0],none
/mnt/c/Program Files (x86)/Steam/steamapps/common/DayZServerDITrader/config/ExpansionMod/Loadouts/WestLoadout.json,Mag_FAMAS_25Rnd,InventoryCargo[1],none
/mnt/c/Program Files (x86)/Steam/steamapps/common/DayZServerDITrader/config/ExpansionMod/Loadouts/WestLoadout.json,WEAPON,Sets[2],none
/mnt/c/Program Files (x86)/Steam/steamapps/common/DayZServerDITrader/config/ExpansionMod/Loadouts/WestLoadout.json,M4A1,Items[0],Shoulder
/mnt/c/Program Files (x86)/Steam/steamapps/common/DayZServerDITrader/config/ExpansionMod/Loadouts/WestLoadout.json,Mag_STANAG_30Rnd,Items[0],
/mnt/c/Program Files (x86)/Steam/steamapps/common/DayZServerDITrader/config/ExpansionMod/Loadouts/WestLoadout.json,Mag_STANAG_60Rnd,Items[1],
/mnt/c/Program Files (x86)/Steam/steamapps/common/DayZServerDITrader/config/ExpansionMod/Loadouts/WestLoadout.json,Mag_CMAG_10Rnd,Items[2],
/mnt/c/Program Files (x86)/Steam/steamapps/common/DayZServerDITrader/config/ExpansionMod/Loadouts/WestLoadout.json,Mag_CMAG_20Rnd,Items[3],
/mnt/c/Program Files (x86)/Steam/steamapps/common/DayZServerDITrader/config/ExpansionMod/Loadouts/WestLoadout.json,Mag_CMAG_30Rnd,Items[4],
/mnt/c/Program Files (x86)/Steam/steamapps/common/DayZServerDITrader/config/ExpansionMod/Loadouts/WestLoadout.json,Mag_CMAG_40Rnd,Items[5],
/mnt/c/Program Files (x86)/Steam/steamapps/common/DayZServerDITrader/config/ExpansionMod/Loadouts/WestLoadout.json,M4_CQBBttstck,Items[6],
/mnt/c/Program Files (x86)/Steam/steamapps/common/DayZServerDITrader/config/ExpansionMod/Loadouts/WestLoadout.json,M4_MPBttstck,Items[7],
/mnt/c/Program Files (x86)/Steam/steamapps/common/DayZServerDITrader/config/ExpansionMod/Loadouts/WestLoadout.json,M4_OEBttstck,Items[8],
/mnt/c/Program Files (x86)/Steam/steamapps/common/DayZServerDITrader/config/ExpansionMod/Loadouts/WestLoadout.json,M4_MPHndgrd,Items[9],
/mnt/c/Program Files (x86)/Steam/steamapps/common/DayZServerDITrader/config/ExpansionMod/Loadouts/WestLoadout.json,M4_PlasticHndgrd,Items[10],
/mnt/c/Program Files (x86)/Steam/steamapps/common/DayZServerDITrader/config/ExpansionMod/Loadouts/WestLoadout.json,M4_RISHndgrd,Items[11],
/mnt/c/Program Files (x86)/Steam/steamapps/common/DayZServerDITrader/config/ExpansionMod/Loadouts/WestLoadout.json,ACOGOptic,Items[12],
/mnt/c/Program Files (x86)/Steam/steamapps/common/DayZServerDITrader/config/ExpansionMod/Loadouts/WestLoadout.json,ACOGOptic_6x,Items[13],
/mnt/c/Program Files (x86)/Steam/steamapps/common/DayZServerDITrader/config/ExpansionMod/Loadouts/WestLoadout.json,ReflexOptic,Items[14],
/mnt/c/Program Files (x86)/Steam/steamapps/common/DayZServerDITrader/config/ExpansionMod/Loadouts/WestLoadout.json,Battery9V,Items[0],
/mnt/c/Program Files (x86)/Steam/steamapps/common/DayZServerDITrader/config/ExpansionMod/Loadouts/WestLoadout.json,M68Optic,Items[15],
/mnt/c/Program Files (x86)/Steam/steamapps/common/DayZServerDITrader/config/ExpansionMod/Loadouts/WestLoadout.json,Battery9V,Items[0],
/mnt/c/Program Files (x86)/Steam/steamapps/common/DayZServerDITrader/config/ExpansionMod/Loadouts/WestLoadout.json,M4_T3NRDSOptic,Items[16],
/mnt/c/Program Files (x86)/Steam/steamapps/common/DayZServerDITrader/config/ExpansionMod/Loadouts/WestLoadout.json,Battery9V,Items[0],
/mnt/c/Program Files (x86)/Steam/steamapps/common/DayZServerDITrader/config/ExpansionMod/Loadouts/WestLoadout.json,StarlightOptic,Items[17],
/mnt/c/Program Files (x86)/Steam/steamapps/common/DayZServerDITrader/config/ExpansionMod/Loadouts/WestLoadout.json,Battery9V,Items[0],
/mnt/c/Program Files (x86)/Steam/steamapps/common/DayZServerDITrader/config/ExpansionMod/Loadouts/WestLoadout.json,M4_CarryHandleOptic,Items[18],
/mnt/c/Program Files (x86)/Steam/steamapps/common/DayZServerDITrader/config/ExpansionMod/Loadouts/WestLoadout.json,Mag_STANAG_30Rnd,InventoryCargo[0],none
/mnt/c/Program Files (x86)/Steam/steamapps/common/DayZServerDITrader/config/ExpansionMod/Loadouts/WestLoadout.json,Mag_STANAG_30Rnd,InventoryCargo[1],none
/mnt/c/Program Files (x86)/Steam/steamapps/common/DayZServerDITrader/config/ExpansionMod/Loadouts/WestLoadout.json,WEAPON,Sets[3],none
/mnt/c/Program Files (x86)/Steam/steamapps/common/DayZServerDITrader/config/ExpansionMod/Loadouts/WestLoadout.json,Aug,Items[0],Shoulder
/mnt/c/Program Files (x86)/Steam/steamapps/common/DayZServerDITrader/config/ExpansionMod/Loadouts/WestLoadout.json,Mag_Aug_30Rnd,Items[0],
/mnt/c/Program Files (x86)/Steam/steamapps/common/DayZServerDITrader/config/ExpansionMod/Loadouts/WestLoadout.json,Mag_Aug_30Rnd,InventoryCargo[0],none
/mnt/c/Program Files (x86)/Steam/steamapps/common/DayZServerDITrader/config/ExpansionMod/Loadouts/WestLoadout.json,Mag_Aug_30Rnd,InventoryCargo[1],none
/mnt/c/Program Files (x86)/Steam/steamapps/common/DayZServerDITrader/config/ExpansionMod/Loadouts/WestLoadout.json,WEAPON,Sets[4],none
/mnt/c/Program Files (x86)/Steam/steamapps/common/DayZServerDITrader/config/ExpansionMod/Loadouts/WestLoadout.json,AugShort,Items[0],Shoulder
/mnt/c/Program Files (x86)/Steam/steamapps/common/DayZServerDITrader/config/ExpansionMod/Loadouts/WestLoadout.json,Mag_Aug_30Rnd,Items[0],
/mnt/c/Program Files (x86)/Steam/steamapps/common/DayZServerDITrader/config/ExpansionMod/Loadouts/WestLoadout.json,ACOGOptic,Items[1],
/mnt/c/Program Files (x86)/Steam/steamapps/common/DayZServerDITrader/config/ExpansionMod/Loadouts/WestLoadout.json,ACOGOptic_6x,Items[2],
/mnt/c/Program Files (x86)/Steam/steamapps/common/DayZServerDITrader/config/ExpansionMod/Loadouts/WestLoadout.json,ReflexOptic,Items[3],
/mnt/c/Program Files (x86)/Steam/steamapps/common/DayZServerDITrader/config/ExpansionMod/Loadouts/WestLoadout.json,Battery9V,Items[0],
/mnt/c/Program Files (x86)/Steam/steamapps/common/DayZServerDITrader/config/ExpansionMod/Loadouts/WestLoadout.json,M68Optic,Items[4],
/mnt/c/Program Files (x86)/Steam/steamapps/common/DayZServerDITrader/config/ExpansionMod/Loadouts/WestLoadout.json,Battery9V,Items[0],
/mnt/c/Program Files (x86)/Steam/steamapps/common/DayZServerDITrader/config/ExpansionMod/Loadouts/WestLoadout.json,M4_T3NRDSOptic,Items[5],
/mnt/c/Program Files (x86)/Steam/steamapps/common/DayZServerDITrader/config/ExpansionMod/Loadouts/WestLoadout.json,Battery9V,Items[0],
/mnt/c/Program Files (x86)/Steam/steamapps/common/DayZServerDITrader/config/ExpansionMod/Loadouts/WestLoadout.json,StarlightOptic,Items[6],
/mnt/c/Program Files (x86)/Steam/steamapps/common/DayZServerDITrader/config/ExpansionMod/Loadouts/WestLoadout.json,Battery9V,Items[0],
/mnt/c/Program Files (x86)/Steam/steamapps/common/DayZServerDITrader/config/ExpansionMod/Loadouts/WestLoadout.json,Mag_Aug_30Rnd,InventoryCargo[0],none
/mnt/c/Program Files (x86)/Steam/steamapps/common/DayZServerDITrader/config/ExpansionMod/Loadouts/WestLoadout.json,Mag_Aug_30Rnd,InventoryCargo[1],none
/mnt/c/Program Files (x86)/Steam/steamapps/common/DayZServerDITrader/config/ExpansionMod/Loadouts/WestLoadout.json,WEAPON,Sets[5],none
/mnt/c/Program Files (x86)/Steam/steamapps/common/DayZServerDITrader/config/ExpansionMod/Loadouts/WestLoadout.json,M16A2,Items[0],Shoulder
/mnt/c/Program Files (x86)/Steam/steamapps/common/DayZServerDITrader/config/ExpansionMod/Loadouts/WestLoadout.json,Mag_STANAG_60Rnd,Items[0],
/mnt/c/Program Files (x86)/Steam/steamapps/common/DayZServerDITrader/config/ExpansionMod/Loadouts/WestLoadout.json,Mag_STANAG_30Rnd,Items[1],
/mnt/c/Program Files (x86)/Steam/steamapps/common/DayZServerDITrader/config/ExpansionMod/Loadouts/WestLoadout.json,Mag_STANAG_30Rnd,InventoryCargo[0],none
/mnt/c/Program Files (x86)/Steam/steamapps/common/DayZServerDITrader/config/ExpansionMod/Loadouts/WestLoadout.json,Mag_STANAG_30Rnd,InventoryCargo[1],none
/mnt/c/Program Files (x86)/Steam/steamapps/common/DayZServerDITrader/config/ExpansionMod/Loadouts/YeetBrigadeLoadout.json,,,none
/mnt/c/Program Files (x86)/Steam/steamapps/common/DayZServerDITrader/config/ExpansionMod/Loadouts/YeetBrigadeLoadout.json,PoliceJacket,Items[0],Body
/mnt/c/Program Files (x86)/Steam/steamapps/common/DayZServerDITrader/config/ExpansionMod/Loadouts/YeetBrigadeLoadout.json,Ammo_762x54,InventoryCargo[0],Body
/mnt/c/Program Files (x86)/Steam/steamapps/common/DayZServerDITrader/config/ExpansionMod/Loadouts/YeetBrigadeLoadout.json,Ammo_762x39,InventoryCargo[1],Body
/mnt/c/Program Files (x86)/Steam/steamapps/common/DayZServerDITrader/config/ExpansionMod/Loadouts/YeetBrigadeLoadout.json,Ammo_556x45,InventoryCargo[2],Body
/mnt/c/Program Files (x86)/Steam/steamapps/common/DayZServerDITrader/config/ExpansionMod/Loadouts/YeetBrigadeLoadout.json,Ammo_9x19,InventoryCargo[3],Body
/mnt/c/Program Files (x86)/Steam/steamapps/common/DayZServerDITrader/config/ExpansionMod/Loadouts/YeetBrigadeLoadout.json,Ammo_45ACP,InventoryCargo[4],Body
/mnt/c/Program Files (x86)/Steam/steamapps/common/DayZServerDITrader/config/ExpansionMod/Loadouts/YeetBrigadeLoadout.json,Ammo_308Win,InventoryCargo[5],Body
/mnt/c/Program Files (x86)/Steam/steamapps/common/DayZServerDITrader/config/ExpansionMod/Loadouts/YeetBrigadeLoadout.json,Ammo_12gaPellets,InventoryCargo[6],Body
/mnt/c/Program Files (x86)/Steam/steamapps/common/DayZServerDITrader/config/ExpansionMod/Loadouts/YeetBrigadeLoadout.json,Ammo_12gaSlug,InventoryCargo[7],Body
/mnt/c/Program Files (x86)/Steam/steamapps/common/DayZServerDITrader/config/ExpansionMod/Loadouts/YeetBrigadeLoadout.json,Ammo_Expansion_338,InventoryCargo[8],Body
/mnt/c/Program Files (x86)/Steam/steamapps/common/DayZServerDITrader/config/ExpansionMod/Loadouts/YeetBrigadeLoadout.json,whetstone,InventoryCargo[9],Body
/mnt/c/Program Files (x86)/Steam/steamapps/common/DayZServerDITrader/config/ExpansionMod/Loadouts/YeetBrigadeLoadout.json,PolicePants,Items[0],Legs
/mnt/c/Program Files (x86)/Steam/steamapps/common/DayZServerDITrader/config/ExpansionMod/Loadouts/YeetBrigadeLoadout.json,CombatBoots_Black,Items[0],Feet
/mnt/c/Program Files (x86)/Steam/steamapps/common/DayZServerDITrader/config/ExpansionMod/Loadouts/YeetBrigadeLoadout.json,CombatBoots_Grey,Items[1],Feet
/mnt/c/Program Files (x86)/Steam/steamapps/common/DayZServerDITrader/config/ExpansionMod/Loadouts/YeetBrigadeLoadout.json,Expansion_PlateCarrierVest_Yeet,Items[0],Vest
/mnt/c/Program Files (x86)/Steam/steamapps/common/DayZServerDITrader/config/ExpansionMod/Loadouts/YeetBrigadeLoadout.json,Expansion_PressVest_Blue_Yeet,Items[1],Vest
/mnt/c/Program Files (x86)/Steam/steamapps/common/DayZServerDITrader/config/ExpansionMod/Loadouts/YeetBrigadeLoadout.json,Expansion_GorkaHelmet_Yeet,Items[0],Headgear
/mnt/c/Program Files (x86)/Steam/steamapps/common/DayZServerDITrader/config/ExpansionMod/Loadouts/YeetBrigadeLoadout.json,GorkaHelmetVisor,Items[0],Glass
/mnt/c/Program Files (x86)/Steam/steamapps/common/DayZServerDITrader/config/ExpansionMod/Loadouts/YeetBrigadeLoadout.json,TacticalGloves_Black,Items[0],Gloves
/mnt/c/Program Files (x86)/Steam/steamapps/common/DayZServerDITrader/config/ExpansionMod/Loadouts/YeetBrigadeLoadout.json,OMNOGloves_Gray,Items[1],Gloves
/mnt/c/Program Files (x86)/Steam/steamapps/common/DayZServerDITrader/config/ExpansionMod/Loadouts/YeetBrigadeLoadout.json,Apple,InventoryCargo[0],none
/mnt/c/Program Files (x86)/Steam/steamapps/common/DayZServerDITrader/config/ExpansionMod/Loadouts/YeetBrigadeLoadout.json,BandageDressing,InventoryCargo[1],none
/mnt/c/Program Files (x86)/Steam/steamapps/common/DayZServerDITrader/config/ExpansionMod/Loadouts/YeetBrigadeLoadout.json,BandageDressing,InventoryCargo[2],none
/mnt/c/Program Files (x86)/Steam/steamapps/common/DayZServerDITrader/config/ExpansionMod/Loadouts/YellowKingLoadout.json,,,none
/mnt/c/Program Files (x86)/Steam/steamapps/common/DayZServerDITrader/config/ExpansionMod/Loadouts/YellowKingLoadout.json,DarkMotoHelmet_YellowScarred,Items[0],Headgear
/mnt/c/Program Files (x86)/Steam/steamapps/common/DayZServerDITrader/config/ExpansionMod/Loadouts/YellowKingLoadout.json,BalaclavaMask_Black,Items[0],Mask
/mnt/c/Program Files (x86)/Steam/steamapps/common/DayZServerDITrader/config/ExpansionMod/Loadouts/YellowKingLoadout.json,TacticalShirt_Black,Items[0],Body
/mnt/c/Program Files (x86)/Steam/steamapps/common/DayZServerDITrader/config/ExpansionMod/Loadouts/YellowKingLoadout.json,Ammo_762x54,InventoryCargo[0],Body
/mnt/c/Program Files (x86)/Steam/steamapps/common/DayZServerDITrader/config/ExpansionMod/Loadouts/YellowKingLoadout.json,Ammo_762x39,InventoryCargo[1],Body
/mnt/c/Program Files (x86)/Steam/steamapps/common/DayZServerDITrader/config/ExpansionMod/Loadouts/YellowKingLoadout.json,Ammo_556x45,InventoryCargo[2],Body
/mnt/c/Program Files (x86)/Steam/steamapps/common/DayZServerDITrader/config/ExpansionMod/Loadouts/YellowKingLoadout.json,Ammo_9x19,InventoryCargo[3],Body
/mnt/c/Program Files (x86)/Steam/steamapps/common/DayZServerDITrader/config/ExpansionMod/Loadouts/YellowKingLoadout.json,Ammo_45ACP,InventoryCargo[4],Body
/mnt/c/Program Files (x86)/Steam/steamapps/common/DayZServerDITrader/config/ExpansionMod/Loadouts/YellowKingLoadout.json,Ammo_308Win,InventoryCargo[5],Body
/mnt/c/Program Files (x86)/Steam/steamapps/common/DayZServerDITrader/config/ExpansionMod/Loadouts/YellowKingLoadout.json,Ammo_12gaPellets,InventoryCargo[6],Body
/mnt/c/Program Files (x86)/Steam/steamapps/common/DayZServerDITrader/config/ExpansionMod/Loadouts/YellowKingLoadout.json,Ammo_12gaSlug,InventoryCargo[7],Body
/mnt/c/Program Files (x86)/Steam/steamapps/common/DayZServerDITrader/config/ExpansionMod/Loadouts/YellowKingLoadout.json,Ammo_Expansion_338,InventoryCargo[8],Body
/mnt/c/Program Files (x86)/Steam/steamapps/common/DayZServerDITrader/config/ExpansionMod/Loadouts/YellowKingLoadout.json,whetstone,InventoryCargo[9],Body
/mnt/c/Program Files (x86)/Steam/steamapps/common/DayZServerDITrader/config/ExpansionMod/Loadouts/YellowKingLoadout.json,PlateCarrierVest_Black,Items[0],Vest
/mnt/c/Program Files (x86)/Steam/steamapps/common/DayZServerDITrader/config/ExpansionMod/Loadouts/YellowKingLoadout.json,PlateCarrierHolster_Black,Items[0],
/mnt/c/Program Files (x86)/Steam/steamapps/common/DayZServerDITrader/config/ExpansionMod/Loadouts/YellowKingLoadout.json,PlateCarrierPouches_Black,Items[1],
/mnt/c/Program Files (x86)/Steam/steamapps/common/DayZServerDITrader/config/ExpansionMod/Loadouts/YellowKingLoadout.json,WorkingGloves_Black,Items[0],Gloves
/mnt/c/Program Files (x86)/Steam/steamapps/common/DayZServerDITrader/config/ExpansionMod/Loadouts/YellowKingLoadout.json,CargoPants_Black,Items[0],Legs
/mnt/c/Program Files (x86)/Steam/steamapps/common/DayZServerDITrader/config/ExpansionMod/Loadouts/YellowKingLoadout.json,JungleBoots_Brown,Items[0],Feet
